"pagina","H1"
"https://pickupr.com/airport-chauffeur-netherlands","Airport Chauffeur Netherlands"
"https://pickupr.com/airport-taxi-netherlands","Airport Taxi Netherlands"
"https://pickupr.com/airport-transfer-netherlands","Airport transfer Netherlands"
"https://pickupr.com/airport-transfer-to-amsterdam","Airport transfer to Amsterdam"
"https://pickupr.com/airport-transfer-to-eindhoven","Airport transfer to Eindhoven"
"https://pickupr.com/airport-transfer-to-rotterdam","Airport transfer to Rotterdam"
"https://pickupr.com/airport-transfer-to-the-hague","Airport transfer to The Hague"
"https://pickupr.com/airport-transfer-to-utrecht","Airport transfer to Utrecht"
"https://pickupr.com/amsterdam-airport-taxi","Amsterdam Airport Taxi"
"https://pickupr.com/amsterdam-airport-taxi-service","Amsterdam Airport Taxi Service"
"https://pickupr.com/amsterdam-airport-to-aachen-taxi","Amsterdam Airport to Aachen Taxi"
"https://pickupr.com/amsterdam-airport-to-aalen-taxi","Amsterdam Airport to Aalen Taxi"
"https://pickupr.com/amsterdam-airport-to-aalst-taxi","Amsterdam Airport to Aalst Taxi"
"https://pickupr.com/amsterdam-airport-to-aarschot-taxi","Amsterdam Airport to Aarschot Taxi"
"https://pickupr.com/amsterdam-airport-to-agen-taxi","Amsterdam Airport to Agen Taxi"
"https://pickupr.com/amsterdam-airport-to-aix-en-provence-taxi","Amsterdam Airport to Aix-en-Provence Taxi"
"https://pickupr.com/amsterdam-airport-to-ajaccio-taxi","Amsterdam Airport to Ajaccio Taxi"
"https://pickupr.com/amsterdam-airport-to-albi-taxi","Amsterdam Airport to Albi Taxi"
"https://pickupr.com/amsterdam-airport-to-amiens-taxi","Amsterdam Airport to Amiens Taxi"
"https://pickupr.com/amsterdam-airport-to-andenne-taxi","Amsterdam Airport to Andenne Taxi"
"https://pickupr.com/amsterdam-airport-to-angers-taxi","Amsterdam Airport to Angers Taxi"
"https://pickupr.com/amsterdam-airport-to-annecy-taxi","Amsterdam Airport to Annecy Taxi"
"https://pickupr.com/amsterdam-airport-to-antibes-taxi","Amsterdam Airport to Antibes Taxi"
"https://pickupr.com/amsterdam-airport-to-antwerp-taxi","Amsterdam Airport to Antwerp Taxi"
"https://pickupr.com/amsterdam-airport-to-argenteuil-taxi","Amsterdam Airport to Argenteuil Taxi"
"https://pickupr.com/amsterdam-airport-to-arles-taxi","Amsterdam Airport to Arles Taxi"
"https://pickupr.com/amsterdam-airport-to-arlon-taxi","Amsterdam Airport to Arlon Taxi"
"https://pickupr.com/amsterdam-airport-to-audenarde-taxi","Amsterdam Airport to Audenarde Taxi"
"https://pickupr.com/amsterdam-airport-to-augsburg-taxi","Amsterdam Airport to Augsburg Taxi"
"https://pickupr.com/amsterdam-airport-to-avignon-taxi","Amsterdam Airport to Avignon Taxi"
"https://pickupr.com/amsterdam-airport-to-bamberg-taxi","Amsterdam Airport to Bamberg Taxi"
"https://pickupr.com/amsterdam-airport-to-bastia-taxi","Amsterdam Airport to Bastia Taxi"
"https://pickupr.com/amsterdam-airport-to-bastogne-taxi","Amsterdam Airport to Bastogne Taxi"
"https://pickupr.com/amsterdam-airport-to-bayonne-taxi","Amsterdam Airport to Bayonne Taxi"
"https://pickupr.com/amsterdam-airport-to-bayreuth-taxi","Amsterdam Airport to Bayreuth Taxi"
"https://pickupr.com/amsterdam-airport-to-beringen-taxi","Amsterdam Airport to Beringen Taxi"
"https://pickupr.com/amsterdam-airport-to-berlin-taxi","Amsterdam Airport to Berlin Taxi"
"https://pickupr.com/amsterdam-airport-to-besancon-taxi","Amsterdam Airport to Besancon Taxi"
"https://pickupr.com/amsterdam-airport-to-beziers-taxi","Amsterdam Airport to Beziers Taxi"
"https://pickupr.com/amsterdam-airport-to-biarritz-taxi","Amsterdam Airport to Biarritz Taxi"
"https://pickupr.com/amsterdam-airport-to-bielefeld-taxi","Amsterdam Airport to Bielefeld Taxi"
"https://pickupr.com/amsterdam-airport-to-bilzen-taxi","Amsterdam Airport to Bilzen Taxi"
"https://pickupr.com/amsterdam-airport-to-binche-taxi","Amsterdam Airport to Binche Taxi"
"https://pickupr.com/amsterdam-airport-to-blankenberge-taxi","Amsterdam Airport to Blankenberge Taxi"
"https://pickupr.com/amsterdam-airport-to-blois-taxi","Amsterdam Airport to Blois Taxi"
"https://pickupr.com/amsterdam-airport-to-bochum-taxi","Amsterdam Airport to Bochum Taxi"
"https://pickupr.com/amsterdam-airport-to-bonn-taxi","Amsterdam Airport to Bonn Taxi"
"https://pickupr.com/amsterdam-airport-to-boom-taxi","Amsterdam Airport to Boom Taxi"
"https://pickupr.com/amsterdam-airport-to-bordeaux-taxi","Amsterdam Airport to Bordeaux Taxi"
"https://pickupr.com/amsterdam-airport-to-bottrop-taxi","Amsterdam Airport to Bottrop Taxi"
"https://pickupr.com/amsterdam-airport-to-bouillon-taxi","Amsterdam Airport to Bouillon Taxi"
"https://pickupr.com/amsterdam-airport-to-boulogne-billancourt-taxi","Amsterdam Airport to Boulogne-Billancourt Taxi"
"https://pickupr.com/amsterdam-airport-to-bourg-en-bresse-taxi","Amsterdam Airport to Bourg-en-Bresse Taxi"
"https://pickupr.com/amsterdam-airport-to-brasschaat-taxi","Amsterdam Airport to Brasschaat Taxi"
"https://pickupr.com/amsterdam-airport-to-braunschweig-taxi","Amsterdam Airport to Braunschweig Taxi"
"https://pickupr.com/amsterdam-airport-to-bremen-taxi","Amsterdam Airport to Bremen Taxi"
"https://pickupr.com/amsterdam-airport-to-bremerhaven-taxi","Amsterdam Airport to Bremerhaven Taxi"
"https://pickupr.com/amsterdam-airport-to-brest-taxi","Amsterdam Airport to Brest Taxi"
"https://pickupr.com/amsterdam-airport-to-brive-la-gaillarde-taxi","Amsterdam Airport to Brive-la-Gaillarde Taxi"
"https://pickupr.com/amsterdam-airport-to-bruges-taxi","Amsterdam Airport to Bruges Taxi"
"https://pickupr.com/amsterdam-airport-to-brussels-taxi","Amsterdam Airport to Brussels Taxi"
"https://pickupr.com/amsterdam-airport-to-caen-taxi","Amsterdam Airport to Caen Taxi"
"https://pickupr.com/amsterdam-airport-to-calais-taxi","Amsterdam Airport to Calais Taxi"
"https://pickupr.com/amsterdam-airport-to-cannes-taxi","Amsterdam Airport to Cannes Taxi"
"https://pickupr.com/amsterdam-airport-to-carcassonne-taxi","Amsterdam Airport to Carcassonne Taxi"
"https://pickupr.com/amsterdam-airport-to-chalon-sur-saone-taxi","Amsterdam Airport to Chalon-sur-Saone Taxi"
"https://pickupr.com/amsterdam-airport-to-chambery-taxi","Amsterdam Airport to Chambery Taxi"
"https://pickupr.com/amsterdam-airport-to-charleroi-taxi","Amsterdam Airport to Charleroi Taxi"
"https://pickupr.com/amsterdam-airport-to-chartres-taxi","Amsterdam Airport to Chartres Taxi"
"https://pickupr.com/amsterdam-airport-to-chemnitz-taxi","Amsterdam Airport to Chemnitz Taxi"
"https://pickupr.com/amsterdam-airport-to-cherbourg-taxi","Amsterdam Airport to Cherbourg Taxi"
"https://pickupr.com/amsterdam-airport-to-cholet-taxi","Amsterdam Airport to Cholet Taxi"
"https://pickupr.com/amsterdam-airport-to-clermont-ferrand-taxi","Amsterdam Airport to Clermont-Ferrand Taxi"
"https://pickupr.com/amsterdam-airport-to-colmar-taxi","Amsterdam Airport to Colmar Taxi"
"https://pickupr.com/amsterdam-airport-to-cologne-taxi","Amsterdam Airport to Cologne Taxi"
"https://pickupr.com/amsterdam-airport-to-cottbus-taxi","Amsterdam Airport to Cottbus Taxi"
"https://pickupr.com/amsterdam-airport-to-darmstadt-taxi","Amsterdam Airport to Darmstadt Taxi"
"https://pickupr.com/amsterdam-airport-to-deinze-taxi","Amsterdam Airport to Deinze Taxi"
"https://pickupr.com/amsterdam-airport-to-dendermonde-taxi","Amsterdam Airport to Dendermonde Taxi"
"https://pickupr.com/amsterdam-airport-to-diest-taxi","Amsterdam Airport to Diest Taxi"
"https://pickupr.com/amsterdam-airport-to-dijon-taxi","Amsterdam Airport to Dijon Taxi"
"https://pickupr.com/amsterdam-airport-to-dinant-taxi","Amsterdam Airport to Dinant Taxi"
"https://pickupr.com/amsterdam-airport-to-dortmund-taxi","Amsterdam Airport to Dortmund Taxi"
"https://pickupr.com/amsterdam-airport-to-dresden-taxi","Amsterdam Airport to Dresden Taxi"
"https://pickupr.com/amsterdam-airport-to-duisburg-taxi","Amsterdam Airport to Duisburg Taxi"
"https://pickupr.com/amsterdam-airport-to-dunkerque-taxi","Amsterdam Airport to Dunkerque Taxi"
"https://pickupr.com/amsterdam-airport-to-durbuy-taxi","Amsterdam Airport to Durbuy Taxi"
"https://pickupr.com/amsterdam-airport-to-dusseldorf-taxi","Amsterdam Airport to Dusseldorf Taxi"
"https://pickupr.com/amsterdam-airport-to-eeklo-taxi","Amsterdam Airport to Eeklo Taxi"
"https://pickupr.com/amsterdam-airport-to-emden-taxi","Amsterdam Airport to Emden Taxi"
"https://pickupr.com/amsterdam-airport-to-epinal-taxi","Amsterdam Airport to Epinal Taxi"
"https://pickupr.com/amsterdam-airport-to-erfurt-taxi","Amsterdam Airport to Erfurt Taxi"
"https://pickupr.com/amsterdam-airport-to-erlangen-taxi","Amsterdam Airport to Erlangen Taxi"
"https://pickupr.com/amsterdam-airport-to-essen-taxi","Amsterdam Airport to Essen Taxi"
"https://pickupr.com/amsterdam-airport-to-eupen-taxi","Amsterdam Airport to Eupen Taxi"
"https://pickupr.com/amsterdam-airport-to-flensburg-taxi","Amsterdam Airport to Flensburg Taxi"
"https://pickupr.com/amsterdam-airport-to-frankfurt-taxi","Amsterdam Airport to Frankfurt Taxi"
"https://pickupr.com/amsterdam-airport-to-freiburg-taxi","Amsterdam Airport to Freiburg Taxi"
"https://pickupr.com/amsterdam-airport-to-frejus-taxi","Amsterdam Airport to Frejus Taxi"
"https://pickupr.com/amsterdam-airport-to-fulda-taxi","Amsterdam Airport to Fulda Taxi"
"https://pickupr.com/amsterdam-airport-to-furth-taxi","Amsterdam Airport to Furth Taxi"
"https://pickupr.com/amsterdam-airport-to-gap-taxi","Amsterdam Airport to Gap Taxi"
"https://pickupr.com/amsterdam-airport-to-geel-taxi","Amsterdam Airport to Geel Taxi"
"https://pickupr.com/amsterdam-airport-to-gelsenkirchen-taxi","Amsterdam Airport to Gelsenkirchen Taxi"
"https://pickupr.com/amsterdam-airport-to-genk-taxi","Amsterdam Airport to Genk Taxi"
"https://pickupr.com/amsterdam-airport-to-geraardsbergen-taxi","Amsterdam Airport to Geraardsbergen Taxi"
"https://pickupr.com/amsterdam-airport-to-ghent-taxi","Amsterdam Airport to Ghent Taxi"
"https://pickupr.com/amsterdam-airport-to-giessen-taxi","Amsterdam Airport to Giessen Taxi"
"https://pickupr.com/amsterdam-airport-to-gottingen-taxi","Amsterdam Airport to Gottingen Taxi"
"https://pickupr.com/amsterdam-airport-to-grasse-taxi","Amsterdam Airport to Grasse Taxi"
"https://pickupr.com/amsterdam-airport-to-grenoble-taxi","Amsterdam Airport to Grenoble Taxi"
"https://pickupr.com/amsterdam-airport-to-hagen-taxi","Amsterdam Airport to Hagen Taxi"
"https://pickupr.com/amsterdam-airport-to-halle-taxi","Amsterdam Airport to Halle Taxi"
"https://pickupr.com/amsterdam-airport-to-hamburg-taxi","Amsterdam Airport to Hamburg Taxi"
"https://pickupr.com/amsterdam-airport-to-hamm-taxi","Amsterdam Airport to Hamm Taxi"
"https://pickupr.com/amsterdam-airport-to-hanover-taxi","Amsterdam Airport to Hanover Taxi"
"https://pickupr.com/amsterdam-airport-to-hasselt-taxi","Amsterdam Airport to Hasselt Taxi"
"https://pickupr.com/amsterdam-airport-to-heidelberg-taxi","Amsterdam Airport to Heidelberg Taxi"
"https://pickupr.com/amsterdam-airport-to-heilbronn-taxi","Amsterdam Airport to Heilbronn Taxi"
"https://pickupr.com/amsterdam-airport-to-heist-op-den-berg-taxi","Amsterdam Airport to Heist-op-den-Berg Taxi"
"https://pickupr.com/amsterdam-airport-to-herentals-taxi","Amsterdam Airport to Herentals Taxi"
"https://pickupr.com/amsterdam-airport-to-herne-taxi","Amsterdam Airport to Herne Taxi"
"https://pickupr.com/amsterdam-airport-to-hildesheim-taxi","Amsterdam Airport to Hildesheim Taxi"
"https://pickupr.com/amsterdam-airport-to-huy-taxi","Amsterdam Airport to Huy Taxi"
"https://pickupr.com/amsterdam-airport-to-ingolstadt-taxi","Amsterdam Airport to Ingolstadt Taxi"
"https://pickupr.com/amsterdam-airport-to-istres-taxi","Amsterdam Airport to Istres Taxi"
"https://pickupr.com/amsterdam-airport-to-izegem-taxi","Amsterdam Airport to Izegem Taxi"
"https://pickupr.com/amsterdam-airport-to-jena-taxi","Amsterdam Airport to Jena Taxi"
"https://pickupr.com/amsterdam-airport-to-jette-taxi","Amsterdam Airport to Jette Taxi"
"https://pickupr.com/amsterdam-airport-to-kaiserslautern-taxi","Amsterdam Airport to Kaiserslautern Taxi"
"https://pickupr.com/amsterdam-airport-to-karlsruhe-taxi","Amsterdam Airport to Karlsruhe Taxi"
"https://pickupr.com/amsterdam-airport-to-kassel-taxi","Amsterdam Airport to Kassel Taxi"
"https://pickupr.com/amsterdam-airport-to-kiel-taxi","Amsterdam Airport to Kiel Taxi"
"https://pickupr.com/amsterdam-airport-to-knokke-taxi","Amsterdam Airport to Knokke Taxi"
"https://pickupr.com/amsterdam-airport-to-koblenz-taxi","Amsterdam Airport to Koblenz Taxi"
"https://pickupr.com/amsterdam-airport-to-konstanz-taxi","Amsterdam Airport to Konstanz Taxi"
"https://pickupr.com/amsterdam-airport-to-kortrijk-taxi","Amsterdam Airport to Kortrijk Taxi"
"https://pickupr.com/amsterdam-airport-to-krefeld-taxi","Amsterdam Airport to Krefeld Taxi"
"https://pickupr.com/amsterdam-airport-to-la-louviere-taxi","Amsterdam Airport to La Louviere Taxi"
"https://pickupr.com/amsterdam-airport-to-landshut-taxi","Amsterdam Airport to Landshut Taxi"
"https://pickupr.com/amsterdam-airport-to-laon-taxi","Amsterdam Airport to Laon Taxi"
"https://pickupr.com/amsterdam-airport-to-la-rochelle-taxi","Amsterdam Airport to La Rochelle Taxi"
"https://pickupr.com/amsterdam-airport-to-le-havre-taxi","Amsterdam Airport to Le Havre Taxi"
"https://pickupr.com/amsterdam-airport-to-leipzig-taxi","Amsterdam Airport to Leipzig Taxi"
"https://pickupr.com/amsterdam-airport-to-le-mans-taxi","Amsterdam Airport to Le Mans Taxi"
"https://pickupr.com/amsterdam-airport-to-leuven-taxi","Amsterdam Airport to Leuven Taxi"
"https://pickupr.com/amsterdam-airport-to-leverkusen-taxi","Amsterdam Airport to Leverkusen Taxi"
"https://pickupr.com/amsterdam-airport-to-liege-taxi","Amsterdam Airport to Liege Taxi"
"https://pickupr.com/amsterdam-airport-to-lier-taxi","Amsterdam Airport to Lier Taxi"
"https://pickupr.com/amsterdam-airport-to-lille-taxi","Amsterdam Airport to Lille Taxi"
"https://pickupr.com/amsterdam-airport-to-limoges-taxi","Amsterdam Airport to Limoges Taxi"
"https://pickupr.com/amsterdam-airport-to-lokeren-taxi","Amsterdam Airport to Lokeren Taxi"
"https://pickupr.com/amsterdam-airport-to-lommel-taxi","Amsterdam Airport to Lommel Taxi"
"https://pickupr.com/amsterdam-airport-to-lorient-taxi","Amsterdam Airport to Lorient Taxi"
"https://pickupr.com/amsterdam-airport-to-louvain-la-neuve-taxi","Amsterdam Airport to Louvain-la-Neuve Taxi"
"https://pickupr.com/amsterdam-airport-to-lubeck-taxi","Amsterdam Airport to Lubeck Taxi"
"https://pickupr.com/amsterdam-airport-to-ludwigshafen-taxi","Amsterdam Airport to Ludwigshafen Taxi"
"https://pickupr.com/amsterdam-airport-to-luneburg-taxi","Amsterdam Airport to Luneburg Taxi"
"https://pickupr.com/amsterdam-airport-to-lyon-taxi","Amsterdam Airport to Lyon Taxi"
"https://pickupr.com/amsterdam-airport-to-maaseik-taxi","Amsterdam Airport to Maaseik Taxi"
"https://pickupr.com/amsterdam-airport-to-macon-taxi","Amsterdam Airport to Macon Taxi"
"https://pickupr.com/amsterdam-airport-to-magdeburg-taxi","Amsterdam Airport to Magdeburg Taxi"
"https://pickupr.com/amsterdam-airport-to-mainz-taxi","Amsterdam Airport to Mainz Taxi"
"https://pickupr.com/amsterdam-airport-to-malmedy-taxi","Amsterdam Airport to Malmedy Taxi"
"https://pickupr.com/amsterdam-airport-to-mannheim-taxi","Amsterdam Airport to Mannheim Taxi"
"https://pickupr.com/amsterdam-airport-to-marburg-taxi","Amsterdam Airport to Marburg Taxi"
"https://pickupr.com/amsterdam-airport-to-marche-en-famenne-taxi","Amsterdam Airport to Marche-en-Famenne Taxi"
"https://pickupr.com/amsterdam-airport-to-marseille-taxi","Amsterdam Airport to Marseille Taxi"
"https://pickupr.com/amsterdam-airport-to-mechelen-taxi","Amsterdam Airport to Mechelen Taxi"
"https://pickupr.com/amsterdam-airport-to-metz-taxi","Amsterdam Airport to Metz Taxi"
"https://pickupr.com/amsterdam-airport-to-moers-taxi","Amsterdam Airport to Moers Taxi"
"https://pickupr.com/amsterdam-airport-to-mol-taxi","Amsterdam Airport to Mol Taxi"
"https://pickupr.com/amsterdam-airport-to-monchengladbach-taxi","Amsterdam Airport to Monchengladbach Taxi"
"https://pickupr.com/amsterdam-airport-to-mons-taxi","Amsterdam Airport to Mons Taxi"
"https://pickupr.com/amsterdam-airport-to-montauban-taxi","Amsterdam Airport to Montauban Taxi"
"https://pickupr.com/amsterdam-airport-to-montpellier-taxi","Amsterdam Airport to Montpellier Taxi"
"https://pickupr.com/amsterdam-airport-to-mouscron-taxi","Amsterdam Airport to Mouscron Taxi"
"https://pickupr.com/amsterdam-airport-to-mulhouse-taxi","Amsterdam Airport to Mulhouse Taxi"
"https://pickupr.com/amsterdam-airport-to-munich-taxi","Amsterdam Airport to Munich Taxi"
"https://pickupr.com/amsterdam-airport-to-munster-taxi","Amsterdam Airport to Munster Taxi"
"https://pickupr.com/amsterdam-airport-to-namur-taxi","Amsterdam Airport to Namur Taxi"
"https://pickupr.com/amsterdam-airport-to-nancy-taxi","Amsterdam Airport to Nancy Taxi"
"https://pickupr.com/amsterdam-airport-to-nanterre-taxi","Amsterdam Airport to Nanterre Taxi"
"https://pickupr.com/amsterdam-airport-to-nantes-taxi","Amsterdam Airport to Nantes Taxi"
"https://pickupr.com/amsterdam-airport-to-narbonne-taxi","Amsterdam Airport to Narbonne Taxi"
"https://pickupr.com/amsterdam-airport-to-neerpelt-taxi","Amsterdam Airport to Neerpelt Taxi"
"https://pickupr.com/amsterdam-airport-to-neuss-taxi","Amsterdam Airport to Neuss Taxi"
"https://pickupr.com/amsterdam-airport-to-nevers-taxi","Amsterdam Airport to Nevers Taxi"
"https://pickupr.com/amsterdam-airport-to-nice-taxi","Amsterdam Airport to Nice Taxi"
"https://pickupr.com/amsterdam-airport-to-nimes-taxi","Amsterdam Airport to Nimes Taxi"
"https://pickupr.com/amsterdam-airport-to-ninove-taxi","Amsterdam Airport to Ninove Taxi"
"https://pickupr.com/amsterdam-airport-to-niort-taxi","Amsterdam Airport to Niort Taxi"
"https://pickupr.com/amsterdam-airport-to-nivelles-taxi","Amsterdam Airport to Nivelles Taxi"
"https://pickupr.com/amsterdam-airport-to-nuremberg-taxi","Amsterdam Airport to Nuremberg Taxi"
"https://pickupr.com/amsterdam-airport-to-oberhausen-taxi","Amsterdam Airport to Oberhausen Taxi"
"https://pickupr.com/amsterdam-airport-to-oldenburg-taxi","Amsterdam Airport to Oldenburg Taxi"
"https://pickupr.com/amsterdam-airport-to-orleans-taxi","Amsterdam Airport to Orleans Taxi"
"https://pickupr.com/amsterdam-airport-to-osnabruck-taxi","Amsterdam Airport to Osnabruck Taxi"
"https://pickupr.com/amsterdam-airport-to-ostend-taxi","Amsterdam Airport to Ostend Taxi"
"https://pickupr.com/amsterdam-airport-to-ottignies-taxi","Amsterdam Airport to Ottignies Taxi"
"https://pickupr.com/amsterdam-airport-to-paderborn-taxi","Amsterdam Airport to Paderborn Taxi"
"https://pickupr.com/amsterdam-airport-to-paris-taxi","Amsterdam Airport to Paris Taxi"
"https://pickupr.com/amsterdam-airport-to-passau-taxi","Amsterdam Airport to Passau Taxi"
"https://pickupr.com/amsterdam-airport-to-pau-taxi","Amsterdam Airport to Pau Taxi"
"https://pickupr.com/amsterdam-airport-to-perpignan-taxi","Amsterdam Airport to Perpignan Taxi"
"https://pickupr.com/amsterdam-airport-to-pforzheim-taxi","Amsterdam Airport to Pforzheim Taxi"
"https://pickupr.com/amsterdam-airport-to-poitiers-taxi","Amsterdam Airport to Poitiers Taxi"
"https://pickupr.com/amsterdam-airport-to-poperinge-taxi","Amsterdam Airport to Poperinge Taxi"
"https://pickupr.com/amsterdam-airport-to-potsdam-taxi","Amsterdam Airport to Potsdam Taxi"
"https://pickupr.com/amsterdam-airport-to-quimper-taxi","Amsterdam Airport to Quimper Taxi"
"https://pickupr.com/amsterdam-airport-to-ravensburg-taxi","Amsterdam Airport to Ravensburg Taxi"
"https://pickupr.com/amsterdam-airport-to-regensburg-taxi","Amsterdam Airport to Regensburg Taxi"
"https://pickupr.com/amsterdam-airport-to-reims-taxi","Amsterdam Airport to Reims Taxi"
"https://pickupr.com/amsterdam-airport-to-remscheid-taxi","Amsterdam Airport to Remscheid Taxi"
"https://pickupr.com/amsterdam-airport-to-rennes-taxi","Amsterdam Airport to Rennes Taxi"
"https://pickupr.com/amsterdam-airport-to-reutlingen-taxi","Amsterdam Airport to Reutlingen Taxi"
"https://pickupr.com/amsterdam-airport-to-roanne-taxi","Amsterdam Airport to Roanne Taxi"
"https://pickupr.com/amsterdam-airport-to-rochefort-taxi","Amsterdam Airport to Rochefort Taxi"
"https://pickupr.com/amsterdam-airport-to-roeselare-taxi","Amsterdam Airport to Roeselare Taxi"
"https://pickupr.com/amsterdam-airport-to-ronse-taxi","Amsterdam Airport to Ronse Taxi"
"https://pickupr.com/amsterdam-airport-to-rostock-taxi","Amsterdam Airport to Rostock Taxi"
"https://pickupr.com/amsterdam-airport-to-roubaix-taxi","Amsterdam Airport to Roubaix Taxi"
"https://pickupr.com/amsterdam-airport-to-rouen-taxi","Amsterdam Airport to Rouen Taxi"
"https://pickupr.com/amsterdam-airport-to-saarbrucken-taxi","Amsterdam Airport to Saarbrucken Taxi"
"https://pickupr.com/amsterdam-airport-to-saint-denis-taxi","Amsterdam Airport to Saint-Denis Taxi"
"https://pickupr.com/amsterdam-airport-to-saint-etienne-taxi","Amsterdam Airport to Saint-Etienne Taxi"
"https://pickupr.com/amsterdam-airport-to-saint-malo-taxi","Amsterdam Airport to Saint-Malo Taxi"
"https://pickupr.com/amsterdam-airport-to-salon-de-provence-taxi","Amsterdam Airport to Salon-de-Provence Taxi"
"https://pickupr.com/amsterdam-airport-to-salzgitter-taxi","Amsterdam Airport to Salzgitter Taxi"
"https://pickupr.com/amsterdam-airport-to-schoten-taxi","Amsterdam Airport to Schoten Taxi"
"https://pickupr.com/amsterdam-airport-to-seraing-taxi","Amsterdam Airport to Seraing Taxi"
"https://pickupr.com/amsterdam-airport-to-sete-taxi","Amsterdam Airport to Sete Taxi"
"https://pickupr.com/amsterdam-airport-to-siegen-taxi","Amsterdam Airport to Siegen Taxi"
"https://pickupr.com/amsterdam-airport-to-sint-niklaas-taxi","Amsterdam Airport to Sint-Niklaas Taxi"
"https://pickupr.com/amsterdam-airport-to-soignies-taxi","Amsterdam Airport to Soignies Taxi"
"https://pickupr.com/amsterdam-airport-to-solingen-taxi","Amsterdam Airport to Solingen Taxi"
"https://pickupr.com/amsterdam-airport-to-spa-taxi","Amsterdam Airport to Spa Taxi"
"https://pickupr.com/amsterdam-airport-to-strasbourg-taxi","Amsterdam Airport to Strasbourg Taxi"
"https://pickupr.com/amsterdam-airport-to-stuttgart-taxi","Amsterdam Airport to Stuttgart Taxi"
"https://pickupr.com/amsterdam-airport-to-tarbes-taxi","Amsterdam Airport to Tarbes Taxi"
"https://pickupr.com/amsterdam-airport-to-temse-taxi","Amsterdam Airport to Temse Taxi"
"https://pickupr.com/amsterdam-airport-to-tielt-taxi","Amsterdam Airport to Tielt Taxi"
"https://pickupr.com/amsterdam-airport-to-tongeren-taxi","Amsterdam Airport to Tongeren Taxi"
"https://pickupr.com/amsterdam-airport-to-toulon-taxi","Amsterdam Airport to Toulon Taxi"
"https://pickupr.com/amsterdam-airport-to-toulouse-taxi","Amsterdam Airport to Toulouse Taxi"
"https://pickupr.com/amsterdam-airport-to-tourcoing-taxi","Amsterdam Airport to Tourcoing Taxi"
"https://pickupr.com/amsterdam-airport-to-tournai-taxi","Amsterdam Airport to Tournai Taxi"
"https://pickupr.com/amsterdam-airport-to-tours-taxi","Amsterdam Airport to Tours Taxi"
"https://pickupr.com/amsterdam-airport-to-trier-taxi","Amsterdam Airport to Trier Taxi"
"https://pickupr.com/amsterdam-airport-to-troyes-taxi","Amsterdam Airport to Troyes Taxi"
"https://pickupr.com/amsterdam-airport-to-tubize-taxi","Amsterdam Airport to Tubize Taxi"
"https://pickupr.com/amsterdam-airport-to-turnhout-taxi","Amsterdam Airport to Turnhout Taxi"
"https://pickupr.com/amsterdam-airport-to-uccle-taxi","Amsterdam Airport to Uccle Taxi"
"https://pickupr.com/amsterdam-airport-to-ulm-taxi","Amsterdam Airport to Ulm Taxi"
"https://pickupr.com/amsterdam-airport-to-valence-taxi","Amsterdam Airport to Valence Taxi"
"https://pickupr.com/amsterdam-airport-to-vannes-taxi","Amsterdam Airport to Vannes Taxi"
"https://pickupr.com/amsterdam-airport-to-verviers-taxi","Amsterdam Airport to Verviers Taxi"
"https://pickupr.com/amsterdam-airport-to-vichy-taxi","Amsterdam Airport to Vichy Taxi"
"https://pickupr.com/amsterdam-airport-to-villeurbanne-taxi","Amsterdam Airport to Villeurbanne Taxi"
"https://pickupr.com/amsterdam-airport-to-vilvoorde-taxi","Amsterdam Airport to Vilvoorde Taxi"
"https://pickupr.com/amsterdam-airport-to-waregem-taxi","Amsterdam Airport to Waregem Taxi"
"https://pickupr.com/amsterdam-airport-to-waterloo-taxi","Amsterdam Airport to Waterloo Taxi"
"https://pickupr.com/amsterdam-airport-to-wavre-taxi","Amsterdam Airport to Wavre Taxi"
"https://pickupr.com/amsterdam-airport-to-wiesbaden-taxi","Amsterdam Airport to Wiesbaden Taxi"
"https://pickupr.com/amsterdam-airport-to-wolfsburg-taxi","Amsterdam Airport to Wolfsburg Taxi"
"https://pickupr.com/amsterdam-airport-to-wuppertal-taxi","Amsterdam Airport to Wuppertal Taxi"
"https://pickupr.com/amsterdam-airport-to-wurzburg-taxi","Amsterdam Airport to Wurzburg Taxi"
"https://pickupr.com/amsterdam-airport-to-ypres-taxi","Amsterdam Airport to Ypres Taxi"
"https://pickupr.com/amsterdam-airport-to-zaventem-taxi","Amsterdam Airport to Zaventem Taxi"
"https://pickupr.com/amsterdam-airport-transfer","Amsterdam Airport transfer"
"https://pickupr.com/amsterdam-schiphol-transfer","Amsterdam Schiphol Transfer"
"https://pickupr.com/amsterdam-to-aachen","Amsterdam to Aachen Taxi"
"https://pickupr.com/amsterdam-to-aachen-taxi","Amsterdam to Aachen Taxi"
"https://pickupr.com/amsterdam-to-aalen","Amsterdam to Aalen Taxi"
"https://pickupr.com/amsterdam-to-aalen-taxi","Amsterdam to Aalen Taxi"
"https://pickupr.com/amsterdam-to-aalst","Amsterdam to Aalst Taxi"
"https://pickupr.com/amsterdam-to-aalst-taxi","Amsterdam to Aalst Taxi"
"https://pickupr.com/amsterdam-to-aarschot","Amsterdam to Aarschot Taxi"
"https://pickupr.com/amsterdam-to-aarschot-taxi","Amsterdam to Aarschot Taxi"
"https://pickupr.com/amsterdam-to-agen","Amsterdam to Agen Taxi"
"https://pickupr.com/amsterdam-to-agen-taxi","Amsterdam to Agen Taxi"
"https://pickupr.com/amsterdam-to-aix-en-provence","Amsterdam to Aix-en-Provence Taxi"
"https://pickupr.com/amsterdam-to-aix-en-provence-taxi","Amsterdam to Aix-en-Provence Taxi"
"https://pickupr.com/amsterdam-to-ajaccio","Amsterdam to Ajaccio Taxi"
"https://pickupr.com/amsterdam-to-ajaccio-taxi","Amsterdam to Ajaccio Taxi"
"https://pickupr.com/amsterdam-to-albi","Amsterdam to Albi Taxi"
"https://pickupr.com/amsterdam-to-albi-taxi","Amsterdam to Albi Taxi"
"https://pickupr.com/amsterdam-to-amiens","Amsterdam to Amiens Taxi"
"https://pickupr.com/amsterdam-to-amiens-taxi","Amsterdam to Amiens Taxi"
"https://pickupr.com/amsterdam-to-andenne","Amsterdam to Andenne Taxi"
"https://pickupr.com/amsterdam-to-andenne-taxi","Amsterdam to Andenne Taxi"
"https://pickupr.com/amsterdam-to-angers","Amsterdam to Angers Taxi"
"https://pickupr.com/amsterdam-to-angers-taxi","Amsterdam to Angers Taxi"
"https://pickupr.com/amsterdam-to-annecy","Amsterdam to Annecy Taxi"
"https://pickupr.com/amsterdam-to-annecy-taxi","Amsterdam to Annecy Taxi"
"https://pickupr.com/amsterdam-to-antibes","Amsterdam to Antibes Taxi"
"https://pickupr.com/amsterdam-to-antibes-taxi","Amsterdam to Antibes Taxi"
"https://pickupr.com/amsterdam-to-antwerp","Amsterdam to Antwerp Taxi"
"https://pickupr.com/amsterdam-to-antwerp-taxi","Amsterdam to Antwerp Taxi"
"https://pickupr.com/amsterdam-to-argenteuil","Amsterdam to Argenteuil Taxi"
"https://pickupr.com/amsterdam-to-argenteuil-taxi","Amsterdam to Argenteuil Taxi"
"https://pickupr.com/amsterdam-to-arles","Amsterdam to Arles Taxi"
"https://pickupr.com/amsterdam-to-arles-taxi","Amsterdam to Arles Taxi"
"https://pickupr.com/amsterdam-to-arlon","Amsterdam to Arlon Taxi"
"https://pickupr.com/amsterdam-to-arlon-taxi","Amsterdam to Arlon Taxi"
"https://pickupr.com/amsterdam-to-audenarde","Amsterdam to Audenarde Taxi"
"https://pickupr.com/amsterdam-to-audenarde-taxi","Amsterdam to Audenarde Taxi"
"https://pickupr.com/amsterdam-to-augsburg","Amsterdam to Augsburg Taxi"
"https://pickupr.com/amsterdam-to-augsburg-taxi","Amsterdam to Augsburg Taxi"
"https://pickupr.com/amsterdam-to-avignon","Amsterdam to Avignon Taxi"
"https://pickupr.com/amsterdam-to-avignon-taxi","Amsterdam to Avignon Taxi"
"https://pickupr.com/amsterdam-to-bamberg","Amsterdam to Bamberg Taxi"
"https://pickupr.com/amsterdam-to-bamberg-taxi","Amsterdam to Bamberg Taxi"
"https://pickupr.com/amsterdam-to-bastia","Amsterdam to Bastia Taxi"
"https://pickupr.com/amsterdam-to-bastia-taxi","Amsterdam to Bastia Taxi"
"https://pickupr.com/amsterdam-to-bastogne","Amsterdam to Bastogne Taxi"
"https://pickupr.com/amsterdam-to-bastogne-taxi","Amsterdam to Bastogne Taxi"
"https://pickupr.com/amsterdam-to-bayonne","Amsterdam to Bayonne Taxi"
"https://pickupr.com/amsterdam-to-bayonne-taxi","Amsterdam to Bayonne Taxi"
"https://pickupr.com/amsterdam-to-bayreuth","Amsterdam to Bayreuth Taxi"
"https://pickupr.com/amsterdam-to-bayreuth-taxi","Amsterdam to Bayreuth Taxi"
"https://pickupr.com/amsterdam-to-beringen","Amsterdam to Beringen Taxi"
"https://pickupr.com/amsterdam-to-beringen-taxi","Amsterdam to Beringen Taxi"
"https://pickupr.com/amsterdam-to-berlin","Amsterdam to Berlin Taxi"
"https://pickupr.com/amsterdam-to-berlin-taxi","Amsterdam to Berlin Taxi"
"https://pickupr.com/amsterdam-to-besancon","Amsterdam to Besancon Taxi"
"https://pickupr.com/amsterdam-to-besancon-taxi","Amsterdam to Besancon Taxi"
"https://pickupr.com/amsterdam-to-beziers","Amsterdam to Beziers Taxi"
"https://pickupr.com/amsterdam-to-beziers-taxi","Amsterdam to Beziers Taxi"
"https://pickupr.com/amsterdam-to-biarritz","Amsterdam to Biarritz Taxi"
"https://pickupr.com/amsterdam-to-biarritz-taxi","Amsterdam to Biarritz Taxi"
"https://pickupr.com/amsterdam-to-bielefeld","Amsterdam to Bielefeld Taxi"
"https://pickupr.com/amsterdam-to-bielefeld-taxi","Amsterdam to Bielefeld Taxi"
"https://pickupr.com/amsterdam-to-bilzen","Amsterdam to Bilzen Taxi"
"https://pickupr.com/amsterdam-to-bilzen-taxi","Amsterdam to Bilzen Taxi"
"https://pickupr.com/amsterdam-to-binche","Amsterdam to Binche Taxi"
"https://pickupr.com/amsterdam-to-binche-taxi","Amsterdam to Binche Taxi"
"https://pickupr.com/amsterdam-to-blankenberge","Amsterdam to Blankenberge Taxi"
"https://pickupr.com/amsterdam-to-blankenberge-taxi","Amsterdam to Blankenberge Taxi"
"https://pickupr.com/amsterdam-to-blois","Amsterdam to Blois Taxi"
"https://pickupr.com/amsterdam-to-blois-taxi","Amsterdam to Blois Taxi"
"https://pickupr.com/amsterdam-to-bochum","Amsterdam to Bochum Taxi"
"https://pickupr.com/amsterdam-to-bochum-taxi","Amsterdam to Bochum Taxi"
"https://pickupr.com/amsterdam-to-bonn","Amsterdam to Bonn Taxi"
"https://pickupr.com/amsterdam-to-bonn-taxi","Amsterdam to Bonn Taxi"
"https://pickupr.com/amsterdam-to-boom","Amsterdam to Boom Taxi"
"https://pickupr.com/amsterdam-to-boom-taxi","Amsterdam to Boom Taxi"
"https://pickupr.com/amsterdam-to-bordeaux","Amsterdam to Bordeaux Taxi"
"https://pickupr.com/amsterdam-to-bordeaux-taxi","Amsterdam to Bordeaux Taxi"
"https://pickupr.com/amsterdam-to-bottrop","Amsterdam to Bottrop Taxi"
"https://pickupr.com/amsterdam-to-bottrop-taxi","Amsterdam to Bottrop Taxi"
"https://pickupr.com/amsterdam-to-bouillon","Amsterdam to Bouillon Taxi"
"https://pickupr.com/amsterdam-to-bouillon-taxi","Amsterdam to Bouillon Taxi"
"https://pickupr.com/amsterdam-to-boulogne-billancourt","Amsterdam to Boulogne-Billancourt Taxi"
"https://pickupr.com/amsterdam-to-boulogne-billancourt-taxi","Amsterdam to Boulogne-Billancourt Taxi"
"https://pickupr.com/amsterdam-to-bourg-en-bresse","Amsterdam to Bourg-en-Bresse Taxi"
"https://pickupr.com/amsterdam-to-bourg-en-bresse-taxi","Amsterdam to Bourg-en-Bresse Taxi"
"https://pickupr.com/amsterdam-to-brasschaat","Amsterdam to Brasschaat Taxi"
"https://pickupr.com/amsterdam-to-brasschaat-taxi","Amsterdam to Brasschaat Taxi"
"https://pickupr.com/amsterdam-to-braunschweig","Amsterdam to Braunschweig Taxi"
"https://pickupr.com/amsterdam-to-braunschweig-taxi","Amsterdam to Braunschweig Taxi"
"https://pickupr.com/amsterdam-to-bremen","Amsterdam to Bremen Taxi"
"https://pickupr.com/amsterdam-to-bremen-taxi","Amsterdam to Bremen Taxi"
"https://pickupr.com/amsterdam-to-bremerhaven","Amsterdam to Bremerhaven Taxi"
"https://pickupr.com/amsterdam-to-bremerhaven-taxi","Amsterdam to Bremerhaven Taxi"
"https://pickupr.com/amsterdam-to-brest","Amsterdam to Brest Taxi"
"https://pickupr.com/amsterdam-to-brest-taxi","Amsterdam to Brest Taxi"
"https://pickupr.com/amsterdam-to-brive-la-gaillarde","Amsterdam to Brive-la-Gaillarde Taxi"
"https://pickupr.com/amsterdam-to-brive-la-gaillarde-taxi","Amsterdam to Brive-la-Gaillarde Taxi"
"https://pickupr.com/amsterdam-to-bruges","Amsterdam to Bruges Taxi"
"https://pickupr.com/amsterdam-to-bruges-taxi","Amsterdam to Bruges Taxi"
"https://pickupr.com/amsterdam-to-brussels","Amsterdam to Brussels Taxi"
"https://pickupr.com/amsterdam-to-brussels-taxi","Amsterdam to Brussels Taxi"
"https://pickupr.com/amsterdam-to-caen","Amsterdam to Caen Taxi"
"https://pickupr.com/amsterdam-to-caen-taxi","Amsterdam to Caen Taxi"
"https://pickupr.com/amsterdam-to-calais","Amsterdam to Calais Taxi"
"https://pickupr.com/amsterdam-to-calais-taxi","Amsterdam to Calais Taxi"
"https://pickupr.com/amsterdam-to-cannes","Amsterdam to Cannes Taxi"
"https://pickupr.com/amsterdam-to-cannes-taxi","Amsterdam to Cannes Taxi"
"https://pickupr.com/amsterdam-to-carcassonne","Amsterdam to Carcassonne Taxi"
"https://pickupr.com/amsterdam-to-carcassonne-taxi","Amsterdam to Carcassonne Taxi"
"https://pickupr.com/amsterdam-to-chalon-sur-saone","Amsterdam to Chalon-sur-Saone Taxi"
"https://pickupr.com/amsterdam-to-chalon-sur-saone-taxi","Amsterdam to Chalon-sur-Saone Taxi"
"https://pickupr.com/amsterdam-to-chambery","Amsterdam to Chambery Taxi"
"https://pickupr.com/amsterdam-to-chambery-taxi","Amsterdam to Chambery Taxi"
"https://pickupr.com/amsterdam-to-charleroi","Amsterdam to Charleroi Taxi"
"https://pickupr.com/amsterdam-to-charleroi-taxi","Amsterdam to Charleroi Taxi"
"https://pickupr.com/amsterdam-to-chartres","Amsterdam to Chartres Taxi"
"https://pickupr.com/amsterdam-to-chartres-taxi","Amsterdam to Chartres Taxi"
"https://pickupr.com/amsterdam-to-chemnitz","Amsterdam to Chemnitz Taxi"
"https://pickupr.com/amsterdam-to-chemnitz-taxi","Amsterdam to Chemnitz Taxi"
"https://pickupr.com/amsterdam-to-cherbourg","Amsterdam to Cherbourg Taxi"
"https://pickupr.com/amsterdam-to-cherbourg-taxi","Amsterdam to Cherbourg Taxi"
"https://pickupr.com/amsterdam-to-cholet","Amsterdam to Cholet Taxi"
"https://pickupr.com/amsterdam-to-cholet-taxi","Amsterdam to Cholet Taxi"
"https://pickupr.com/amsterdam-to-clermont-ferrand","Amsterdam to Clermont-Ferrand Taxi"
"https://pickupr.com/amsterdam-to-clermont-ferrand-taxi","Amsterdam to Clermont-Ferrand Taxi"
"https://pickupr.com/amsterdam-to-colmar","Amsterdam to Colmar Taxi"
"https://pickupr.com/amsterdam-to-colmar-taxi","Amsterdam to Colmar Taxi"
"https://pickupr.com/amsterdam-to-cologne","Amsterdam to Cologne Taxi"
"https://pickupr.com/amsterdam-to-cologne-taxi","Amsterdam to Cologne Taxi"
"https://pickupr.com/amsterdam-to-cottbus","Amsterdam to Cottbus Taxi"
"https://pickupr.com/amsterdam-to-cottbus-taxi","Amsterdam to Cottbus Taxi"
"https://pickupr.com/amsterdam-to-darmstadt","Amsterdam to Darmstadt Taxi"
"https://pickupr.com/amsterdam-to-darmstadt-taxi","Amsterdam to Darmstadt Taxi"
"https://pickupr.com/amsterdam-to-deinze","Amsterdam to Deinze Taxi"
"https://pickupr.com/amsterdam-to-deinze-taxi","Amsterdam to Deinze Taxi"
"https://pickupr.com/amsterdam-to-dendermonde","Amsterdam to Dendermonde Taxi"
"https://pickupr.com/amsterdam-to-dendermonde-taxi","Amsterdam to Dendermonde Taxi"
"https://pickupr.com/amsterdam-to-diest","Amsterdam to Diest Taxi"
"https://pickupr.com/amsterdam-to-diest-taxi","Amsterdam to Diest Taxi"
"https://pickupr.com/amsterdam-to-dijon","Amsterdam to Dijon Taxi"
"https://pickupr.com/amsterdam-to-dijon-taxi","Amsterdam to Dijon Taxi"
"https://pickupr.com/amsterdam-to-dinant","Amsterdam to Dinant Taxi"
"https://pickupr.com/amsterdam-to-dinant-taxi","Amsterdam to Dinant Taxi"
"https://pickupr.com/amsterdam-to-dortmund","Amsterdam to Dortmund Taxi"
"https://pickupr.com/amsterdam-to-dortmund-taxi","Amsterdam to Dortmund Taxi"
"https://pickupr.com/amsterdam-to-dresden","Amsterdam to Dresden Taxi"
"https://pickupr.com/amsterdam-to-dresden-taxi","Amsterdam to Dresden Taxi"
"https://pickupr.com/amsterdam-to-duisburg","Amsterdam to Duisburg Taxi"
"https://pickupr.com/amsterdam-to-duisburg-taxi","Amsterdam to Duisburg Taxi"
"https://pickupr.com/amsterdam-to-dunkerque","Amsterdam to Dunkerque Taxi"
"https://pickupr.com/amsterdam-to-dunkerque-taxi","Amsterdam to Dunkerque Taxi"
"https://pickupr.com/amsterdam-to-durbuy","Amsterdam to Durbuy Taxi"
"https://pickupr.com/amsterdam-to-durbuy-taxi","Amsterdam to Durbuy Taxi"
"https://pickupr.com/amsterdam-to-dusseldorf","Amsterdam to Dusseldorf Taxi"
"https://pickupr.com/amsterdam-to-dusseldorf-taxi","Amsterdam to Dusseldorf Taxi"
"https://pickupr.com/amsterdam-to-eeklo","Amsterdam to Eeklo Taxi"
"https://pickupr.com/amsterdam-to-eeklo-taxi","Amsterdam to Eeklo Taxi"
"https://pickupr.com/amsterdam-to-emden","Amsterdam to Emden Taxi"
"https://pickupr.com/amsterdam-to-emden-taxi","Amsterdam to Emden Taxi"
"https://pickupr.com/amsterdam-to-epinal","Amsterdam to Epinal Taxi"
"https://pickupr.com/amsterdam-to-epinal-taxi","Amsterdam to Epinal Taxi"
"https://pickupr.com/amsterdam-to-erfurt","Amsterdam to Erfurt Taxi"
"https://pickupr.com/amsterdam-to-erfurt-taxi","Amsterdam to Erfurt Taxi"
"https://pickupr.com/amsterdam-to-erlangen","Amsterdam to Erlangen Taxi"
"https://pickupr.com/amsterdam-to-erlangen-taxi","Amsterdam to Erlangen Taxi"
"https://pickupr.com/amsterdam-to-essen","Amsterdam to Essen Taxi"
"https://pickupr.com/amsterdam-to-essen-taxi","Amsterdam to Essen Taxi"
"https://pickupr.com/amsterdam-to-eupen","Amsterdam to Eupen Taxi"
"https://pickupr.com/amsterdam-to-eupen-taxi","Amsterdam to Eupen Taxi"
"https://pickupr.com/amsterdam-to-flensburg","Amsterdam to Flensburg Taxi"
"https://pickupr.com/amsterdam-to-flensburg-taxi","Amsterdam to Flensburg Taxi"
"https://pickupr.com/amsterdam-to-frankfurt","Amsterdam to Frankfurt Taxi"
"https://pickupr.com/amsterdam-to-frankfurt-taxi","Amsterdam to Frankfurt Taxi"
"https://pickupr.com/amsterdam-to-freiburg","Amsterdam to Freiburg Taxi"
"https://pickupr.com/amsterdam-to-freiburg-taxi","Amsterdam to Freiburg Taxi"
"https://pickupr.com/amsterdam-to-frejus","Amsterdam to Frejus Taxi"
"https://pickupr.com/amsterdam-to-frejus-taxi","Amsterdam to Frejus Taxi"
"https://pickupr.com/amsterdam-to-fulda","Amsterdam to Fulda Taxi"
"https://pickupr.com/amsterdam-to-fulda-taxi","Amsterdam to Fulda Taxi"
"https://pickupr.com/amsterdam-to-furth","Amsterdam to Furth Taxi"
"https://pickupr.com/amsterdam-to-furth-taxi","Amsterdam to Furth Taxi"
"https://pickupr.com/amsterdam-to-gap","Amsterdam to Gap Taxi"
"https://pickupr.com/amsterdam-to-gap-taxi","Amsterdam to Gap Taxi"
"https://pickupr.com/amsterdam-to-geel","Amsterdam to Geel Taxi"
"https://pickupr.com/amsterdam-to-geel-taxi","Amsterdam to Geel Taxi"
"https://pickupr.com/amsterdam-to-gelsenkirchen","Amsterdam to Gelsenkirchen Taxi"
"https://pickupr.com/amsterdam-to-gelsenkirchen-taxi","Amsterdam to Gelsenkirchen Taxi"
"https://pickupr.com/amsterdam-to-genk","Amsterdam to Genk Taxi"
"https://pickupr.com/amsterdam-to-genk-taxi","Amsterdam to Genk Taxi"
"https://pickupr.com/amsterdam-to-geraardsbergen","Amsterdam to Geraardsbergen Taxi"
"https://pickupr.com/amsterdam-to-geraardsbergen-taxi","Amsterdam to Geraardsbergen Taxi"
"https://pickupr.com/amsterdam-to-ghent","Amsterdam to Ghent Taxi"
"https://pickupr.com/amsterdam-to-ghent-taxi","Amsterdam to Ghent Taxi"
"https://pickupr.com/amsterdam-to-giessen","Amsterdam to Giessen Taxi"
"https://pickupr.com/amsterdam-to-giessen-taxi","Amsterdam to Giessen Taxi"
"https://pickupr.com/amsterdam-to-gottingen","Amsterdam to Gottingen Taxi"
"https://pickupr.com/amsterdam-to-gottingen-taxi","Amsterdam to Gottingen Taxi"
"https://pickupr.com/amsterdam-to-grasse","Amsterdam to Grasse Taxi"
"https://pickupr.com/amsterdam-to-grasse-taxi","Amsterdam to Grasse Taxi"
"https://pickupr.com/amsterdam-to-grenoble","Amsterdam to Grenoble Taxi"
"https://pickupr.com/amsterdam-to-grenoble-taxi","Amsterdam to Grenoble Taxi"
"https://pickupr.com/amsterdam-to-hagen","Amsterdam to Hagen Taxi"
"https://pickupr.com/amsterdam-to-hagen-taxi","Amsterdam to Hagen Taxi"
"https://pickupr.com/amsterdam-to-halle","Amsterdam to Halle Taxi"
"https://pickupr.com/amsterdam-to-halle-taxi","Amsterdam to Halle Taxi"
"https://pickupr.com/amsterdam-to-hamburg","Amsterdam to Hamburg Taxi"
"https://pickupr.com/amsterdam-to-hamburg-taxi","Amsterdam to Hamburg Taxi"
"https://pickupr.com/amsterdam-to-hamm","Amsterdam to Hamm Taxi"
"https://pickupr.com/amsterdam-to-hamm-taxi","Amsterdam to Hamm Taxi"
"https://pickupr.com/amsterdam-to-hanover","Amsterdam to Hanover Taxi"
"https://pickupr.com/amsterdam-to-hanover-taxi","Amsterdam to Hanover Taxi"
"https://pickupr.com/amsterdam-to-hasselt","Amsterdam to Hasselt Taxi"
"https://pickupr.com/amsterdam-to-hasselt-taxi","Amsterdam to Hasselt Taxi"
"https://pickupr.com/amsterdam-to-heidelberg","Amsterdam to Heidelberg Taxi"
"https://pickupr.com/amsterdam-to-heidelberg-taxi","Amsterdam to Heidelberg Taxi"
"https://pickupr.com/amsterdam-to-heilbronn","Amsterdam to Heilbronn Taxi"
"https://pickupr.com/amsterdam-to-heilbronn-taxi","Amsterdam to Heilbronn Taxi"
"https://pickupr.com/amsterdam-to-heist-op-den-berg","Amsterdam to Heist-op-den-Berg Taxi"
"https://pickupr.com/amsterdam-to-heist-op-den-berg-taxi","Amsterdam to Heist-op-den-Berg Taxi"
"https://pickupr.com/amsterdam-to-herentals","Amsterdam to Herentals Taxi"
"https://pickupr.com/amsterdam-to-herentals-taxi","Amsterdam to Herentals Taxi"
"https://pickupr.com/amsterdam-to-herne","Amsterdam to Herne Taxi"
"https://pickupr.com/amsterdam-to-herne-taxi","Amsterdam to Herne Taxi"
"https://pickupr.com/amsterdam-to-hildesheim","Amsterdam to Hildesheim Taxi"
"https://pickupr.com/amsterdam-to-hildesheim-taxi","Amsterdam to Hildesheim Taxi"
"https://pickupr.com/amsterdam-to-huy","Amsterdam to Huy Taxi"
"https://pickupr.com/amsterdam-to-huy-taxi","Amsterdam to Huy Taxi"
"https://pickupr.com/amsterdam-to-ingolstadt","Amsterdam to Ingolstadt Taxi"
"https://pickupr.com/amsterdam-to-ingolstadt-taxi","Amsterdam to Ingolstadt Taxi"
"https://pickupr.com/amsterdam-to-istres","Amsterdam to Istres Taxi"
"https://pickupr.com/amsterdam-to-istres-taxi","Amsterdam to Istres Taxi"
"https://pickupr.com/amsterdam-to-izegem","Amsterdam to Izegem Taxi"
"https://pickupr.com/amsterdam-to-izegem-taxi","Amsterdam to Izegem Taxi"
"https://pickupr.com/amsterdam-to-jena","Amsterdam to Jena Taxi"
"https://pickupr.com/amsterdam-to-jena-taxi","Amsterdam to Jena Taxi"
"https://pickupr.com/amsterdam-to-jette","Amsterdam to Jette Taxi"
"https://pickupr.com/amsterdam-to-jette-taxi","Amsterdam to Jette Taxi"
"https://pickupr.com/amsterdam-to-kaiserslautern","Amsterdam to Kaiserslautern Taxi"
"https://pickupr.com/amsterdam-to-kaiserslautern-taxi","Amsterdam to Kaiserslautern Taxi"
"https://pickupr.com/amsterdam-to-karlsruhe","Amsterdam to Karlsruhe Taxi"
"https://pickupr.com/amsterdam-to-karlsruhe-taxi","Amsterdam to Karlsruhe Taxi"
"https://pickupr.com/amsterdam-to-kassel","Amsterdam to Kassel Taxi"
"https://pickupr.com/amsterdam-to-kassel-taxi","Amsterdam to Kassel Taxi"
"https://pickupr.com/amsterdam-to-kiel","Amsterdam to Kiel Taxi"
"https://pickupr.com/amsterdam-to-kiel-taxi","Amsterdam to Kiel Taxi"
"https://pickupr.com/amsterdam-to-knokke","Amsterdam to Knokke Taxi"
"https://pickupr.com/amsterdam-to-knokke-taxi","Amsterdam to Knokke Taxi"
"https://pickupr.com/amsterdam-to-koblenz","Amsterdam to Koblenz Taxi"
"https://pickupr.com/amsterdam-to-koblenz-taxi","Amsterdam to Koblenz Taxi"
"https://pickupr.com/amsterdam-to-konstanz","Amsterdam to Konstanz Taxi"
"https://pickupr.com/amsterdam-to-konstanz-taxi","Amsterdam to Konstanz Taxi"
"https://pickupr.com/amsterdam-to-kortrijk","Amsterdam to Kortrijk Taxi"
"https://pickupr.com/amsterdam-to-kortrijk-taxi","Amsterdam to Kortrijk Taxi"
"https://pickupr.com/amsterdam-to-krefeld","Amsterdam to Krefeld Taxi"
"https://pickupr.com/amsterdam-to-krefeld-taxi","Amsterdam to Krefeld Taxi"
"https://pickupr.com/amsterdam-to-la-louviere","Amsterdam to La Louviere Taxi"
"https://pickupr.com/amsterdam-to-la-louviere-taxi","Amsterdam to La Louviere Taxi"
"https://pickupr.com/amsterdam-to-landshut","Amsterdam to Landshut Taxi"
"https://pickupr.com/amsterdam-to-landshut-taxi","Amsterdam to Landshut Taxi"
"https://pickupr.com/amsterdam-to-laon","Amsterdam to Laon Taxi"
"https://pickupr.com/amsterdam-to-laon-taxi","Amsterdam to Laon Taxi"
"https://pickupr.com/amsterdam-to-la-rochelle","Amsterdam to La Rochelle Taxi"
"https://pickupr.com/amsterdam-to-la-rochelle-taxi","Amsterdam to La Rochelle Taxi"
"https://pickupr.com/amsterdam-to-le-havre","Amsterdam to Le Havre Taxi"
"https://pickupr.com/amsterdam-to-le-havre-taxi","Amsterdam to Le Havre Taxi"
"https://pickupr.com/amsterdam-to-leipzig","Amsterdam to Leipzig Taxi"
"https://pickupr.com/amsterdam-to-leipzig-taxi","Amsterdam to Leipzig Taxi"
"https://pickupr.com/amsterdam-to-le-mans","Amsterdam to Le Mans Taxi"
"https://pickupr.com/amsterdam-to-le-mans-taxi","Amsterdam to Le Mans Taxi"
"https://pickupr.com/amsterdam-to-leuven","Amsterdam to Leuven Taxi"
"https://pickupr.com/amsterdam-to-leuven-taxi","Amsterdam to Leuven Taxi"
"https://pickupr.com/amsterdam-to-leverkusen","Amsterdam to Leverkusen Taxi"
"https://pickupr.com/amsterdam-to-leverkusen-taxi","Amsterdam to Leverkusen Taxi"
"https://pickupr.com/amsterdam-to-liege","Amsterdam to Liege Taxi"
"https://pickupr.com/amsterdam-to-liege-taxi","Amsterdam to Liege Taxi"
"https://pickupr.com/amsterdam-to-lier","Amsterdam to Lier Taxi"
"https://pickupr.com/amsterdam-to-lier-taxi","Amsterdam to Lier Taxi"
"https://pickupr.com/amsterdam-to-lille","Amsterdam to Lille Taxi"
"https://pickupr.com/amsterdam-to-lille-taxi","Amsterdam to Lille Taxi"
"https://pickupr.com/amsterdam-to-limoges","Amsterdam to Limoges Taxi"
"https://pickupr.com/amsterdam-to-limoges-taxi","Amsterdam to Limoges Taxi"
"https://pickupr.com/amsterdam-to-lokeren","Amsterdam to Lokeren Taxi"
"https://pickupr.com/amsterdam-to-lokeren-taxi","Amsterdam to Lokeren Taxi"
"https://pickupr.com/amsterdam-to-lommel","Amsterdam to Lommel Taxi"
"https://pickupr.com/amsterdam-to-lommel-taxi","Amsterdam to Lommel Taxi"
"https://pickupr.com/amsterdam-to-lorient","Amsterdam to Lorient Taxi"
"https://pickupr.com/amsterdam-to-lorient-taxi","Amsterdam to Lorient Taxi"
"https://pickupr.com/amsterdam-to-louvain-la-neuve","Amsterdam to Louvain-la-Neuve Taxi"
"https://pickupr.com/amsterdam-to-louvain-la-neuve-taxi","Amsterdam to Louvain-la-Neuve Taxi"
"https://pickupr.com/amsterdam-to-lubeck","Amsterdam to Lubeck Taxi"
"https://pickupr.com/amsterdam-to-lubeck-taxi","Amsterdam to Lubeck Taxi"
"https://pickupr.com/amsterdam-to-ludwigshafen","Amsterdam to Ludwigshafen Taxi"
"https://pickupr.com/amsterdam-to-ludwigshafen-taxi","Amsterdam to Ludwigshafen Taxi"
"https://pickupr.com/amsterdam-to-luneburg","Amsterdam to Luneburg Taxi"
"https://pickupr.com/amsterdam-to-luneburg-taxi","Amsterdam to Luneburg Taxi"
"https://pickupr.com/amsterdam-to-lyon","Amsterdam to Lyon Taxi"
"https://pickupr.com/amsterdam-to-lyon-taxi","Amsterdam to Lyon Taxi"
"https://pickupr.com/amsterdam-to-maaseik","Amsterdam to Maaseik Taxi"
"https://pickupr.com/amsterdam-to-maaseik-taxi","Amsterdam to Maaseik Taxi"
"https://pickupr.com/amsterdam-to-macon","Amsterdam to Macon Taxi"
"https://pickupr.com/amsterdam-to-macon-taxi","Amsterdam to Macon Taxi"
"https://pickupr.com/amsterdam-to-magdeburg","Amsterdam to Magdeburg Taxi"
"https://pickupr.com/amsterdam-to-magdeburg-taxi","Amsterdam to Magdeburg Taxi"
"https://pickupr.com/amsterdam-to-mainz","Amsterdam to Mainz Taxi"
"https://pickupr.com/amsterdam-to-mainz-taxi","Amsterdam to Mainz Taxi"
"https://pickupr.com/amsterdam-to-malmedy","Amsterdam to Malmedy Taxi"
"https://pickupr.com/amsterdam-to-malmedy-taxi","Amsterdam to Malmedy Taxi"
"https://pickupr.com/amsterdam-to-mannheim","Amsterdam to Mannheim Taxi"
"https://pickupr.com/amsterdam-to-mannheim-taxi","Amsterdam to Mannheim Taxi"
"https://pickupr.com/amsterdam-to-marburg","Amsterdam to Marburg Taxi"
"https://pickupr.com/amsterdam-to-marburg-taxi","Amsterdam to Marburg Taxi"
"https://pickupr.com/amsterdam-to-marche-en-famenne","Amsterdam to Marche-en-Famenne Taxi"
"https://pickupr.com/amsterdam-to-marche-en-famenne-taxi","Amsterdam to Marche-en-Famenne Taxi"
"https://pickupr.com/amsterdam-to-marseille","Amsterdam to Marseille Taxi"
"https://pickupr.com/amsterdam-to-marseille-taxi","Amsterdam to Marseille Taxi"
"https://pickupr.com/amsterdam-to-mechelen","Amsterdam to Mechelen Taxi"
"https://pickupr.com/amsterdam-to-mechelen-taxi","Amsterdam to Mechelen Taxi"
"https://pickupr.com/amsterdam-to-metz","Amsterdam to Metz Taxi"
"https://pickupr.com/amsterdam-to-metz-taxi","Amsterdam to Metz Taxi"
"https://pickupr.com/amsterdam-to-moers","Amsterdam to Moers Taxi"
"https://pickupr.com/amsterdam-to-moers-taxi","Amsterdam to Moers Taxi"
"https://pickupr.com/amsterdam-to-mol","Amsterdam to Mol Taxi"
"https://pickupr.com/amsterdam-to-mol-taxi","Amsterdam to Mol Taxi"
"https://pickupr.com/amsterdam-to-monchengladbach","Amsterdam to Monchengladbach Taxi"
"https://pickupr.com/amsterdam-to-monchengladbach-taxi","Amsterdam to Monchengladbach Taxi"
"https://pickupr.com/amsterdam-to-mons","Amsterdam to Mons Taxi"
"https://pickupr.com/amsterdam-to-mons-taxi","Amsterdam to Mons Taxi"
"https://pickupr.com/amsterdam-to-montauban","Amsterdam to Montauban Taxi"
"https://pickupr.com/amsterdam-to-montauban-taxi","Amsterdam to Montauban Taxi"
"https://pickupr.com/amsterdam-to-montpellier","Amsterdam to Montpellier Taxi"
"https://pickupr.com/amsterdam-to-montpellier-taxi","Amsterdam to Montpellier Taxi"
"https://pickupr.com/amsterdam-to-mouscron","Amsterdam to Mouscron Taxi"
"https://pickupr.com/amsterdam-to-mouscron-taxi","Amsterdam to Mouscron Taxi"
"https://pickupr.com/amsterdam-to-mulhouse","Amsterdam to Mulhouse Taxi"
"https://pickupr.com/amsterdam-to-mulhouse-taxi","Amsterdam to Mulhouse Taxi"
"https://pickupr.com/amsterdam-to-munich","Amsterdam to Munich Taxi"
"https://pickupr.com/amsterdam-to-munich-taxi","Amsterdam to Munich Taxi"
"https://pickupr.com/amsterdam-to-munster","Amsterdam to Munster Taxi"
"https://pickupr.com/amsterdam-to-munster-taxi","Amsterdam to Munster Taxi"
"https://pickupr.com/amsterdam-to-namur","Amsterdam to Namur Taxi"
"https://pickupr.com/amsterdam-to-namur-taxi","Amsterdam to Namur Taxi"
"https://pickupr.com/amsterdam-to-nancy","Amsterdam to Nancy Taxi"
"https://pickupr.com/amsterdam-to-nancy-taxi","Amsterdam to Nancy Taxi"
"https://pickupr.com/amsterdam-to-nanterre","Amsterdam to Nanterre Taxi"
"https://pickupr.com/amsterdam-to-nanterre-taxi","Amsterdam to Nanterre Taxi"
"https://pickupr.com/amsterdam-to-nantes","Amsterdam to Nantes Taxi"
"https://pickupr.com/amsterdam-to-nantes-taxi","Amsterdam to Nantes Taxi"
"https://pickupr.com/amsterdam-to-narbonne","Amsterdam to Narbonne Taxi"
"https://pickupr.com/amsterdam-to-narbonne-taxi","Amsterdam to Narbonne Taxi"
"https://pickupr.com/amsterdam-to-neerpelt","Amsterdam to Neerpelt Taxi"
"https://pickupr.com/amsterdam-to-neerpelt-taxi","Amsterdam to Neerpelt Taxi"
"https://pickupr.com/amsterdam-to-neuss","Amsterdam to Neuss Taxi"
"https://pickupr.com/amsterdam-to-neuss-taxi","Amsterdam to Neuss Taxi"
"https://pickupr.com/amsterdam-to-nevers","Amsterdam to Nevers Taxi"
"https://pickupr.com/amsterdam-to-nevers-taxi","Amsterdam to Nevers Taxi"
"https://pickupr.com/amsterdam-to-nice","Amsterdam to Nice Taxi"
"https://pickupr.com/amsterdam-to-nice-taxi","Amsterdam to Nice Taxi"
"https://pickupr.com/amsterdam-to-nimes","Amsterdam to Nimes Taxi"
"https://pickupr.com/amsterdam-to-nimes-taxi","Amsterdam to Nimes Taxi"
"https://pickupr.com/amsterdam-to-ninove","Amsterdam to Ninove Taxi"
"https://pickupr.com/amsterdam-to-ninove-taxi","Amsterdam to Ninove Taxi"
"https://pickupr.com/amsterdam-to-niort","Amsterdam to Niort Taxi"
"https://pickupr.com/amsterdam-to-niort-taxi","Amsterdam to Niort Taxi"
"https://pickupr.com/amsterdam-to-nivelles","Amsterdam to Nivelles Taxi"
"https://pickupr.com/amsterdam-to-nivelles-taxi","Amsterdam to Nivelles Taxi"
"https://pickupr.com/amsterdam-to-nuremberg","Amsterdam to Nuremberg Taxi"
"https://pickupr.com/amsterdam-to-nuremberg-taxi","Amsterdam to Nuremberg Taxi"
"https://pickupr.com/amsterdam-to-oberhausen","Amsterdam to Oberhausen Taxi"
"https://pickupr.com/amsterdam-to-oberhausen-taxi","Amsterdam to Oberhausen Taxi"
"https://pickupr.com/amsterdam-to-oldenburg","Amsterdam to Oldenburg Taxi"
"https://pickupr.com/amsterdam-to-oldenburg-taxi","Amsterdam to Oldenburg Taxi"
"https://pickupr.com/amsterdam-to-orleans","Amsterdam to Orleans Taxi"
"https://pickupr.com/amsterdam-to-orleans-taxi","Amsterdam to Orleans Taxi"
"https://pickupr.com/amsterdam-to-osnabruck","Amsterdam to Osnabruck Taxi"
"https://pickupr.com/amsterdam-to-osnabruck-taxi","Amsterdam to Osnabruck Taxi"
"https://pickupr.com/amsterdam-to-ostend","Amsterdam to Ostend Taxi"
"https://pickupr.com/amsterdam-to-ostend-taxi","Amsterdam to Ostend Taxi"
"https://pickupr.com/amsterdam-to-ottignies","Amsterdam to Ottignies Taxi"
"https://pickupr.com/amsterdam-to-ottignies-taxi","Amsterdam to Ottignies Taxi"
"https://pickupr.com/amsterdam-to-paderborn","Amsterdam to Paderborn Taxi"
"https://pickupr.com/amsterdam-to-paderborn-taxi","Amsterdam to Paderborn Taxi"
"https://pickupr.com/amsterdam-to-paris","Amsterdam to Paris Taxi"
"https://pickupr.com/amsterdam-to-paris-taxi","Amsterdam to Paris Taxi"
"https://pickupr.com/amsterdam-to-passau","Amsterdam to Passau Taxi"
"https://pickupr.com/amsterdam-to-passau-taxi","Amsterdam to Passau Taxi"
"https://pickupr.com/amsterdam-to-pau","Amsterdam to Pau Taxi"
"https://pickupr.com/amsterdam-to-pau-taxi","Amsterdam to Pau Taxi"
"https://pickupr.com/amsterdam-to-perpignan","Amsterdam to Perpignan Taxi"
"https://pickupr.com/amsterdam-to-perpignan-taxi","Amsterdam to Perpignan Taxi"
"https://pickupr.com/amsterdam-to-pforzheim","Amsterdam to Pforzheim Taxi"
"https://pickupr.com/amsterdam-to-pforzheim-taxi","Amsterdam to Pforzheim Taxi"
"https://pickupr.com/amsterdam-to-poitiers","Amsterdam to Poitiers Taxi"
"https://pickupr.com/amsterdam-to-poitiers-taxi","Amsterdam to Poitiers Taxi"
"https://pickupr.com/amsterdam-to-poperinge","Amsterdam to Poperinge Taxi"
"https://pickupr.com/amsterdam-to-poperinge-taxi","Amsterdam to Poperinge Taxi"
"https://pickupr.com/amsterdam-to-potsdam","Amsterdam to Potsdam Taxi"
"https://pickupr.com/amsterdam-to-potsdam-taxi","Amsterdam to Potsdam Taxi"
"https://pickupr.com/amsterdam-to-quimper","Amsterdam to Quimper Taxi"
"https://pickupr.com/amsterdam-to-quimper-taxi","Amsterdam to Quimper Taxi"
"https://pickupr.com/amsterdam-to-ravensburg","Amsterdam to Ravensburg Taxi"
"https://pickupr.com/amsterdam-to-ravensburg-taxi","Amsterdam to Ravensburg Taxi"
"https://pickupr.com/amsterdam-to-regensburg","Amsterdam to Regensburg Taxi"
"https://pickupr.com/amsterdam-to-regensburg-taxi","Amsterdam to Regensburg Taxi"
"https://pickupr.com/amsterdam-to-reims","Amsterdam to Reims Taxi"
"https://pickupr.com/amsterdam-to-reims-taxi","Amsterdam to Reims Taxi"
"https://pickupr.com/amsterdam-to-remscheid","Amsterdam to Remscheid Taxi"
"https://pickupr.com/amsterdam-to-remscheid-taxi","Amsterdam to Remscheid Taxi"
"https://pickupr.com/amsterdam-to-rennes","Amsterdam to Rennes Taxi"
"https://pickupr.com/amsterdam-to-rennes-taxi","Amsterdam to Rennes Taxi"
"https://pickupr.com/amsterdam-to-reutlingen","Amsterdam to Reutlingen Taxi"
"https://pickupr.com/amsterdam-to-reutlingen-taxi","Amsterdam to Reutlingen Taxi"
"https://pickupr.com/amsterdam-to-roanne","Amsterdam to Roanne Taxi"
"https://pickupr.com/amsterdam-to-roanne-taxi","Amsterdam to Roanne Taxi"
"https://pickupr.com/amsterdam-to-rochefort","Amsterdam to Rochefort Taxi"
"https://pickupr.com/amsterdam-to-rochefort-taxi","Amsterdam to Rochefort Taxi"
"https://pickupr.com/amsterdam-to-roeselare","Amsterdam to Roeselare Taxi"
"https://pickupr.com/amsterdam-to-roeselare-taxi","Amsterdam to Roeselare Taxi"
"https://pickupr.com/amsterdam-to-ronse","Amsterdam to Ronse Taxi"
"https://pickupr.com/amsterdam-to-ronse-taxi","Amsterdam to Ronse Taxi"
"https://pickupr.com/amsterdam-to-rostock","Amsterdam to Rostock Taxi"
"https://pickupr.com/amsterdam-to-rostock-taxi","Amsterdam to Rostock Taxi"
"https://pickupr.com/amsterdam-to-roubaix","Amsterdam to Roubaix Taxi"
"https://pickupr.com/amsterdam-to-roubaix-taxi","Amsterdam to Roubaix Taxi"
"https://pickupr.com/amsterdam-to-rouen","Amsterdam to Rouen Taxi"
"https://pickupr.com/amsterdam-to-rouen-taxi","Amsterdam to Rouen Taxi"
"https://pickupr.com/amsterdam-to-saarbrucken","Amsterdam to Saarbrucken Taxi"
"https://pickupr.com/amsterdam-to-saarbrucken-taxi","Amsterdam to Saarbrucken Taxi"
"https://pickupr.com/amsterdam-to-saint-denis","Amsterdam to Saint-Denis Taxi"
"https://pickupr.com/amsterdam-to-saint-denis-taxi","Amsterdam to Saint-Denis Taxi"
"https://pickupr.com/amsterdam-to-saint-etienne","Amsterdam to Saint-Etienne Taxi"
"https://pickupr.com/amsterdam-to-saint-etienne-taxi","Amsterdam to Saint-Etienne Taxi"
"https://pickupr.com/amsterdam-to-saint-malo","Amsterdam to Saint-Malo Taxi"
"https://pickupr.com/amsterdam-to-saint-malo-taxi","Amsterdam to Saint-Malo Taxi"
"https://pickupr.com/amsterdam-to-salon-de-provence","Amsterdam to Salon-de-Provence Taxi"
"https://pickupr.com/amsterdam-to-salon-de-provence-taxi","Amsterdam to Salon-de-Provence Taxi"
"https://pickupr.com/amsterdam-to-salzgitter","Amsterdam to Salzgitter Taxi"
"https://pickupr.com/amsterdam-to-salzgitter-taxi","Amsterdam to Salzgitter Taxi"
"https://pickupr.com/amsterdam-to-schoten","Amsterdam to Schoten Taxi"
"https://pickupr.com/amsterdam-to-schoten-taxi","Amsterdam to Schoten Taxi"
"https://pickupr.com/amsterdam-to-seraing","Amsterdam to Seraing Taxi"
"https://pickupr.com/amsterdam-to-seraing-taxi","Amsterdam to Seraing Taxi"
"https://pickupr.com/amsterdam-to-sete","Amsterdam to Sete Taxi"
"https://pickupr.com/amsterdam-to-sete-taxi","Amsterdam to Sete Taxi"
"https://pickupr.com/amsterdam-to-siegen","Amsterdam to Siegen Taxi"
"https://pickupr.com/amsterdam-to-siegen-taxi","Amsterdam to Siegen Taxi"
"https://pickupr.com/amsterdam-to-sint-niklaas","Amsterdam to Sint-Niklaas Taxi"
"https://pickupr.com/amsterdam-to-sint-niklaas-taxi","Amsterdam to Sint-Niklaas Taxi"
"https://pickupr.com/amsterdam-to-soignies","Amsterdam to Soignies Taxi"
"https://pickupr.com/amsterdam-to-soignies-taxi","Amsterdam to Soignies Taxi"
"https://pickupr.com/amsterdam-to-solingen","Amsterdam to Solingen Taxi"
"https://pickupr.com/amsterdam-to-solingen-taxi","Amsterdam to Solingen Taxi"
"https://pickupr.com/amsterdam-to-spa","Amsterdam to Spa Taxi"
"https://pickupr.com/amsterdam-to-spa-taxi","Amsterdam to Spa Taxi"
"https://pickupr.com/amsterdam-to-strasbourg","Amsterdam to Strasbourg Taxi"
"https://pickupr.com/amsterdam-to-strasbourg-taxi","Amsterdam to Strasbourg Taxi"
"https://pickupr.com/amsterdam-to-stuttgart","Amsterdam to Stuttgart Taxi"
"https://pickupr.com/amsterdam-to-stuttgart-taxi","Amsterdam to Stuttgart Taxi"
"https://pickupr.com/amsterdam-to-tarbes","Amsterdam to Tarbes Taxi"
"https://pickupr.com/amsterdam-to-tarbes-taxi","Amsterdam to Tarbes Taxi"
"https://pickupr.com/amsterdam-to-temse","Amsterdam to Temse Taxi"
"https://pickupr.com/amsterdam-to-temse-taxi","Amsterdam to Temse Taxi"
"https://pickupr.com/amsterdam-to-tielt","Amsterdam to Tielt Taxi"
"https://pickupr.com/amsterdam-to-tielt-taxi","Amsterdam to Tielt Taxi"
"https://pickupr.com/amsterdam-to-tongeren","Amsterdam to Tongeren Taxi"
"https://pickupr.com/amsterdam-to-tongeren-taxi","Amsterdam to Tongeren Taxi"
"https://pickupr.com/amsterdam-to-toulon","Amsterdam to Toulon Taxi"
"https://pickupr.com/amsterdam-to-toulon-taxi","Amsterdam to Toulon Taxi"
"https://pickupr.com/amsterdam-to-toulouse","Amsterdam to Toulouse Taxi"
"https://pickupr.com/amsterdam-to-toulouse-taxi","Amsterdam to Toulouse Taxi"
"https://pickupr.com/amsterdam-to-tourcoing","Amsterdam to Tourcoing Taxi"
"https://pickupr.com/amsterdam-to-tourcoing-taxi","Amsterdam to Tourcoing Taxi"
"https://pickupr.com/amsterdam-to-tournai","Amsterdam to Tournai Taxi"
"https://pickupr.com/amsterdam-to-tournai-taxi","Amsterdam to Tournai Taxi"
"https://pickupr.com/amsterdam-to-tours","Amsterdam to Tours Taxi"
"https://pickupr.com/amsterdam-to-tours-taxi","Amsterdam to Tours Taxi"
"https://pickupr.com/amsterdam-to-trier","Amsterdam to Trier Taxi"
"https://pickupr.com/amsterdam-to-trier-taxi","Amsterdam to Trier Taxi"
"https://pickupr.com/amsterdam-to-troyes","Amsterdam to Troyes Taxi"
"https://pickupr.com/amsterdam-to-troyes-taxi","Amsterdam to Troyes Taxi"
"https://pickupr.com/amsterdam-to-tubize","Amsterdam to Tubize Taxi"
"https://pickupr.com/amsterdam-to-tubize-taxi","Amsterdam to Tubize Taxi"
"https://pickupr.com/amsterdam-to-turnhout","Amsterdam to Turnhout Taxi"
"https://pickupr.com/amsterdam-to-turnhout-taxi","Amsterdam to Turnhout Taxi"
"https://pickupr.com/amsterdam-to-uccle","Amsterdam to Uccle Taxi"
"https://pickupr.com/amsterdam-to-uccle-taxi","Amsterdam to Uccle Taxi"
"https://pickupr.com/amsterdam-to-ulm","Amsterdam to Ulm Taxi"
"https://pickupr.com/amsterdam-to-ulm-taxi","Amsterdam to Ulm Taxi"
"https://pickupr.com/amsterdam-to-valence","Amsterdam to Valence Taxi"
"https://pickupr.com/amsterdam-to-valence-taxi","Amsterdam to Valence Taxi"
"https://pickupr.com/amsterdam-to-vannes","Amsterdam to Vannes Taxi"
"https://pickupr.com/amsterdam-to-vannes-taxi","Amsterdam to Vannes Taxi"
"https://pickupr.com/amsterdam-to-verviers","Amsterdam to Verviers Taxi"
"https://pickupr.com/amsterdam-to-verviers-taxi","Amsterdam to Verviers Taxi"
"https://pickupr.com/amsterdam-to-vichy","Amsterdam to Vichy Taxi"
"https://pickupr.com/amsterdam-to-vichy-taxi","Amsterdam to Vichy Taxi"
"https://pickupr.com/amsterdam-to-villeurbanne","Amsterdam to Villeurbanne Taxi"
"https://pickupr.com/amsterdam-to-villeurbanne-taxi","Amsterdam to Villeurbanne Taxi"
"https://pickupr.com/amsterdam-to-vilvoorde","Amsterdam to Vilvoorde Taxi"
"https://pickupr.com/amsterdam-to-vilvoorde-taxi","Amsterdam to Vilvoorde Taxi"
"https://pickupr.com/amsterdam-to-waregem","Amsterdam to Waregem Taxi"
"https://pickupr.com/amsterdam-to-waregem-taxi","Amsterdam to Waregem Taxi"
"https://pickupr.com/amsterdam-to-waterloo","Amsterdam to Waterloo Taxi"
"https://pickupr.com/amsterdam-to-waterloo-taxi","Amsterdam to Waterloo Taxi"
"https://pickupr.com/amsterdam-to-wavre","Amsterdam to Wavre Taxi"
"https://pickupr.com/amsterdam-to-wavre-taxi","Amsterdam to Wavre Taxi"
"https://pickupr.com/amsterdam-to-wiesbaden","Amsterdam to Wiesbaden Taxi"
"https://pickupr.com/amsterdam-to-wiesbaden-taxi","Amsterdam to Wiesbaden Taxi"
"https://pickupr.com/amsterdam-to-wolfsburg","Amsterdam to Wolfsburg Taxi"
"https://pickupr.com/amsterdam-to-wolfsburg-taxi","Amsterdam to Wolfsburg Taxi"
"https://pickupr.com/amsterdam-to-wuppertal","Amsterdam to Wuppertal Taxi"
"https://pickupr.com/amsterdam-to-wuppertal-taxi","Amsterdam to Wuppertal Taxi"
"https://pickupr.com/amsterdam-to-wurzburg","Amsterdam to Wurzburg Taxi"
"https://pickupr.com/amsterdam-to-wurzburg-taxi","Amsterdam to Wurzburg Taxi"
"https://pickupr.com/amsterdam-to-ypres","Amsterdam to Ypres Taxi"
"https://pickupr.com/amsterdam-to-ypres-taxi","Amsterdam to Ypres Taxi"
"https://pickupr.com/amsterdam-to-zaventem","Amsterdam to Zaventem Taxi"
"https://pickupr.com/amsterdam-to-zaventem-taxi","Amsterdam to Zaventem Taxi"
"https://pickupr.com/belgium-airport-transfer","Belgium Airport Transfer"
"https://pickupr.com/best-vip-chauffeured-worldwide","Best VIP Chauffeured Worldwide"
"https://pickupr.com/black-car-service-amsterdam","Black Car Service Amsterdam"
"https://pickupr.com/blog","Airport taxi & private transfer guides"
"https://pickupr.com/blog/schiphol-to-antwerp-private-transfer","Schiphol to Antwerp taxi | Private transfer guide"
"https://pickupr.com/blog/schiphol-to-brussels-private-transfer","Schiphol to Brussels private taxi: time, price, and booking"
"https://pickupr.com/blog/schiphol-to-cologne-private-transfer","Schiphol to Cologne taxi: Germany private transfer guide"
"https://pickupr.com/blog/schiphol-to-dusseldorf-private-transfer","Schiphol to Dusseldorf taxi | Private transfer guide"
"https://pickupr.com/blog/schiphol-to-eindhoven-private-transfer","Schiphol to Eindhoven taxi | Private transfer guide"
"https://pickupr.com/blog/schiphol-to-frankfurt-private-transfer","Schiphol to Frankfurt taxi | Private transfer guide"
"https://pickupr.com/blog/schiphol-to-lille-private-transfer","Schiphol to Lille taxi | Private transfer guide"
"https://pickupr.com/blog/schiphol-to-paris-private-transfer","Schiphol to Paris taxi | Private transfer guide"
"https://pickupr.com/blog/schiphol-to-rotterdam-private-transfer","Schiphol to Rotterdam taxi | Private transfer guide"
"https://pickupr.com/blog/schiphol-to-utrecht-private-transfer","Schiphol to Utrecht taxi | Private transfer guide"
"https://pickupr.com/blog/taxi-amsterdam-airport","Taxi Amsterdam Airport | Private transfer guide"
"https://pickupr.com/blog/taxi-eindhoven-airport","Taxi Eindhoven Airport: Book a fast private airport transfer"
"https://pickupr.com/blog/taxi-rotterdam-airport","Taxi Rotterdam Airport | Private transfer guide"
"https://pickupr.com/blog/taxi-rotterdam-the-haque-airport","Taxi Rotterdam The Hague Airport | Transfer guide"
"https://pickupr.com/blog/taxi-the-haque-airport","Taxi The Haque Airport: Private taxi booking tips"
"https://pickupr.com/book-airport-taxi-netherlands","Book Airport Taxi Netherlands"
"https://pickupr.com/business-airport-transfer","Business Airport Transfer"
"https://pickupr.com/business-chauffeur-hire","Business Chauffeur Hire"
"https://pickupr.com/business-taxi-netherlands","Business Taxi Netherlands"
"https://pickupr.com/chauffeur-service-amsterdam","Chauffeur Service Amsterdam"
"https://pickupr.com/corporate-airport-transfer","Corporate Airport Transfer"
"https://pickupr.com/cross-border-airport-taxi","Cross Border Airport Taxi"
"https://pickupr.com/cross-border-taxi","Cross Border Taxi"
"https://pickupr.com/destinations","All destinations"
"https://pickupr.com/door-to-door-airport-transfer","Door to Door Airport Transfer"
"https://pickupr.com/drivers","Private Airport Transfers Across Europe"
"https://pickupr.com/dutch-airport-taxi","Dutch Airport Taxi"
"https://pickupr.com/eindhoven-airport-taxi","Eindhoven Airport Taxi"
"https://pickupr.com/eindhoven-airport-transfer","Eindhoven Airport Transfer"
"https://pickupr.com/eindhoven-to-brussels-taxi","Eindhoven to Brussels Taxi"
"https://pickupr.com/eindhoven-to-dusseldorf-taxi","Eindhoven to Dusseldorf Taxi"
"https://pickupr.com/eindhoven-to-paris-taxi","Eindhoven to Paris Taxi"
"https://pickupr.com/european-airport-transfer","European Airport Transfer"
"https://pickupr.com/europe-taxi-transfer","Europe Taxi Transfer"
"https://pickupr.com/executive-airport-transfer","Executive Airport Transfer"
"https://pickupr.com/executive-chauffeur-netherlands","Executive Chauffeur Netherlands"
"https://pickupr.com/executive-taxi-netherlands","Executive Taxi Netherlands"
"https://pickupr.com/france-airport-transfer","France Airport Transfer"
"https://pickupr.com/germany-airport-transfer","Germany Airport Transfer"
"https://pickupr.com/hourly","Private Airport Transfers Across Europe"
"https://pickupr.com/index.html","Private Airport Transfers Across Europe"
"https://pickupr.com/international-airport-transfer","International Airport Transfer"
"https://pickupr.com/international-chauffeur-service","International Chauffeur Service"
"https://pickupr.com/international-taxi-service","International Taxi Service"
"https://pickupr.com/long-distance-taxi","Long Distance Taxi"
"https://pickupr.com/luxury-airport-taxi","Luxury Airport Taxi"
"https://pickupr.com/luxury-airport-transfer-netherlands","Luxury Airport Transfer Netherlands"
"https://pickupr.com/luxury-taxi-amsterdam","Luxury Taxi Amsterdam"
"https://pickupr.com/meet-and-greet-airport-service","Meet and Greet Airport Service"
"https://pickupr.com/netherlands-airport-transfer","Netherlands Airport Transfer"
"https://pickupr.com/netherlands-to-belgium-taxi","Netherlands to Belgium Taxi"
"https://pickupr.com/netherlands-to-france-taxi","Netherlands to France Taxi"
"https://pickupr.com/netherlands-to-germany-taxi","Netherlands to Germany Taxi"
"https://pickupr.com/personal-chauffeur","Personal Chauffeur"
"https://pickupr.com/personal-driver-service","Personal Driver Service"
"https://pickupr.com/personal-drivers-for-hire","Personal Drivers for Hire"
"https://pickupr.com/premium-taxi-service","Premium Taxi Service"
"https://pickupr.com/privacy-policy","Private Airport Transfers Across Europe"
"https://pickupr.com/private-airport-transfer","Private Airport Transfer"
"https://pickupr.com/private-chauffeur","Private Chauffeur"
"https://pickupr.com/private-chauffeur-service","Private Chauffeur Service"
"https://pickupr.com/private-driver-services","Private Driver Services"
"https://pickupr.com/private-long-distance-taxi","Private Long Distance Taxi"
"https://pickupr.com/private-taxi-amsterdam-airport","Private Taxi Amsterdam Airport"
"https://pickupr.com/rotterdam-airport-taxi","Rotterdam Airport Taxi"
"https://pickupr.com/rotterdam-the-hague-airport-taxi","Rotterdam The Hague Airport Taxi"
"https://pickupr.com/rotterdam-to-antwerp-taxi","Rotterdam to Antwerp Taxi"
"https://pickupr.com/rotterdam-to-dusseldorf-taxi","Rotterdam to Dusseldorf Taxi"
"https://pickupr.com/rotterdam-to-paris-taxi","Rotterdam to Paris Taxi"
"https://pickupr.com/routes","All routes"
"https://pickupr.com/schiphol-airport-taxi","Schiphol Airport Taxi"
"https://pickupr.com/schiphol-airport-to-aachen-taxi","Schiphol Airport to Aachen Taxi"
"https://pickupr.com/schiphol-airport-to-aalen-taxi","Schiphol Airport to Aalen Taxi"
"https://pickupr.com/schiphol-airport-to-aalsmeer-taxi","Schiphol Airport to Aalsmeer Taxi"
"https://pickupr.com/schiphol-airport-to-aalst-taxi","Schiphol Airport to Aalst Taxi"
"https://pickupr.com/schiphol-airport-to-aarschot-taxi","Schiphol Airport to Aarschot Taxi"
"https://pickupr.com/schiphol-airport-to-agen-taxi","Schiphol Airport to Agen Taxi"
"https://pickupr.com/schiphol-airport-to-aix-en-provence-taxi","Schiphol Airport to Aix-en-Provence Taxi"
"https://pickupr.com/schiphol-airport-to-ajaccio-taxi","Schiphol Airport to Ajaccio Taxi"
"https://pickupr.com/schiphol-airport-to-albi-taxi","Schiphol Airport to Albi Taxi"
"https://pickupr.com/schiphol-airport-to-alkmaar-taxi","Schiphol Airport to Alkmaar Taxi"
"https://pickupr.com/schiphol-airport-to-almere-taxi","Schiphol Airport to Almere Taxi"
"https://pickupr.com/schiphol-airport-to-alphen-aan-den-rijn-taxi","Schiphol Airport to Alphen aan den Rijn Taxi"
"https://pickupr.com/schiphol-airport-to-amersfoort-taxi","Schiphol Airport to Amersfoort Taxi"
"https://pickupr.com/schiphol-airport-to-amiens-taxi","Schiphol Airport to Amiens Taxi"
"https://pickupr.com/schiphol-airport-to-amstelveen-taxi","Schiphol Airport to Amstelveen Taxi"
"https://pickupr.com/schiphol-airport-to-amsterdam-taxi","Schiphol Airport to Amsterdam Taxi"
"https://pickupr.com/schiphol-airport-to-andenne-taxi","Schiphol Airport to Andenne Taxi"
"https://pickupr.com/schiphol-airport-to-angers-taxi","Schiphol Airport to Angers Taxi"
"https://pickupr.com/schiphol-airport-to-annecy-taxi","Schiphol Airport to Annecy Taxi"
"https://pickupr.com/schiphol-airport-to-antibes-taxi","Schiphol Airport to Antibes Taxi"
"https://pickupr.com/schiphol-airport-to-antwerp-taxi","Schiphol Airport to Antwerp Taxi"
"https://pickupr.com/schiphol-airport-to-apeldoorn-taxi","Schiphol Airport to Apeldoorn Taxi"
"https://pickupr.com/schiphol-airport-to-argenteuil-taxi","Schiphol Airport to Argenteuil Taxi"
"https://pickupr.com/schiphol-airport-to-arles-taxi","Schiphol Airport to Arles Taxi"
"https://pickupr.com/schiphol-airport-to-arlon-taxi","Schiphol Airport to Arlon Taxi"
"https://pickupr.com/schiphol-airport-to-arnhem-taxi","Schiphol Airport to Arnhem Taxi"
"https://pickupr.com/schiphol-airport-to-assen-taxi","Schiphol Airport to Assen Taxi"
"https://pickupr.com/schiphol-airport-to-audenarde-taxi","Schiphol Airport to Audenarde Taxi"
"https://pickupr.com/schiphol-airport-to-augsburg-taxi","Schiphol Airport to Augsburg Taxi"
"https://pickupr.com/schiphol-airport-to-avignon-taxi","Schiphol Airport to Avignon Taxi"
"https://pickupr.com/schiphol-airport-to-bamberg-taxi","Schiphol Airport to Bamberg Taxi"
"https://pickupr.com/schiphol-airport-to-barneveld-taxi","Schiphol Airport to Barneveld Taxi"
"https://pickupr.com/schiphol-airport-to-bastia-taxi","Schiphol Airport to Bastia Taxi"
"https://pickupr.com/schiphol-airport-to-bastogne-taxi","Schiphol Airport to Bastogne Taxi"
"https://pickupr.com/schiphol-airport-to-bayonne-taxi","Schiphol Airport to Bayonne Taxi"
"https://pickupr.com/schiphol-airport-to-bayreuth-taxi","Schiphol Airport to Bayreuth Taxi"
"https://pickupr.com/schiphol-airport-to-bergen-op-zoom-taxi","Schiphol Airport to Bergen op Zoom Taxi"
"https://pickupr.com/schiphol-airport-to-beringen-taxi","Schiphol Airport to Beringen Taxi"
"https://pickupr.com/schiphol-airport-to-berlin-taxi","Schiphol Airport to Berlin Taxi"
"https://pickupr.com/schiphol-airport-to-besancon-taxi","Schiphol Airport to Besancon Taxi"
"https://pickupr.com/schiphol-airport-to-best-taxi","Schiphol Airport to Best Taxi"
"https://pickupr.com/schiphol-airport-to-beverwijk-taxi","Schiphol Airport to Beverwijk Taxi"
"https://pickupr.com/schiphol-airport-to-beziers-taxi","Schiphol Airport to Beziers Taxi"
"https://pickupr.com/schiphol-airport-to-biarritz-taxi","Schiphol Airport to Biarritz Taxi"
"https://pickupr.com/schiphol-airport-to-bielefeld-taxi","Schiphol Airport to Bielefeld Taxi"
"https://pickupr.com/schiphol-airport-to-bilzen-taxi","Schiphol Airport to Bilzen Taxi"
"https://pickupr.com/schiphol-airport-to-binche-taxi","Schiphol Airport to Binche Taxi"
"https://pickupr.com/schiphol-airport-to-blankenberge-taxi","Schiphol Airport to Blankenberge Taxi"
"https://pickupr.com/schiphol-airport-to-blaricum-taxi","Schiphol Airport to Blaricum Taxi"
"https://pickupr.com/schiphol-airport-to-blois-taxi","Schiphol Airport to Blois Taxi"
"https://pickupr.com/schiphol-airport-to-bochum-taxi","Schiphol Airport to Bochum Taxi"
"https://pickupr.com/schiphol-airport-to-bonn-taxi","Schiphol Airport to Bonn Taxi"
"https://pickupr.com/schiphol-airport-to-boom-taxi","Schiphol Airport to Boom Taxi"
"https://pickupr.com/schiphol-airport-to-bordeaux-taxi","Schiphol Airport to Bordeaux Taxi"
"https://pickupr.com/schiphol-airport-to-bottrop-taxi","Schiphol Airport to Bottrop Taxi"
"https://pickupr.com/schiphol-airport-to-bouillon-taxi","Schiphol Airport to Bouillon Taxi"
"https://pickupr.com/schiphol-airport-to-boulogne-billancourt-taxi","Schiphol Airport to Boulogne-Billancourt Taxi"
"https://pickupr.com/schiphol-airport-to-bourg-en-bresse-taxi","Schiphol Airport to Bourg-en-Bresse Taxi"
"https://pickupr.com/schiphol-airport-to-boxtel-taxi","Schiphol Airport to Boxtel Taxi"
"https://pickupr.com/schiphol-airport-to-brasschaat-taxi","Schiphol Airport to Brasschaat Taxi"
"https://pickupr.com/schiphol-airport-to-braunschweig-taxi","Schiphol Airport to Braunschweig Taxi"
"https://pickupr.com/schiphol-airport-to-breda-taxi","Schiphol Airport to Breda Taxi"
"https://pickupr.com/schiphol-airport-to-bremen-taxi","Schiphol Airport to Bremen Taxi"
"https://pickupr.com/schiphol-airport-to-bremerhaven-taxi","Schiphol Airport to Bremerhaven Taxi"
"https://pickupr.com/schiphol-airport-to-brest-taxi","Schiphol Airport to Brest Taxi"
"https://pickupr.com/schiphol-airport-to-brive-la-gaillarde-taxi","Schiphol Airport to Brive-la-Gaillarde Taxi"
"https://pickupr.com/schiphol-airport-to-bruges-taxi","Schiphol Airport to Bruges Taxi"
"https://pickupr.com/schiphol-airport-to-brussels-taxi","Schiphol Airport to Brussels Taxi"
"https://pickupr.com/schiphol-airport-to-bussum-taxi","Schiphol Airport to Bussum Taxi"
"https://pickupr.com/schiphol-airport-to-caen-taxi","Schiphol Airport to Caen Taxi"
"https://pickupr.com/schiphol-airport-to-calais-taxi","Schiphol Airport to Calais Taxi"
"https://pickupr.com/schiphol-airport-to-cannes-taxi","Schiphol Airport to Cannes Taxi"
"https://pickupr.com/schiphol-airport-to-capelle-aan-den-ijssel-taxi","Schiphol Airport to Capelle aan den IJssel Taxi"
"https://pickupr.com/schiphol-airport-to-carcassonne-taxi","Schiphol Airport to Carcassonne Taxi"
"https://pickupr.com/schiphol-airport-to-chalon-sur-saone-taxi","Schiphol Airport to Chalon-sur-Saone Taxi"
"https://pickupr.com/schiphol-airport-to-chambery-taxi","Schiphol Airport to Chambery Taxi"
"https://pickupr.com/schiphol-airport-to-charleroi-taxi","Schiphol Airport to Charleroi Taxi"
"https://pickupr.com/schiphol-airport-to-chartres-taxi","Schiphol Airport to Chartres Taxi"
"https://pickupr.com/schiphol-airport-to-chemnitz-taxi","Schiphol Airport to Chemnitz Taxi"
"https://pickupr.com/schiphol-airport-to-cherbourg-taxi","Schiphol Airport to Cherbourg Taxi"
"https://pickupr.com/schiphol-airport-to-cholet-taxi","Schiphol Airport to Cholet Taxi"
"https://pickupr.com/schiphol-airport-to-clermont-ferrand-taxi","Schiphol Airport to Clermont-Ferrand Taxi"
"https://pickupr.com/schiphol-airport-to-coevorden-taxi","Schiphol Airport to Coevorden Taxi"
"https://pickupr.com/schiphol-airport-to-colmar-taxi","Schiphol Airport to Colmar Taxi"
"https://pickupr.com/schiphol-airport-to-cologne-taxi","Schiphol Airport to Cologne Taxi"
"https://pickupr.com/schiphol-airport-to-cottbus-taxi","Schiphol Airport to Cottbus Taxi"
"https://pickupr.com/schiphol-airport-to-darmstadt-taxi","Schiphol Airport to Darmstadt Taxi"
"https://pickupr.com/schiphol-airport-to-deinze-taxi","Schiphol Airport to Deinze Taxi"
"https://pickupr.com/schiphol-airport-to-delft-taxi","Schiphol Airport to Delft Taxi"
"https://pickupr.com/schiphol-airport-to-dendermonde-taxi","Schiphol Airport to Dendermonde Taxi"
"https://pickupr.com/schiphol-airport-to-den-helder-taxi","Schiphol Airport to Den Helder Taxi"
"https://pickupr.com/schiphol-airport-to-deventer-taxi","Schiphol Airport to Deventer Taxi"
"https://pickupr.com/schiphol-airport-to-diest-taxi","Schiphol Airport to Diest Taxi"
"https://pickupr.com/schiphol-airport-to-dijon-taxi","Schiphol Airport to Dijon Taxi"
"https://pickupr.com/schiphol-airport-to-dinant-taxi","Schiphol Airport to Dinant Taxi"
"https://pickupr.com/schiphol-airport-to-doetinchem-taxi","Schiphol Airport to Doetinchem Taxi"
"https://pickupr.com/schiphol-airport-to-dordrecht-taxi","Schiphol Airport to Dordrecht Taxi"
"https://pickupr.com/schiphol-airport-to-dortmund-taxi","Schiphol Airport to Dortmund Taxi"
"https://pickupr.com/schiphol-airport-to-drachten-taxi","Schiphol Airport to Drachten Taxi"
"https://pickupr.com/schiphol-airport-to-dresden-taxi","Schiphol Airport to Dresden Taxi"
"https://pickupr.com/schiphol-airport-to-dronten-taxi","Schiphol Airport to Dronten Taxi"
"https://pickupr.com/schiphol-airport-to-duisburg-taxi","Schiphol Airport to Duisburg Taxi"
"https://pickupr.com/schiphol-airport-to-dunkerque-taxi","Schiphol Airport to Dunkerque Taxi"
"https://pickupr.com/schiphol-airport-to-durbuy-taxi","Schiphol Airport to Durbuy Taxi"
"https://pickupr.com/schiphol-airport-to-dusseldorf-taxi","Schiphol Airport to Dusseldorf Taxi"
"https://pickupr.com/schiphol-airport-to-ede-taxi","Schiphol Airport to Ede Taxi"
"https://pickupr.com/schiphol-airport-to-eeklo-taxi","Schiphol Airport to Eeklo Taxi"
"https://pickupr.com/schiphol-airport-to-eindhoven-taxi","Schiphol Airport to Eindhoven Taxi"
"https://pickupr.com/schiphol-airport-to-emden-taxi","Schiphol Airport to Emden Taxi"
"https://pickupr.com/schiphol-airport-to-emmen-taxi","Schiphol Airport to Emmen Taxi"
"https://pickupr.com/schiphol-airport-to-enschede-taxi","Schiphol Airport to Enschede Taxi"
"https://pickupr.com/schiphol-airport-to-epinal-taxi","Schiphol Airport to Epinal Taxi"
"https://pickupr.com/schiphol-airport-to-erfurt-taxi","Schiphol Airport to Erfurt Taxi"
"https://pickupr.com/schiphol-airport-to-erlangen-taxi","Schiphol Airport to Erlangen Taxi"
"https://pickupr.com/schiphol-airport-to-essen-taxi","Schiphol Airport to Essen Taxi"
"https://pickupr.com/schiphol-airport-to-eupen-taxi","Schiphol Airport to Eupen Taxi"
"https://pickupr.com/schiphol-airport-to-flensburg-taxi","Schiphol Airport to Flensburg Taxi"
"https://pickupr.com/schiphol-airport-to-frankfurt-taxi","Schiphol Airport to Frankfurt Taxi"
"https://pickupr.com/schiphol-airport-to-freiburg-taxi","Schiphol Airport to Freiburg Taxi"
"https://pickupr.com/schiphol-airport-to-frejus-taxi","Schiphol Airport to Frejus Taxi"
"https://pickupr.com/schiphol-airport-to-fulda-taxi","Schiphol Airport to Fulda Taxi"
"https://pickupr.com/schiphol-airport-to-furth-taxi","Schiphol Airport to Furth Taxi"
"https://pickupr.com/schiphol-airport-to-gap-taxi","Schiphol Airport to Gap Taxi"
"https://pickupr.com/schiphol-airport-to-geel-taxi","Schiphol Airport to Geel Taxi"
"https://pickupr.com/schiphol-airport-to-gelsenkirchen-taxi","Schiphol Airport to Gelsenkirchen Taxi"
"https://pickupr.com/schiphol-airport-to-genk-taxi","Schiphol Airport to Genk Taxi"
"https://pickupr.com/schiphol-airport-to-geraardsbergen-taxi","Schiphol Airport to Geraardsbergen Taxi"
"https://pickupr.com/schiphol-airport-to-ghent-taxi","Schiphol Airport to Ghent Taxi"
"https://pickupr.com/schiphol-airport-to-giessen-taxi","Schiphol Airport to Giessen Taxi"
"https://pickupr.com/schiphol-airport-to-gorinchem-taxi","Schiphol Airport to Gorinchem Taxi"
"https://pickupr.com/schiphol-airport-to-gottingen-taxi","Schiphol Airport to Gottingen Taxi"
"https://pickupr.com/schiphol-airport-to-gouda-taxi","Schiphol Airport to Gouda Taxi"
"https://pickupr.com/schiphol-airport-to-grasse-taxi","Schiphol Airport to Grasse Taxi"
"https://pickupr.com/schiphol-airport-to-grenoble-taxi","Schiphol Airport to Grenoble Taxi"
"https://pickupr.com/schiphol-airport-to-groningen-taxi","Schiphol Airport to Groningen Taxi"
"https://pickupr.com/schiphol-airport-to-haarlem-taxi","Schiphol Airport to Haarlem Taxi"
"https://pickupr.com/schiphol-airport-to-hagen-taxi","Schiphol Airport to Hagen Taxi"
"https://pickupr.com/schiphol-airport-to-halle-taxi","Schiphol Airport to Halle Taxi"
"https://pickupr.com/schiphol-airport-to-hamburg-taxi","Schiphol Airport to Hamburg Taxi"
"https://pickupr.com/schiphol-airport-to-hamm-taxi","Schiphol Airport to Hamm Taxi"
"https://pickupr.com/schiphol-airport-to-hanover-taxi","Schiphol Airport to Hanover Taxi"
"https://pickupr.com/schiphol-airport-to-harderwijk-taxi","Schiphol Airport to Harderwijk Taxi"
"https://pickupr.com/schiphol-airport-to-hasselt-taxi","Schiphol Airport to Hasselt Taxi"
"https://pickupr.com/schiphol-airport-to-heemskerk-taxi","Schiphol Airport to Heemskerk Taxi"
"https://pickupr.com/schiphol-airport-to-heerenveen-taxi","Schiphol Airport to Heerenveen Taxi"
"https://pickupr.com/schiphol-airport-to-heerlen-taxi","Schiphol Airport to Heerlen Taxi"
"https://pickupr.com/schiphol-airport-to-heidelberg-taxi","Schiphol Airport to Heidelberg Taxi"
"https://pickupr.com/schiphol-airport-to-heilbronn-taxi","Schiphol Airport to Heilbronn Taxi"
"https://pickupr.com/schiphol-airport-to-heist-op-den-berg-taxi","Schiphol Airport to Heist-op-den-Berg Taxi"
"https://pickupr.com/schiphol-airport-to-hellevoetsluis-taxi","Schiphol Airport to Hellevoetsluis Taxi"
"https://pickupr.com/schiphol-airport-to-helmond-taxi","Schiphol Airport to Helmond Taxi"
"https://pickupr.com/schiphol-airport-to-hengelo-taxi","Schiphol Airport to Hengelo Taxi"
"https://pickupr.com/schiphol-airport-to-herentals-taxi","Schiphol Airport to Herentals Taxi"
"https://pickupr.com/schiphol-airport-to-herne-taxi","Schiphol Airport to Herne Taxi"
"https://pickupr.com/schiphol-airport-to-hildesheim-taxi","Schiphol Airport to Hildesheim Taxi"
"https://pickupr.com/schiphol-airport-to-hillegom-taxi","Schiphol Airport to Hillegom Taxi"
"https://pickupr.com/schiphol-airport-to-hilversum-taxi","Schiphol Airport to Hilversum Taxi"
"https://pickupr.com/schiphol-airport-to-hoofddorp-taxi","Schiphol Airport to Hoofddorp Taxi"
"https://pickupr.com/schiphol-airport-to-hoorn-taxi","Schiphol Airport to Hoorn Taxi"
"https://pickupr.com/schiphol-airport-to-houten-taxi","Schiphol Airport to Houten Taxi"
"https://pickupr.com/schiphol-airport-to-huy-taxi","Schiphol Airport to Huy Taxi"
"https://pickupr.com/schiphol-airport-to-ingolstadt-taxi","Schiphol Airport to Ingolstadt Taxi"
"https://pickupr.com/schiphol-airport-to-istres-taxi","Schiphol Airport to Istres Taxi"
"https://pickupr.com/schiphol-airport-to-izegem-taxi","Schiphol Airport to Izegem Taxi"
"https://pickupr.com/schiphol-airport-to-jena-taxi","Schiphol Airport to Jena Taxi"
"https://pickupr.com/schiphol-airport-to-jette-taxi","Schiphol Airport to Jette Taxi"
"https://pickupr.com/schiphol-airport-to-kaiserslautern-taxi","Schiphol Airport to Kaiserslautern Taxi"
"https://pickupr.com/schiphol-airport-to-kampen-taxi","Schiphol Airport to Kampen Taxi"
"https://pickupr.com/schiphol-airport-to-karlsruhe-taxi","Schiphol Airport to Karlsruhe Taxi"
"https://pickupr.com/schiphol-airport-to-kassel-taxi","Schiphol Airport to Kassel Taxi"
"https://pickupr.com/schiphol-airport-to-katwijk-taxi","Schiphol Airport to Katwijk Taxi"
"https://pickupr.com/schiphol-airport-to-kerkrade-taxi","Schiphol Airport to Kerkrade Taxi"
"https://pickupr.com/schiphol-airport-to-kiel-taxi","Schiphol Airport to Kiel Taxi"
"https://pickupr.com/schiphol-airport-to-knokke-taxi","Schiphol Airport to Knokke Taxi"
"https://pickupr.com/schiphol-airport-to-koblenz-taxi","Schiphol Airport to Koblenz Taxi"
"https://pickupr.com/schiphol-airport-to-konstanz-taxi","Schiphol Airport to Konstanz Taxi"
"https://pickupr.com/schiphol-airport-to-kortrijk-taxi","Schiphol Airport to Kortrijk Taxi"
"https://pickupr.com/schiphol-airport-to-krefeld-taxi","Schiphol Airport to Krefeld Taxi"
"https://pickupr.com/schiphol-airport-to-la-louviere-taxi","Schiphol Airport to La Louviere Taxi"
"https://pickupr.com/schiphol-airport-to-landshut-taxi","Schiphol Airport to Landshut Taxi"
"https://pickupr.com/schiphol-airport-to-laon-taxi","Schiphol Airport to Laon Taxi"
"https://pickupr.com/schiphol-airport-to-laren-taxi","Schiphol Airport to Laren Taxi"
"https://pickupr.com/schiphol-airport-to-la-rochelle-taxi","Schiphol Airport to La Rochelle Taxi"
"https://pickupr.com/schiphol-airport-to-leeuwarden-taxi","Schiphol Airport to Leeuwarden Taxi"
"https://pickupr.com/schiphol-airport-to-le-havre-taxi","Schiphol Airport to Le Havre Taxi"
"https://pickupr.com/schiphol-airport-to-leiden-taxi","Schiphol Airport to Leiden Taxi"
"https://pickupr.com/schiphol-airport-to-leidschendam-taxi","Schiphol Airport to Leidschendam Taxi"
"https://pickupr.com/schiphol-airport-to-leipzig-taxi","Schiphol Airport to Leipzig Taxi"
"https://pickupr.com/schiphol-airport-to-lelystad-taxi","Schiphol Airport to Lelystad Taxi"
"https://pickupr.com/schiphol-airport-to-le-mans-taxi","Schiphol Airport to Le Mans Taxi"
"https://pickupr.com/schiphol-airport-to-leuven-taxi","Schiphol Airport to Leuven Taxi"
"https://pickupr.com/schiphol-airport-to-leverkusen-taxi","Schiphol Airport to Leverkusen Taxi"
"https://pickupr.com/schiphol-airport-to-liege-taxi","Schiphol Airport to Liege Taxi"
"https://pickupr.com/schiphol-airport-to-lier-taxi","Schiphol Airport to Lier Taxi"
"https://pickupr.com/schiphol-airport-to-lille-taxi","Schiphol Airport to Lille Taxi"
"https://pickupr.com/schiphol-airport-to-limoges-taxi","Schiphol Airport to Limoges Taxi"
"https://pickupr.com/schiphol-airport-to-lisse-taxi","Schiphol Airport to Lisse Taxi"
"https://pickupr.com/schiphol-airport-to-lokeren-taxi","Schiphol Airport to Lokeren Taxi"
"https://pickupr.com/schiphol-airport-to-lommel-taxi","Schiphol Airport to Lommel Taxi"
"https://pickupr.com/schiphol-airport-to-lorient-taxi","Schiphol Airport to Lorient Taxi"
"https://pickupr.com/schiphol-airport-to-louvain-la-neuve-taxi","Schiphol Airport to Louvain-la-Neuve Taxi"
"https://pickupr.com/schiphol-airport-to-lubeck-taxi","Schiphol Airport to Lubeck Taxi"
"https://pickupr.com/schiphol-airport-to-ludwigshafen-taxi","Schiphol Airport to Ludwigshafen Taxi"
"https://pickupr.com/schiphol-airport-to-luneburg-taxi","Schiphol Airport to Luneburg Taxi"
"https://pickupr.com/schiphol-airport-to-lyon-taxi","Schiphol Airport to Lyon Taxi"
"https://pickupr.com/schiphol-airport-to-maaseik-taxi","Schiphol Airport to Maaseik Taxi"
"https://pickupr.com/schiphol-airport-to-maastricht-taxi","Schiphol Airport to Maastricht Taxi"
"https://pickupr.com/schiphol-airport-to-macon-taxi","Schiphol Airport to Macon Taxi"
"https://pickupr.com/schiphol-airport-to-magdeburg-taxi","Schiphol Airport to Magdeburg Taxi"
"https://pickupr.com/schiphol-airport-to-mainz-taxi","Schiphol Airport to Mainz Taxi"
"https://pickupr.com/schiphol-airport-to-malmedy-taxi","Schiphol Airport to Malmedy Taxi"
"https://pickupr.com/schiphol-airport-to-mannheim-taxi","Schiphol Airport to Mannheim Taxi"
"https://pickupr.com/schiphol-airport-to-marburg-taxi","Schiphol Airport to Marburg Taxi"
"https://pickupr.com/schiphol-airport-to-marche-en-famenne-taxi","Schiphol Airport to Marche-en-Famenne Taxi"
"https://pickupr.com/schiphol-airport-to-marseille-taxi","Schiphol Airport to Marseille Taxi"
"https://pickupr.com/schiphol-airport-to-mechelen-taxi","Schiphol Airport to Mechelen Taxi"
"https://pickupr.com/schiphol-airport-to-meppel-taxi","Schiphol Airport to Meppel Taxi"
"https://pickupr.com/schiphol-airport-to-metz-taxi","Schiphol Airport to Metz Taxi"
"https://pickupr.com/schiphol-airport-to-middelburg-taxi","Schiphol Airport to Middelburg Taxi"
"https://pickupr.com/schiphol-airport-to-moers-taxi","Schiphol Airport to Moers Taxi"
"https://pickupr.com/schiphol-airport-to-mol-taxi","Schiphol Airport to Mol Taxi"
"https://pickupr.com/schiphol-airport-to-monchengladbach-taxi","Schiphol Airport to Monchengladbach Taxi"
"https://pickupr.com/schiphol-airport-to-mons-taxi","Schiphol Airport to Mons Taxi"
"https://pickupr.com/schiphol-airport-to-montauban-taxi","Schiphol Airport to Montauban Taxi"
"https://pickupr.com/schiphol-airport-to-montpellier-taxi","Schiphol Airport to Montpellier Taxi"
"https://pickupr.com/schiphol-airport-to-mouscron-taxi","Schiphol Airport to Mouscron Taxi"
"https://pickupr.com/schiphol-airport-to-mulhouse-taxi","Schiphol Airport to Mulhouse Taxi"
"https://pickupr.com/schiphol-airport-to-munich-taxi","Schiphol Airport to Munich Taxi"
"https://pickupr.com/schiphol-airport-to-munster-taxi","Schiphol Airport to Munster Taxi"
"https://pickupr.com/schiphol-airport-to-naarden-taxi","Schiphol Airport to Naarden Taxi"
"https://pickupr.com/schiphol-airport-to-namur-taxi","Schiphol Airport to Namur Taxi"
"https://pickupr.com/schiphol-airport-to-nancy-taxi","Schiphol Airport to Nancy Taxi"
"https://pickupr.com/schiphol-airport-to-nanterre-taxi","Schiphol Airport to Nanterre Taxi"
"https://pickupr.com/schiphol-airport-to-nantes-taxi","Schiphol Airport to Nantes Taxi"
"https://pickupr.com/schiphol-airport-to-narbonne-taxi","Schiphol Airport to Narbonne Taxi"
"https://pickupr.com/schiphol-airport-to-neerpelt-taxi","Schiphol Airport to Neerpelt Taxi"
"https://pickupr.com/schiphol-airport-to-neuss-taxi","Schiphol Airport to Neuss Taxi"
"https://pickupr.com/schiphol-airport-to-nevers-taxi","Schiphol Airport to Nevers Taxi"
"https://pickupr.com/schiphol-airport-to-nice-taxi","Schiphol Airport to Nice Taxi"
"https://pickupr.com/schiphol-airport-to-nieuwegein-taxi","Schiphol Airport to Nieuwegein Taxi"
"https://pickupr.com/schiphol-airport-to-nijmegen-taxi","Schiphol Airport to Nijmegen Taxi"
"https://pickupr.com/schiphol-airport-to-nimes-taxi","Schiphol Airport to Nimes Taxi"
"https://pickupr.com/schiphol-airport-to-ninove-taxi","Schiphol Airport to Ninove Taxi"
"https://pickupr.com/schiphol-airport-to-niort-taxi","Schiphol Airport to Niort Taxi"
"https://pickupr.com/schiphol-airport-to-nivelles-taxi","Schiphol Airport to Nivelles Taxi"
"https://pickupr.com/schiphol-airport-to-noordwijk-taxi","Schiphol Airport to Noordwijk Taxi"
"https://pickupr.com/schiphol-airport-to-nunspeet-taxi","Schiphol Airport to Nunspeet Taxi"
"https://pickupr.com/schiphol-airport-to-nuremberg-taxi","Schiphol Airport to Nuremberg Taxi"
"https://pickupr.com/schiphol-airport-to-oberhausen-taxi","Schiphol Airport to Oberhausen Taxi"
"https://pickupr.com/schiphol-airport-to-oldenburg-taxi","Schiphol Airport to Oldenburg Taxi"
"https://pickupr.com/schiphol-airport-to-oldenzaal-taxi","Schiphol Airport to Oldenzaal Taxi"
"https://pickupr.com/schiphol-airport-to-oosterhout-taxi","Schiphol Airport to Oosterhout Taxi"
"https://pickupr.com/schiphol-airport-to-orleans-taxi","Schiphol Airport to Orleans Taxi"
"https://pickupr.com/schiphol-airport-to-osnabruck-taxi","Schiphol Airport to Osnabruck Taxi"
"https://pickupr.com/schiphol-airport-to-oss-taxi","Schiphol Airport to Oss Taxi"
"https://pickupr.com/schiphol-airport-to-ostend-taxi","Schiphol Airport to Ostend Taxi"
"https://pickupr.com/schiphol-airport-to-ottignies-taxi","Schiphol Airport to Ottignies Taxi"
"https://pickupr.com/schiphol-airport-to-paderborn-taxi","Schiphol Airport to Paderborn Taxi"
"https://pickupr.com/schiphol-airport-to-paris-taxi","Schiphol Airport to Paris Taxi"
"https://pickupr.com/schiphol-airport-to-passau-taxi","Schiphol Airport to Passau Taxi"
"https://pickupr.com/schiphol-airport-to-pau-taxi","Schiphol Airport to Pau Taxi"
"https://pickupr.com/schiphol-airport-to-perpignan-taxi","Schiphol Airport to Perpignan Taxi"
"https://pickupr.com/schiphol-airport-to-pforzheim-taxi","Schiphol Airport to Pforzheim Taxi"
"https://pickupr.com/schiphol-airport-to-pijnacker-taxi","Schiphol Airport to Pijnacker Taxi"
"https://pickupr.com/schiphol-airport-to-poitiers-taxi","Schiphol Airport to Poitiers Taxi"
"https://pickupr.com/schiphol-airport-to-poperinge-taxi","Schiphol Airport to Poperinge Taxi"
"https://pickupr.com/schiphol-airport-to-potsdam-taxi","Schiphol Airport to Potsdam Taxi"
"https://pickupr.com/schiphol-airport-to-purmerend-taxi","Schiphol Airport to Purmerend Taxi"
"https://pickupr.com/schiphol-airport-to-quimper-taxi","Schiphol Airport to Quimper Taxi"
"https://pickupr.com/schiphol-airport-to-ravensburg-taxi","Schiphol Airport to Ravensburg Taxi"
"https://pickupr.com/schiphol-airport-to-regensburg-taxi","Schiphol Airport to Regensburg Taxi"
"https://pickupr.com/schiphol-airport-to-reims-taxi","Schiphol Airport to Reims Taxi"
"https://pickupr.com/schiphol-airport-to-remscheid-taxi","Schiphol Airport to Remscheid Taxi"
"https://pickupr.com/schiphol-airport-to-rennes-taxi","Schiphol Airport to Rennes Taxi"
"https://pickupr.com/schiphol-airport-to-reutlingen-taxi","Schiphol Airport to Reutlingen Taxi"
"https://pickupr.com/schiphol-airport-to-ridderkerk-taxi","Schiphol Airport to Ridderkerk Taxi"
"https://pickupr.com/schiphol-airport-to-rijswijk-taxi","Schiphol Airport to Rijswijk Taxi"
"https://pickupr.com/schiphol-airport-to-roanne-taxi","Schiphol Airport to Roanne Taxi"
"https://pickupr.com/schiphol-airport-to-rochefort-taxi","Schiphol Airport to Rochefort Taxi"
"https://pickupr.com/schiphol-airport-to-roeselare-taxi","Schiphol Airport to Roeselare Taxi"
"https://pickupr.com/schiphol-airport-to-ronse-taxi","Schiphol Airport to Ronse Taxi"
"https://pickupr.com/schiphol-airport-to-roosendaal-taxi","Schiphol Airport to Roosendaal Taxi"
"https://pickupr.com/schiphol-airport-to-rostock-taxi","Schiphol Airport to Rostock Taxi"
"https://pickupr.com/schiphol-airport-to-rotterdam-taxi","Schiphol Airport to Rotterdam Taxi"
"https://pickupr.com/schiphol-airport-to-roubaix-taxi","Schiphol Airport to Roubaix Taxi"
"https://pickupr.com/schiphol-airport-to-rouen-taxi","Schiphol Airport to Rouen Taxi"
"https://pickupr.com/schiphol-airport-to-saarbrucken-taxi","Schiphol Airport to Saarbrucken Taxi"
"https://pickupr.com/schiphol-airport-to-saint-denis-taxi","Schiphol Airport to Saint-Denis Taxi"
"https://pickupr.com/schiphol-airport-to-saint-etienne-taxi","Schiphol Airport to Saint-Etienne Taxi"
"https://pickupr.com/schiphol-airport-to-saint-malo-taxi","Schiphol Airport to Saint-Malo Taxi"
"https://pickupr.com/schiphol-airport-to-salon-de-provence-taxi","Schiphol Airport to Salon-de-Provence Taxi"
"https://pickupr.com/schiphol-airport-to-salzgitter-taxi","Schiphol Airport to Salzgitter Taxi"
"https://pickupr.com/schiphol-airport-to-schiedam-taxi","Schiphol Airport to Schiedam Taxi"
"https://pickupr.com/schiphol-airport-to-schoten-taxi","Schiphol Airport to Schoten Taxi"
"https://pickupr.com/schiphol-airport-to-seraing-taxi","Schiphol Airport to Seraing Taxi"
"https://pickupr.com/schiphol-airport-to-sete-taxi","Schiphol Airport to Sete Taxi"
"https://pickupr.com/schiphol-airport-to-siegen-taxi","Schiphol Airport to Siegen Taxi"
"https://pickupr.com/schiphol-airport-to-sint-niklaas-taxi","Schiphol Airport to Sint-Niklaas Taxi"
"https://pickupr.com/schiphol-airport-to-sittard-taxi","Schiphol Airport to Sittard Taxi"
"https://pickupr.com/schiphol-airport-to-sneek-taxi","Schiphol Airport to Sneek Taxi"
"https://pickupr.com/schiphol-airport-to-soignies-taxi","Schiphol Airport to Soignies Taxi"
"https://pickupr.com/schiphol-airport-to-solingen-taxi","Schiphol Airport to Solingen Taxi"
"https://pickupr.com/schiphol-airport-to-spa-taxi","Schiphol Airport to Spa Taxi"
"https://pickupr.com/schiphol-airport-to-spijkenisse-taxi","Schiphol Airport to Spijkenisse Taxi"
"https://pickupr.com/schiphol-airport-to-strasbourg-taxi","Schiphol Airport to Strasbourg Taxi"
"https://pickupr.com/schiphol-airport-to-stuttgart-taxi","Schiphol Airport to Stuttgart Taxi"
"https://pickupr.com/schiphol-airport-to-tarbes-taxi","Schiphol Airport to Tarbes Taxi"
"https://pickupr.com/schiphol-airport-to-temse-taxi","Schiphol Airport to Temse Taxi"
"https://pickupr.com/schiphol-airport-to-the-hague-taxi","Schiphol Airport to The Hague Taxi"
"https://pickupr.com/schiphol-airport-to-tiel-taxi","Schiphol Airport to Tiel Taxi"
"https://pickupr.com/schiphol-airport-to-tielt-taxi","Schiphol Airport to Tielt Taxi"
"https://pickupr.com/schiphol-airport-to-tilburg-taxi","Schiphol Airport to Tilburg Taxi"
"https://pickupr.com/schiphol-airport-to-tongeren-taxi","Schiphol Airport to Tongeren Taxi"
"https://pickupr.com/schiphol-airport-to-toulon-taxi","Schiphol Airport to Toulon Taxi"
"https://pickupr.com/schiphol-airport-to-toulouse-taxi","Schiphol Airport to Toulouse Taxi"
"https://pickupr.com/schiphol-airport-to-tourcoing-taxi","Schiphol Airport to Tourcoing Taxi"
"https://pickupr.com/schiphol-airport-to-tournai-taxi","Schiphol Airport to Tournai Taxi"
"https://pickupr.com/schiphol-airport-to-tours-taxi","Schiphol Airport to Tours Taxi"
"https://pickupr.com/schiphol-airport-to-trier-taxi","Schiphol Airport to Trier Taxi"
"https://pickupr.com/schiphol-airport-to-troyes-taxi","Schiphol Airport to Troyes Taxi"
"https://pickupr.com/schiphol-airport-to-tubize-taxi","Schiphol Airport to Tubize Taxi"
"https://pickupr.com/schiphol-airport-to-turnhout-taxi","Schiphol Airport to Turnhout Taxi"
"https://pickupr.com/schiphol-airport-to-uccle-taxi","Schiphol Airport to Uccle Taxi"
"https://pickupr.com/schiphol-airport-to-uithoorn-taxi","Schiphol Airport to Uithoorn Taxi"
"https://pickupr.com/schiphol-airport-to-ulm-taxi","Schiphol Airport to Ulm Taxi"
"https://pickupr.com/schiphol-airport-to-utrecht-taxi","Schiphol Airport to Utrecht Taxi"
"https://pickupr.com/schiphol-airport-to-valence-taxi","Schiphol Airport to Valence Taxi"
"https://pickupr.com/schiphol-airport-to-vannes-taxi","Schiphol Airport to Vannes Taxi"
"https://pickupr.com/schiphol-airport-to-veenendaal-taxi","Schiphol Airport to Veenendaal Taxi"
"https://pickupr.com/schiphol-airport-to-venlo-taxi","Schiphol Airport to Venlo Taxi"
"https://pickupr.com/schiphol-airport-to-verviers-taxi","Schiphol Airport to Verviers Taxi"
"https://pickupr.com/schiphol-airport-to-vichy-taxi","Schiphol Airport to Vichy Taxi"
"https://pickupr.com/schiphol-airport-to-villeurbanne-taxi","Schiphol Airport to Villeurbanne Taxi"
"https://pickupr.com/schiphol-airport-to-vilvoorde-taxi","Schiphol Airport to Vilvoorde Taxi"
"https://pickupr.com/schiphol-airport-to-vlaardingen-taxi","Schiphol Airport to Vlaardingen Taxi"
"https://pickupr.com/schiphol-airport-to-vlissingen-taxi","Schiphol Airport to Vlissingen Taxi"
"https://pickupr.com/schiphol-airport-to-voorburg-taxi","Schiphol Airport to Voorburg Taxi"
"https://pickupr.com/schiphol-airport-to-vught-taxi","Schiphol Airport to Vught Taxi"
"https://pickupr.com/schiphol-airport-to-waalwijk-taxi","Schiphol Airport to Waalwijk Taxi"
"https://pickupr.com/schiphol-airport-to-wageningen-taxi","Schiphol Airport to Wageningen Taxi"
"https://pickupr.com/schiphol-airport-to-waregem-taxi","Schiphol Airport to Waregem Taxi"
"https://pickupr.com/schiphol-airport-to-wassenaar-taxi","Schiphol Airport to Wassenaar Taxi"
"https://pickupr.com/schiphol-airport-to-waterloo-taxi","Schiphol Airport to Waterloo Taxi"
"https://pickupr.com/schiphol-airport-to-wavre-taxi","Schiphol Airport to Wavre Taxi"
"https://pickupr.com/schiphol-airport-to-weert-taxi","Schiphol Airport to Weert Taxi"
"https://pickupr.com/schiphol-airport-to-wiesbaden-taxi","Schiphol Airport to Wiesbaden Taxi"
"https://pickupr.com/schiphol-airport-to-winterswijk-taxi","Schiphol Airport to Winterswijk Taxi"
"https://pickupr.com/schiphol-airport-to-wolfsburg-taxi","Schiphol Airport to Wolfsburg Taxi"
"https://pickupr.com/schiphol-airport-to-wuppertal-taxi","Schiphol Airport to Wuppertal Taxi"
"https://pickupr.com/schiphol-airport-to-wurzburg-taxi","Schiphol Airport to Wurzburg Taxi"
"https://pickupr.com/schiphol-airport-to-ypres-taxi","Schiphol Airport to Ypres Taxi"
"https://pickupr.com/schiphol-airport-to-zaandam-taxi","Schiphol Airport to Zaandam Taxi"
"https://pickupr.com/schiphol-airport-to-zaanstad-taxi","Schiphol Airport to Zaanstad Taxi"
"https://pickupr.com/schiphol-airport-to-zaventem-taxi","Schiphol Airport to Zaventem Taxi"
"https://pickupr.com/schiphol-airport-to-zeewolde-taxi","Schiphol Airport to Zeewolde Taxi"
"https://pickupr.com/schiphol-airport-to-zeist-taxi","Schiphol Airport to Zeist Taxi"
"https://pickupr.com/schiphol-airport-to-zoetermeer-taxi","Schiphol Airport to Zoetermeer Taxi"
"https://pickupr.com/schiphol-airport-to-zutphen-taxi","Schiphol Airport to Zutphen Taxi"
"https://pickupr.com/schiphol-airport-to-zwolle-taxi","Schiphol Airport to Zwolle Taxi"
"https://pickupr.com/schiphol-airport-transfer","Schiphol Airport Transfer"
"https://pickupr.com/schiphol-to-aalsmeer","Schiphol Airport to Aalsmeer Taxi"
"https://pickupr.com/schiphol-to-aalsmeer-taxi","Schiphol Airport to Aalsmeer Taxi"
"https://pickupr.com/schiphol-to-alkmaar","Schiphol Airport to Alkmaar Taxi"
"https://pickupr.com/schiphol-to-alkmaar-taxi","Schiphol Airport to Alkmaar Taxi"
"https://pickupr.com/schiphol-to-almere","Schiphol Airport to Almere Taxi"
"https://pickupr.com/schiphol-to-almere-taxi","Schiphol Airport to Almere Taxi"
"https://pickupr.com/schiphol-to-alphen-aan-den-rijn","Schiphol Airport to Alphen aan den Rijn Taxi"
"https://pickupr.com/schiphol-to-alphen-aan-den-rijn-taxi","Schiphol Airport to Alphen aan den Rijn Taxi"
"https://pickupr.com/schiphol-to-amersfoort","Schiphol Airport to Amersfoort Taxi"
"https://pickupr.com/schiphol-to-amersfoort-taxi","Schiphol Airport to Amersfoort Taxi"
"https://pickupr.com/schiphol-to-amstelveen","Schiphol Airport to Amstelveen Taxi"
"https://pickupr.com/schiphol-to-amstelveen-taxi","Schiphol Airport to Amstelveen Taxi"
"https://pickupr.com/schiphol-to-amsterdam","Schiphol Airport to Amsterdam Taxi"
"https://pickupr.com/schiphol-to-amsterdam-taxi","Schiphol Airport to Amsterdam Taxi"
"https://pickupr.com/schiphol-to-antwerp-taxi","Schiphol to Antwerp Taxi"
"https://pickupr.com/schiphol-to-apeldoorn","Schiphol Airport to Apeldoorn Taxi"
"https://pickupr.com/schiphol-to-apeldoorn-taxi","Schiphol Airport to Apeldoorn Taxi"
"https://pickupr.com/schiphol-to-arnhem","Schiphol Airport to Arnhem Taxi"
"https://pickupr.com/schiphol-to-arnhem-taxi","Schiphol Airport to Arnhem Taxi"
"https://pickupr.com/schiphol-to-assen","Schiphol Airport to Assen Taxi"
"https://pickupr.com/schiphol-to-assen-taxi","Schiphol Airport to Assen Taxi"
"https://pickupr.com/schiphol-to-barneveld","Schiphol Airport to Barneveld Taxi"
"https://pickupr.com/schiphol-to-barneveld-taxi","Schiphol Airport to Barneveld Taxi"
"https://pickupr.com/schiphol-to-bergen-op-zoom","Schiphol Airport to Bergen op Zoom Taxi"
"https://pickupr.com/schiphol-to-bergen-op-zoom-taxi","Schiphol Airport to Bergen op Zoom Taxi"
"https://pickupr.com/schiphol-to-best","Schiphol Airport to Best Taxi"
"https://pickupr.com/schiphol-to-best-taxi","Schiphol Airport to Best Taxi"
"https://pickupr.com/schiphol-to-beverwijk","Schiphol Airport to Beverwijk Taxi"
"https://pickupr.com/schiphol-to-beverwijk-taxi","Schiphol Airport to Beverwijk Taxi"
"https://pickupr.com/schiphol-to-blaricum","Schiphol Airport to Blaricum Taxi"
"https://pickupr.com/schiphol-to-blaricum-taxi","Schiphol Airport to Blaricum Taxi"
"https://pickupr.com/schiphol-to-boxtel","Schiphol Airport to Boxtel Taxi"
"https://pickupr.com/schiphol-to-boxtel-taxi","Schiphol Airport to Boxtel Taxi"
"https://pickupr.com/schiphol-to-breda","Schiphol Airport to Breda Taxi"
"https://pickupr.com/schiphol-to-breda-taxi","Schiphol Airport to Breda Taxi"
"https://pickupr.com/schiphol-to-brussels-taxi","Schiphol to Brussels Taxi"
"https://pickupr.com/schiphol-to-bussum","Schiphol Airport to Bussum Taxi"
"https://pickupr.com/schiphol-to-bussum-taxi","Schiphol Airport to Bussum Taxi"
"https://pickupr.com/schiphol-to-capelle-aan-den-ijssel","Schiphol Airport to Capelle aan den IJssel Taxi"
"https://pickupr.com/schiphol-to-capelle-aan-den-ijssel-taxi","Schiphol Airport to Capelle aan den IJssel Taxi"
"https://pickupr.com/schiphol-to-coevorden","Schiphol Airport to Coevorden Taxi"
"https://pickupr.com/schiphol-to-coevorden-taxi","Schiphol Airport to Coevorden Taxi"
"https://pickupr.com/schiphol-to-cologne-taxi","Schiphol to Cologne Taxi"
"https://pickupr.com/schiphol-to-delft","Schiphol Airport to Delft Taxi"
"https://pickupr.com/schiphol-to-delft-taxi","Schiphol Airport to Delft Taxi"
"https://pickupr.com/schiphol-to-den-helder","Schiphol Airport to Den Helder Taxi"
"https://pickupr.com/schiphol-to-den-helder-taxi","Schiphol Airport to Den Helder Taxi"
"https://pickupr.com/schiphol-to-deventer","Schiphol Airport to Deventer Taxi"
"https://pickupr.com/schiphol-to-deventer-taxi","Schiphol Airport to Deventer Taxi"
"https://pickupr.com/schiphol-to-doetinchem","Schiphol Airport to Doetinchem Taxi"
"https://pickupr.com/schiphol-to-doetinchem-taxi","Schiphol Airport to Doetinchem Taxi"
"https://pickupr.com/schiphol-to-dordrecht","Schiphol Airport to Dordrecht Taxi"
"https://pickupr.com/schiphol-to-dordrecht-taxi","Schiphol Airport to Dordrecht Taxi"
"https://pickupr.com/schiphol-to-drachten","Schiphol Airport to Drachten Taxi"
"https://pickupr.com/schiphol-to-drachten-taxi","Schiphol Airport to Drachten Taxi"
"https://pickupr.com/schiphol-to-dronten","Schiphol Airport to Dronten Taxi"
"https://pickupr.com/schiphol-to-dronten-taxi","Schiphol Airport to Dronten Taxi"
"https://pickupr.com/schiphol-to-dusseldorf-taxi","Schiphol to Dusseldorf Taxi"
"https://pickupr.com/schiphol-to-ede","Schiphol Airport to Ede Taxi"
"https://pickupr.com/schiphol-to-ede-taxi","Schiphol Airport to Ede Taxi"
"https://pickupr.com/schiphol-to-eindhoven","Schiphol Airport to Eindhoven Taxi"
"https://pickupr.com/schiphol-to-eindhoven-taxi","Schiphol Airport to Eindhoven Taxi"
"https://pickupr.com/schiphol-to-emmen","Schiphol Airport to Emmen Taxi"
"https://pickupr.com/schiphol-to-emmen-taxi","Schiphol Airport to Emmen Taxi"
"https://pickupr.com/schiphol-to-enschede","Schiphol Airport to Enschede Taxi"
"https://pickupr.com/schiphol-to-enschede-taxi","Schiphol Airport to Enschede Taxi"
"https://pickupr.com/schiphol-to-gorinchem","Schiphol Airport to Gorinchem Taxi"
"https://pickupr.com/schiphol-to-gorinchem-taxi","Schiphol Airport to Gorinchem Taxi"
"https://pickupr.com/schiphol-to-gouda","Schiphol Airport to Gouda Taxi"
"https://pickupr.com/schiphol-to-gouda-taxi","Schiphol Airport to Gouda Taxi"
"https://pickupr.com/schiphol-to-groningen","Schiphol Airport to Groningen Taxi"
"https://pickupr.com/schiphol-to-groningen-taxi","Schiphol Airport to Groningen Taxi"
"https://pickupr.com/schiphol-to-haarlem","Schiphol Airport to Haarlem Taxi"
"https://pickupr.com/schiphol-to-haarlem-taxi","Schiphol Airport to Haarlem Taxi"
"https://pickupr.com/schiphol-to-harderwijk","Schiphol Airport to Harderwijk Taxi"
"https://pickupr.com/schiphol-to-harderwijk-taxi","Schiphol Airport to Harderwijk Taxi"
"https://pickupr.com/schiphol-to-heemskerk","Schiphol Airport to Heemskerk Taxi"
"https://pickupr.com/schiphol-to-heemskerk-taxi","Schiphol Airport to Heemskerk Taxi"
"https://pickupr.com/schiphol-to-heerenveen","Schiphol Airport to Heerenveen Taxi"
"https://pickupr.com/schiphol-to-heerenveen-taxi","Schiphol Airport to Heerenveen Taxi"
"https://pickupr.com/schiphol-to-heerlen","Schiphol Airport to Heerlen Taxi"
"https://pickupr.com/schiphol-to-heerlen-taxi","Schiphol Airport to Heerlen Taxi"
"https://pickupr.com/schiphol-to-hellevoetsluis","Schiphol Airport to Hellevoetsluis Taxi"
"https://pickupr.com/schiphol-to-hellevoetsluis-taxi","Schiphol Airport to Hellevoetsluis Taxi"
"https://pickupr.com/schiphol-to-helmond","Schiphol Airport to Helmond Taxi"
"https://pickupr.com/schiphol-to-helmond-taxi","Schiphol Airport to Helmond Taxi"
"https://pickupr.com/schiphol-to-hengelo","Schiphol Airport to Hengelo Taxi"
"https://pickupr.com/schiphol-to-hengelo-taxi","Schiphol Airport to Hengelo Taxi"
"https://pickupr.com/schiphol-to-hillegom","Schiphol Airport to Hillegom Taxi"
"https://pickupr.com/schiphol-to-hillegom-taxi","Schiphol Airport to Hillegom Taxi"
"https://pickupr.com/schiphol-to-hilversum","Schiphol Airport to Hilversum Taxi"
"https://pickupr.com/schiphol-to-hilversum-taxi","Schiphol Airport to Hilversum Taxi"
"https://pickupr.com/schiphol-to-hoofddorp","Schiphol Airport to Hoofddorp Taxi"
"https://pickupr.com/schiphol-to-hoofddorp-taxi","Schiphol Airport to Hoofddorp Taxi"
"https://pickupr.com/schiphol-to-hoorn","Schiphol Airport to Hoorn Taxi"
"https://pickupr.com/schiphol-to-hoorn-taxi","Schiphol Airport to Hoorn Taxi"
"https://pickupr.com/schiphol-to-houten","Schiphol Airport to Houten Taxi"
"https://pickupr.com/schiphol-to-houten-taxi","Schiphol Airport to Houten Taxi"
"https://pickupr.com/schiphol-to-kampen","Schiphol Airport to Kampen Taxi"
"https://pickupr.com/schiphol-to-kampen-taxi","Schiphol Airport to Kampen Taxi"
"https://pickupr.com/schiphol-to-katwijk","Schiphol Airport to Katwijk Taxi"
"https://pickupr.com/schiphol-to-katwijk-taxi","Schiphol Airport to Katwijk Taxi"
"https://pickupr.com/schiphol-to-kerkrade","Schiphol Airport to Kerkrade Taxi"
"https://pickupr.com/schiphol-to-kerkrade-taxi","Schiphol Airport to Kerkrade Taxi"
"https://pickupr.com/schiphol-to-laren","Schiphol Airport to Laren Taxi"
"https://pickupr.com/schiphol-to-laren-taxi","Schiphol Airport to Laren Taxi"
"https://pickupr.com/schiphol-to-leeuwarden","Schiphol Airport to Leeuwarden Taxi"
"https://pickupr.com/schiphol-to-leeuwarden-taxi","Schiphol Airport to Leeuwarden Taxi"
"https://pickupr.com/schiphol-to-leiden","Schiphol Airport to Leiden Taxi"
"https://pickupr.com/schiphol-to-leiden-taxi","Schiphol Airport to Leiden Taxi"
"https://pickupr.com/schiphol-to-leidschendam","Schiphol Airport to Leidschendam Taxi"
"https://pickupr.com/schiphol-to-leidschendam-taxi","Schiphol Airport to Leidschendam Taxi"
"https://pickupr.com/schiphol-to-lelystad","Schiphol Airport to Lelystad Taxi"
"https://pickupr.com/schiphol-to-lelystad-taxi","Schiphol Airport to Lelystad Taxi"
"https://pickupr.com/schiphol-to-lisse","Schiphol Airport to Lisse Taxi"
"https://pickupr.com/schiphol-to-lisse-taxi","Schiphol Airport to Lisse Taxi"
"https://pickupr.com/schiphol-to-maastricht","Schiphol Airport to Maastricht Taxi"
"https://pickupr.com/schiphol-to-maastricht-taxi","Schiphol Airport to Maastricht Taxi"
"https://pickupr.com/schiphol-to-meppel","Schiphol Airport to Meppel Taxi"
"https://pickupr.com/schiphol-to-meppel-taxi","Schiphol Airport to Meppel Taxi"
"https://pickupr.com/schiphol-to-middelburg","Schiphol Airport to Middelburg Taxi"
"https://pickupr.com/schiphol-to-middelburg-taxi","Schiphol Airport to Middelburg Taxi"
"https://pickupr.com/schiphol-to-naarden","Schiphol Airport to Naarden Taxi"
"https://pickupr.com/schiphol-to-naarden-taxi","Schiphol Airport to Naarden Taxi"
"https://pickupr.com/schiphol-to-nieuwegein","Schiphol Airport to Nieuwegein Taxi"
"https://pickupr.com/schiphol-to-nieuwegein-taxi","Schiphol Airport to Nieuwegein Taxi"
"https://pickupr.com/schiphol-to-nijmegen","Schiphol Airport to Nijmegen Taxi"
"https://pickupr.com/schiphol-to-nijmegen-taxi","Schiphol Airport to Nijmegen Taxi"
"https://pickupr.com/schiphol-to-noordwijk","Schiphol Airport to Noordwijk Taxi"
"https://pickupr.com/schiphol-to-noordwijk-taxi","Schiphol Airport to Noordwijk Taxi"
"https://pickupr.com/schiphol-to-nunspeet","Schiphol Airport to Nunspeet Taxi"
"https://pickupr.com/schiphol-to-nunspeet-taxi","Schiphol Airport to Nunspeet Taxi"
"https://pickupr.com/schiphol-to-oldenzaal","Schiphol Airport to Oldenzaal Taxi"
"https://pickupr.com/schiphol-to-oldenzaal-taxi","Schiphol Airport to Oldenzaal Taxi"
"https://pickupr.com/schiphol-to-oosterhout","Schiphol Airport to Oosterhout Taxi"
"https://pickupr.com/schiphol-to-oosterhout-taxi","Schiphol Airport to Oosterhout Taxi"
"https://pickupr.com/schiphol-to-oss","Schiphol Airport to Oss Taxi"
"https://pickupr.com/schiphol-to-oss-taxi","Schiphol Airport to Oss Taxi"
"https://pickupr.com/schiphol-to-paris-taxi","Schiphol to Paris Taxi"
"https://pickupr.com/schiphol-to-pijnacker","Schiphol Airport to Pijnacker Taxi"
"https://pickupr.com/schiphol-to-pijnacker-taxi","Schiphol Airport to Pijnacker Taxi"
"https://pickupr.com/schiphol-to-purmerend","Schiphol Airport to Purmerend Taxi"
"https://pickupr.com/schiphol-to-purmerend-taxi","Schiphol Airport to Purmerend Taxi"
"https://pickupr.com/schiphol-to-ridderkerk","Schiphol Airport to Ridderkerk Taxi"
"https://pickupr.com/schiphol-to-ridderkerk-taxi","Schiphol Airport to Ridderkerk Taxi"
"https://pickupr.com/schiphol-to-rijswijk","Schiphol Airport to Rijswijk Taxi"
"https://pickupr.com/schiphol-to-rijswijk-taxi","Schiphol Airport to Rijswijk Taxi"
"https://pickupr.com/schiphol-to-roosendaal","Schiphol Airport to Roosendaal Taxi"
"https://pickupr.com/schiphol-to-roosendaal-taxi","Schiphol Airport to Roosendaal Taxi"
"https://pickupr.com/schiphol-to-rotterdam","Schiphol Airport to Rotterdam Taxi"
"https://pickupr.com/schiphol-to-rotterdam-taxi","Schiphol Airport to Rotterdam Taxi"
"https://pickupr.com/schiphol-to-schiedam","Schiphol Airport to Schiedam Taxi"
"https://pickupr.com/schiphol-to-schiedam-taxi","Schiphol Airport to Schiedam Taxi"
"https://pickupr.com/schiphol-to-sittard","Schiphol Airport to Sittard Taxi"
"https://pickupr.com/schiphol-to-sittard-taxi","Schiphol Airport to Sittard Taxi"
"https://pickupr.com/schiphol-to-sneek","Schiphol Airport to Sneek Taxi"
"https://pickupr.com/schiphol-to-sneek-taxi","Schiphol Airport to Sneek Taxi"
"https://pickupr.com/schiphol-to-spijkenisse","Schiphol Airport to Spijkenisse Taxi"
"https://pickupr.com/schiphol-to-spijkenisse-taxi","Schiphol Airport to Spijkenisse Taxi"
"https://pickupr.com/schiphol-to-the-hague","Schiphol Airport to The Hague Taxi"
"https://pickupr.com/schiphol-to-the-hague-taxi","Schiphol Airport to The Hague Taxi"
"https://pickupr.com/schiphol-to-tiel","Schiphol Airport to Tiel Taxi"
"https://pickupr.com/schiphol-to-tiel-taxi","Schiphol Airport to Tiel Taxi"
"https://pickupr.com/schiphol-to-tilburg","Schiphol Airport to Tilburg Taxi"
"https://pickupr.com/schiphol-to-tilburg-taxi","Schiphol Airport to Tilburg Taxi"
"https://pickupr.com/schiphol-to-uithoorn","Schiphol Airport to Uithoorn Taxi"
"https://pickupr.com/schiphol-to-uithoorn-taxi","Schiphol Airport to Uithoorn Taxi"
"https://pickupr.com/schiphol-to-utrecht","Schiphol Airport to Utrecht Taxi"
"https://pickupr.com/schiphol-to-utrecht-taxi","Schiphol Airport to Utrecht Taxi"
"https://pickupr.com/schiphol-to-veenendaal","Schiphol Airport to Veenendaal Taxi"
"https://pickupr.com/schiphol-to-veenendaal-taxi","Schiphol Airport to Veenendaal Taxi"
"https://pickupr.com/schiphol-to-venlo","Schiphol Airport to Venlo Taxi"
"https://pickupr.com/schiphol-to-venlo-taxi","Schiphol Airport to Venlo Taxi"
"https://pickupr.com/schiphol-to-vlaardingen","Schiphol Airport to Vlaardingen Taxi"
"https://pickupr.com/schiphol-to-vlaardingen-taxi","Schiphol Airport to Vlaardingen Taxi"
"https://pickupr.com/schiphol-to-vlissingen","Schiphol Airport to Vlissingen Taxi"
"https://pickupr.com/schiphol-to-vlissingen-taxi","Schiphol Airport to Vlissingen Taxi"
"https://pickupr.com/schiphol-to-voorburg","Schiphol Airport to Voorburg Taxi"
"https://pickupr.com/schiphol-to-voorburg-taxi","Schiphol Airport to Voorburg Taxi"
"https://pickupr.com/schiphol-to-vught","Schiphol Airport to Vught Taxi"
"https://pickupr.com/schiphol-to-vught-taxi","Schiphol Airport to Vught Taxi"
"https://pickupr.com/schiphol-to-waalwijk","Schiphol Airport to Waalwijk Taxi"
"https://pickupr.com/schiphol-to-waalwijk-taxi","Schiphol Airport to Waalwijk Taxi"
"https://pickupr.com/schiphol-to-wageningen","Schiphol Airport to Wageningen Taxi"
"https://pickupr.com/schiphol-to-wageningen-taxi","Schiphol Airport to Wageningen Taxi"
"https://pickupr.com/schiphol-to-wassenaar","Schiphol Airport to Wassenaar Taxi"
"https://pickupr.com/schiphol-to-wassenaar-taxi","Schiphol Airport to Wassenaar Taxi"
"https://pickupr.com/schiphol-to-weert","Schiphol Airport to Weert Taxi"
"https://pickupr.com/schiphol-to-weert-taxi","Schiphol Airport to Weert Taxi"
"https://pickupr.com/schiphol-to-winterswijk","Schiphol Airport to Winterswijk Taxi"
"https://pickupr.com/schiphol-to-winterswijk-taxi","Schiphol Airport to Winterswijk Taxi"
"https://pickupr.com/schiphol-to-zaandam","Schiphol Airport to Zaandam Taxi"
"https://pickupr.com/schiphol-to-zaandam-taxi","Schiphol Airport to Zaandam Taxi"
"https://pickupr.com/schiphol-to-zaanstad","Schiphol Airport to Zaanstad Taxi"
"https://pickupr.com/schiphol-to-zaanstad-taxi","Schiphol Airport to Zaanstad Taxi"
"https://pickupr.com/schiphol-to-zeewolde","Schiphol Airport to Zeewolde Taxi"
"https://pickupr.com/schiphol-to-zeewolde-taxi","Schiphol Airport to Zeewolde Taxi"
"https://pickupr.com/schiphol-to-zeist","Schiphol Airport to Zeist Taxi"
"https://pickupr.com/schiphol-to-zeist-taxi","Schiphol Airport to Zeist Taxi"
"https://pickupr.com/schiphol-to-zoetermeer","Schiphol Airport to Zoetermeer Taxi"
"https://pickupr.com/schiphol-to-zoetermeer-taxi","Schiphol Airport to Zoetermeer Taxi"
"https://pickupr.com/schiphol-to-zutphen","Schiphol Airport to Zutphen Taxi"
"https://pickupr.com/schiphol-to-zutphen-taxi","Schiphol Airport to Zutphen Taxi"
"https://pickupr.com/schiphol-to-zwolle","Schiphol Airport to Zwolle Taxi"
"https://pickupr.com/schiphol-to-zwolle-taxi","Schiphol Airport to Zwolle Taxi"
"https://pickupr.com/services","Private Airport Transfers Across Europe"
"https://pickupr.com/shuttle-schiphol-airport","Shuttle Schiphol Airport"
"https://pickupr.com/sitemap","Sitemap"
"https://pickupr.com/taxi-amsterdam-airport","Taxi Amsterdam Airport"
"https://pickupr.com/taxi-from-eindhoven-airport","Taxi from Eindhoven Airport"
"https://pickupr.com/taxi-from-rotterdam-airport","Taxi from Rotterdam Airport"
"https://pickupr.com/taxi-from-schiphol-airport","Taxi from Schiphol Airport"
"https://pickupr.com/taxi-to-belgium","Taxi to Belgium"
"https://pickupr.com/taxi-to-eindhoven-airport","Taxi to Eindhoven Airport"
"https://pickupr.com/taxi-to-france","Taxi to France"
"https://pickupr.com/taxi-to-germany","Taxi to Germany"
"https://pickupr.com/taxi-to-rotterdam-airport","Taxi to Rotterdam Airport"
"https://pickupr.com/taxi-to-schiphol-airport","Taxi to Schiphol Airport"
"https://pickupr.com/terms-of-service","Private Airport Transfers Across Europe"
"https://pickupr.com/vip-airport-transfer","VIP Airport Transfer"
"https://pickupr.com/vip-taxi-cab","VIP Taxi Cab"
"https://pickupr.com/vip-taxi-service","VIP Taxi Service"
"https://pickupr.com/vip-transportation","VIP Transportation"
