path,title,description,canonical,robots,h1Count
"/airport-chauffeur-netherlands","Airport Chauffeur Netherlands | Pickupr","Book Airport Chauffeur Netherlands with private transfer, direct confirmation, and clear fixed-fare details from Pickupr.","https://pickupr.com/airport-chauffeur-netherlands","index, follow","1"
"/airport-taxi-netherlands","Airport Taxi Netherlands with Fixed Fare Transfers | Pickupr","Book airport taxi Netherlands service with fixed-fare private transfers, direct confirmation, and reliable chauffeur pickup support.","https://pickupr.com/airport-taxi-netherlands","index, follow","1"
"/airport-transfer-netherlands","Airport transfer Netherlands | Pickupr","Book Airport transfer Netherlands with private transfer, direct confirmation, and clear fixed-fare details from Pickupr.","https://pickupr.com/airport-transfer-netherlands","index, follow","1"
"/airport-transfer-to-amsterdam","Airport transfer to Amsterdam | Pickupr","Book Airport transfer to Amsterdam with private transfer, direct confirmation, and clear fixed-fare details from Pickupr.","https://pickupr.com/airport-transfer-to-amsterdam","index, follow","1"
"/airport-transfer-to-eindhoven","Airport transfer to Eindhoven | Pickupr","Book Airport transfer to Eindhoven with private transfer, direct confirmation, and clear fixed-fare details from Pickupr.","https://pickupr.com/airport-transfer-to-eindhoven","index, follow","1"
"/airport-transfer-to-rotterdam","Airport transfer to Rotterdam | Pickupr","Book Airport transfer to Rotterdam with private transfer, direct confirmation, and clear fixed-fare details from Pickupr.","https://pickupr.com/airport-transfer-to-rotterdam","index, follow","1"
"/airport-transfer-to-the-hague","Airport transfer to The Hague | Pickupr","Book Airport transfer to The Hague with private transfer, direct confirmation, and clear fixed-fare details from Pickupr.","https://pickupr.com/airport-transfer-to-the-hague","index, follow","1"
"/airport-transfer-to-utrecht","Airport Transfer to Utrecht With Private Driver | Pickupr","Book an airport transfer to Utrecht with fixed fare clarity, private chauffeur comfort, and direct confirmation for arrivals, departures, and punctual city connections.","https://pickupr.com/airport-transfer-to-utrecht","index, follow","1"
"/amsterdam-airport-taxi","Amsterdam Airport Taxi with Fixed Fare Booking | Pickupr","Book an Amsterdam Airport taxi with fixed fare pricing, private transfer comfort, and direct confirmation for arrivals and departures.","https://pickupr.com/amsterdam-airport-taxi","index, follow","1"
"/amsterdam-airport-taxi-service","Amsterdam Airport Taxi Service | Pickupr","Book Amsterdam Airport Taxi Service with private transfer, direct confirmation, and clear fixed-fare details from Pickupr.","https://pickupr.com/amsterdam-airport-taxi-service","index, follow","1"
"/amsterdam-airport-to-aachen-taxi","Amsterdam Airport to Aachen Taxi | Pickupr","Book Amsterdam Airport to Aachen Taxi with private transfer, direct confirmation, and clear fixed-fare details from Pickupr.","https://pickupr.com/amsterdam-to-aachen","noindex, follow","1"
"/amsterdam-airport-to-aalen-taxi","Amsterdam Airport to Aalen Taxi | Pickupr","Book Amsterdam Airport to Aalen Taxi with private transfer, direct confirmation, and clear fixed-fare details from Pickupr.","https://pickupr.com/amsterdam-to-aalen","noindex, follow","1"
"/amsterdam-airport-to-aalst-taxi","Amsterdam Airport to Aalst Taxi | Pickupr","Book Amsterdam Airport to Aalst Taxi with private transfer, direct confirmation, and clear fixed-fare details from Pickupr.","https://pickupr.com/amsterdam-to-aalst","noindex, follow","1"
"/amsterdam-airport-to-aarschot-taxi","Amsterdam Airport to Aarschot Taxi | Pickupr","Book Amsterdam Airport to Aarschot Taxi with private transfer, direct confirmation, and clear fixed-fare details from Pickupr.","https://pickupr.com/amsterdam-to-aarschot","noindex, follow","1"
"/amsterdam-airport-to-agen-taxi","Amsterdam Airport to Agen Taxi | Pickupr","Book Amsterdam Airport to Agen Taxi with private transfer, direct confirmation, and clear fixed-fare details from Pickupr.","https://pickupr.com/amsterdam-to-agen","noindex, follow","1"
"/amsterdam-airport-to-aix-en-provence-taxi","Amsterdam Airport to Aix-en-Provence Taxi | Pickupr","Book Amsterdam Airport to Aix-en-Provence Taxi with private transfer, direct confirmation, and clear fixed-fare details from Pickupr.","https://pickupr.com/amsterdam-to-aix-en-provence","noindex, follow","1"
"/amsterdam-airport-to-ajaccio-taxi","Amsterdam Airport to Ajaccio Taxi | Pickupr","Book Amsterdam Airport to Ajaccio Taxi with private transfer, direct confirmation, and clear fixed-fare details from Pickupr.","https://pickupr.com/amsterdam-to-ajaccio","noindex, follow","1"
"/amsterdam-airport-to-albi-taxi","Amsterdam Airport to Albi Taxi | Pickupr","Book Amsterdam Airport to Albi Taxi with private transfer, direct confirmation, and clear fixed-fare details from Pickupr.","https://pickupr.com/amsterdam-to-albi","noindex, follow","1"
"/amsterdam-airport-to-amiens-taxi","Amsterdam Airport to Amiens Taxi | Pickupr","Book Amsterdam Airport to Amiens Taxi with private transfer, direct confirmation, and clear fixed-fare details from Pickupr.","https://pickupr.com/amsterdam-to-amiens","noindex, follow","1"
"/amsterdam-airport-to-andenne-taxi","Amsterdam Airport to Andenne Taxi | Pickupr","Book Amsterdam Airport to Andenne Taxi with private transfer, direct confirmation, and clear fixed-fare details from Pickupr.","https://pickupr.com/amsterdam-to-andenne","noindex, follow","1"
"/amsterdam-airport-to-angers-taxi","Amsterdam Airport to Angers Taxi | Pickupr","Book Amsterdam Airport to Angers Taxi with private transfer, direct confirmation, and clear fixed-fare details from Pickupr.","https://pickupr.com/amsterdam-to-angers","noindex, follow","1"
"/amsterdam-airport-to-annecy-taxi","Amsterdam Airport to Annecy Taxi | Pickupr","Book Amsterdam Airport to Annecy Taxi with private transfer, direct confirmation, and clear fixed-fare details from Pickupr.","https://pickupr.com/amsterdam-to-annecy","noindex, follow","1"
"/amsterdam-airport-to-antibes-taxi","Amsterdam Airport to Antibes Taxi | Pickupr","Book Amsterdam Airport to Antibes Taxi with private transfer, direct confirmation, and clear fixed-fare details from Pickupr.","https://pickupr.com/amsterdam-to-antibes","noindex, follow","1"
"/amsterdam-airport-to-antwerp-taxi","Amsterdam Airport to Antwerp Taxi | Pickupr","Book Amsterdam Airport to Antwerp Taxi with private transfer, direct confirmation, and clear fixed-fare details from Pickupr.","https://pickupr.com/amsterdam-to-antwerp","noindex, follow","1"
"/amsterdam-airport-to-argenteuil-taxi","Amsterdam Airport to Argenteuil Taxi | Pickupr","Book Amsterdam Airport to Argenteuil Taxi with private transfer, direct confirmation, and clear fixed-fare details from Pickupr.","https://pickupr.com/amsterdam-to-argenteuil","noindex, follow","1"
"/amsterdam-airport-to-arles-taxi","Amsterdam Airport to Arles Taxi | Pickupr","Book Amsterdam Airport to Arles Taxi with private transfer, direct confirmation, and clear fixed-fare details from Pickupr.","https://pickupr.com/amsterdam-to-arles","noindex, follow","1"
"/amsterdam-airport-to-arlon-taxi","Amsterdam Airport to Arlon Taxi | Pickupr","Book Amsterdam Airport to Arlon Taxi with private transfer, direct confirmation, and clear fixed-fare details from Pickupr.","https://pickupr.com/amsterdam-to-arlon","noindex, follow","1"
"/amsterdam-airport-to-audenarde-taxi","Amsterdam Airport to Audenarde Taxi | Pickupr","Book Amsterdam Airport to Audenarde Taxi with private transfer, direct confirmation, and clear fixed-fare details from Pickupr.","https://pickupr.com/amsterdam-to-audenarde","noindex, follow","1"
"/amsterdam-airport-to-augsburg-taxi","Amsterdam Airport to Augsburg Taxi | Pickupr","Book Amsterdam Airport to Augsburg Taxi with private transfer, direct confirmation, and clear fixed-fare details from Pickupr.","https://pickupr.com/amsterdam-to-augsburg","noindex, follow","1"
"/amsterdam-airport-to-avignon-taxi","Amsterdam Airport to Avignon Taxi | Pickupr","Book Amsterdam Airport to Avignon Taxi with private transfer, direct confirmation, and clear fixed-fare details from Pickupr.","https://pickupr.com/amsterdam-to-avignon","noindex, follow","1"
"/amsterdam-airport-to-bamberg-taxi","Amsterdam Airport to Bamberg Taxi | Pickupr","Book Amsterdam Airport to Bamberg Taxi with private transfer, direct confirmation, and clear fixed-fare details from Pickupr.","https://pickupr.com/amsterdam-to-bamberg","noindex, follow","1"
"/amsterdam-airport-to-bastia-taxi","Amsterdam Airport to Bastia Taxi | Pickupr","Book Amsterdam Airport to Bastia Taxi with private transfer, direct confirmation, and clear fixed-fare details from Pickupr.","https://pickupr.com/amsterdam-to-bastia","noindex, follow","1"
"/amsterdam-airport-to-bastogne-taxi","Amsterdam Airport to Bastogne Taxi | Pickupr","Book Amsterdam Airport to Bastogne Taxi with private transfer, direct confirmation, and clear fixed-fare details from Pickupr.","https://pickupr.com/amsterdam-to-bastogne","noindex, follow","1"
"/amsterdam-airport-to-bayonne-taxi","Amsterdam Airport to Bayonne Taxi | Pickupr","Book Amsterdam Airport to Bayonne Taxi with private transfer, direct confirmation, and clear fixed-fare details from Pickupr.","https://pickupr.com/amsterdam-to-bayonne","noindex, follow","1"
"/amsterdam-airport-to-bayreuth-taxi","Amsterdam Airport to Bayreuth Taxi | Pickupr","Book Amsterdam Airport to Bayreuth Taxi with private transfer, direct confirmation, and clear fixed-fare details from Pickupr.","https://pickupr.com/amsterdam-to-bayreuth","noindex, follow","1"
"/amsterdam-airport-to-beringen-taxi","Amsterdam Airport to Beringen Taxi | Pickupr","Book Amsterdam Airport to Beringen Taxi with private transfer, direct confirmation, and clear fixed-fare details from Pickupr.","https://pickupr.com/amsterdam-to-beringen","noindex, follow","1"
"/amsterdam-airport-to-berlin-taxi","Amsterdam Airport to Berlin Taxi | Pickupr","Book Amsterdam Airport to Berlin Taxi with private transfer, direct confirmation, and clear fixed-fare details from Pickupr.","https://pickupr.com/amsterdam-to-berlin","noindex, follow","1"
"/amsterdam-airport-to-besancon-taxi","Amsterdam Airport to Besancon Taxi | Pickupr","Book Amsterdam Airport to Besancon Taxi with private transfer, direct confirmation, and clear fixed-fare details from Pickupr.","https://pickupr.com/amsterdam-to-besancon","noindex, follow","1"
"/amsterdam-airport-to-beziers-taxi","Amsterdam Airport to Beziers Taxi | Pickupr","Book Amsterdam Airport to Beziers Taxi with private transfer, direct confirmation, and clear fixed-fare details from Pickupr.","https://pickupr.com/amsterdam-to-beziers","noindex, follow","1"
"/amsterdam-airport-to-biarritz-taxi","Amsterdam Airport to Biarritz Taxi | Pickupr","Book Amsterdam Airport to Biarritz Taxi with private transfer, direct confirmation, and clear fixed-fare details from Pickupr.","https://pickupr.com/amsterdam-to-biarritz","noindex, follow","1"
"/amsterdam-airport-to-bielefeld-taxi","Amsterdam Airport to Bielefeld Taxi | Pickupr","Book Amsterdam Airport to Bielefeld Taxi with private transfer, direct confirmation, and clear fixed-fare details from Pickupr.","https://pickupr.com/amsterdam-to-bielefeld","noindex, follow","1"
"/amsterdam-airport-to-bilzen-taxi","Amsterdam Airport to Bilzen Taxi | Pickupr","Book Amsterdam Airport to Bilzen Taxi with private transfer, direct confirmation, and clear fixed-fare details from Pickupr.","https://pickupr.com/amsterdam-to-bilzen","noindex, follow","1"
"/amsterdam-airport-to-binche-taxi","Amsterdam Airport to Binche Taxi | Pickupr","Book Amsterdam Airport to Binche Taxi with private transfer, direct confirmation, and clear fixed-fare details from Pickupr.","https://pickupr.com/amsterdam-to-binche","noindex, follow","1"
"/amsterdam-airport-to-blankenberge-taxi","Amsterdam Airport to Blankenberge Taxi | Pickupr","Book Amsterdam Airport to Blankenberge Taxi with private transfer, direct confirmation, and clear fixed-fare details from Pickupr.","https://pickupr.com/amsterdam-to-blankenberge","noindex, follow","1"
"/amsterdam-airport-to-blois-taxi","Amsterdam Airport to Blois Taxi | Pickupr","Book Amsterdam Airport to Blois Taxi with private transfer, direct confirmation, and clear fixed-fare details from Pickupr.","https://pickupr.com/amsterdam-to-blois","noindex, follow","1"
"/amsterdam-airport-to-bochum-taxi","Amsterdam Airport to Bochum Taxi | Pickupr","Book Amsterdam Airport to Bochum Taxi with private transfer, direct confirmation, and clear fixed-fare details from Pickupr.","https://pickupr.com/amsterdam-to-bochum","noindex, follow","1"
"/amsterdam-airport-to-bonn-taxi","Amsterdam Airport to Bonn Taxi | Pickupr","Book Amsterdam Airport to Bonn Taxi with private transfer, direct confirmation, and clear fixed-fare details from Pickupr.","https://pickupr.com/amsterdam-to-bonn","noindex, follow","1"
"/amsterdam-airport-to-boom-taxi","Amsterdam Airport to Boom Taxi | Pickupr","Book Amsterdam Airport to Boom Taxi with private transfer, direct confirmation, and clear fixed-fare details from Pickupr.","https://pickupr.com/amsterdam-to-boom","noindex, follow","1"
"/amsterdam-airport-to-bordeaux-taxi","Amsterdam Airport to Bordeaux Taxi | Pickupr","Book Amsterdam Airport to Bordeaux Taxi with private transfer, direct confirmation, and clear fixed-fare details from Pickupr.","https://pickupr.com/amsterdam-to-bordeaux","noindex, follow","1"
"/amsterdam-airport-to-bottrop-taxi","Amsterdam Airport to Bottrop Taxi | Pickupr","Book Amsterdam Airport to Bottrop Taxi with private transfer, direct confirmation, and clear fixed-fare details from Pickupr.","https://pickupr.com/amsterdam-to-bottrop","noindex, follow","1"
"/amsterdam-airport-to-bouillon-taxi","Amsterdam Airport to Bouillon Taxi | Pickupr","Book Amsterdam Airport to Bouillon Taxi with private transfer, direct confirmation, and clear fixed-fare details from Pickupr.","https://pickupr.com/amsterdam-to-bouillon","noindex, follow","1"
"/amsterdam-airport-to-boulogne-billancourt-taxi","Amsterdam Airport to Boulogne-Billancourt Taxi | Pickupr","Book Amsterdam Airport to Boulogne-Billancourt Taxi with private transfer, direct confirmation, and clear fixed-fare details from Pickupr.","https://pickupr.com/amsterdam-to-boulogne-billancourt","noindex, follow","1"
"/amsterdam-airport-to-bourg-en-bresse-taxi","Amsterdam Airport to Bourg-en-Bresse Taxi | Pickupr","Book Amsterdam Airport to Bourg-en-Bresse Taxi with private transfer, direct confirmation, and clear fixed-fare details from Pickupr.","https://pickupr.com/amsterdam-to-bourg-en-bresse","noindex, follow","1"
"/amsterdam-airport-to-brasschaat-taxi","Amsterdam Airport to Brasschaat Taxi | Pickupr","Book Amsterdam Airport to Brasschaat Taxi with private transfer, direct confirmation, and clear fixed-fare details from Pickupr.","https://pickupr.com/amsterdam-to-brasschaat","noindex, follow","1"
"/amsterdam-airport-to-braunschweig-taxi","Amsterdam Airport to Braunschweig Taxi | Pickupr","Book Amsterdam Airport to Braunschweig Taxi with private transfer, direct confirmation, and clear fixed-fare details from Pickupr.","https://pickupr.com/amsterdam-to-braunschweig","noindex, follow","1"
"/amsterdam-airport-to-bremen-taxi","Amsterdam Airport to Bremen Taxi | Pickupr","Book Amsterdam Airport to Bremen Taxi with private transfer, direct confirmation, and clear fixed-fare details from Pickupr.","https://pickupr.com/amsterdam-to-bremen","noindex, follow","1"
"/amsterdam-airport-to-bremerhaven-taxi","Amsterdam Airport to Bremerhaven Taxi | Pickupr","Book Amsterdam Airport to Bremerhaven Taxi with private transfer, direct confirmation, and clear fixed-fare details from Pickupr.","https://pickupr.com/amsterdam-to-bremerhaven","noindex, follow","1"
"/amsterdam-airport-to-brest-taxi","Amsterdam Airport to Brest Taxi | Pickupr","Book Amsterdam Airport to Brest Taxi with private transfer, direct confirmation, and clear fixed-fare details from Pickupr.","https://pickupr.com/amsterdam-to-brest","noindex, follow","1"
"/amsterdam-airport-to-brive-la-gaillarde-taxi","Amsterdam Airport to Brive-la-Gaillarde Taxi | Pickupr","Book Amsterdam Airport to Brive-la-Gaillarde Taxi with private transfer, direct confirmation, and clear fixed-fare details from Pickupr.","https://pickupr.com/amsterdam-to-brive-la-gaillarde","noindex, follow","1"
"/amsterdam-airport-to-bruges-taxi","Amsterdam Airport to Bruges Taxi | Pickupr","Book Amsterdam Airport to Bruges Taxi with private transfer, direct confirmation, and clear fixed-fare details from Pickupr.","https://pickupr.com/amsterdam-to-bruges","noindex, follow","1"
"/amsterdam-airport-to-brussels-taxi","Amsterdam Airport to Brussels Taxi | Pickupr","Book Amsterdam Airport to Brussels Taxi with private transfer, direct confirmation, and clear fixed-fare details from Pickupr.","https://pickupr.com/amsterdam-to-brussels","noindex, follow","1"
"/amsterdam-airport-to-caen-taxi","Amsterdam Airport to Caen Taxi | Pickupr","Book Amsterdam Airport to Caen Taxi with private transfer, direct confirmation, and clear fixed-fare details from Pickupr.","https://pickupr.com/amsterdam-to-caen","noindex, follow","1"
"/amsterdam-airport-to-calais-taxi","Amsterdam Airport to Calais Taxi | Pickupr","Book Amsterdam Airport to Calais Taxi with private transfer, direct confirmation, and clear fixed-fare details from Pickupr.","https://pickupr.com/amsterdam-to-calais","noindex, follow","1"
"/amsterdam-airport-to-cannes-taxi","Amsterdam Airport to Cannes Taxi | Pickupr","Book Amsterdam Airport to Cannes Taxi with private transfer, direct confirmation, and clear fixed-fare details from Pickupr.","https://pickupr.com/amsterdam-to-cannes","noindex, follow","1"
"/amsterdam-airport-to-carcassonne-taxi","Amsterdam Airport to Carcassonne Taxi | Pickupr","Book Amsterdam Airport to Carcassonne Taxi with private transfer, direct confirmation, and clear fixed-fare details from Pickupr.","https://pickupr.com/amsterdam-to-carcassonne","noindex, follow","1"
"/amsterdam-airport-to-chalon-sur-saone-taxi","Amsterdam Airport to Chalon-sur-Saone Taxi | Pickupr","Book Amsterdam Airport to Chalon-sur-Saone Taxi with private transfer, direct confirmation, and clear fixed-fare details from Pickupr.","https://pickupr.com/amsterdam-to-chalon-sur-saone","noindex, follow","1"
"/amsterdam-airport-to-chambery-taxi","Amsterdam Airport to Chambery Taxi | Pickupr","Book Amsterdam Airport to Chambery Taxi with private transfer, direct confirmation, and clear fixed-fare details from Pickupr.","https://pickupr.com/amsterdam-to-chambery","noindex, follow","1"
"/amsterdam-airport-to-charleroi-taxi","Amsterdam Airport to Charleroi Taxi | Pickupr","Book Amsterdam Airport to Charleroi Taxi with private transfer, direct confirmation, and clear fixed-fare details from Pickupr.","https://pickupr.com/amsterdam-to-charleroi","noindex, follow","1"
"/amsterdam-airport-to-chartres-taxi","Amsterdam Airport to Chartres Taxi | Pickupr","Book Amsterdam Airport to Chartres Taxi with private transfer, direct confirmation, and clear fixed-fare details from Pickupr.","https://pickupr.com/amsterdam-to-chartres","noindex, follow","1"
"/amsterdam-airport-to-chemnitz-taxi","Amsterdam Airport to Chemnitz Taxi | Pickupr","Book Amsterdam Airport to Chemnitz Taxi with private transfer, direct confirmation, and clear fixed-fare details from Pickupr.","https://pickupr.com/amsterdam-to-chemnitz","noindex, follow","1"
"/amsterdam-airport-to-cherbourg-taxi","Amsterdam Airport to Cherbourg Taxi | Pickupr","Book Amsterdam Airport to Cherbourg Taxi with private transfer, direct confirmation, and clear fixed-fare details from Pickupr.","https://pickupr.com/amsterdam-to-cherbourg","noindex, follow","1"
"/amsterdam-airport-to-cholet-taxi","Amsterdam Airport to Cholet Taxi | Pickupr","Book Amsterdam Airport to Cholet Taxi with private transfer, direct confirmation, and clear fixed-fare details from Pickupr.","https://pickupr.com/amsterdam-to-cholet","noindex, follow","1"
"/amsterdam-airport-to-clermont-ferrand-taxi","Amsterdam Airport to Clermont-Ferrand Taxi | Pickupr","Book Amsterdam Airport to Clermont-Ferrand Taxi with private transfer, direct confirmation, and clear fixed-fare details from Pickupr.","https://pickupr.com/amsterdam-to-clermont-ferrand","noindex, follow","1"
"/amsterdam-airport-to-colmar-taxi","Amsterdam Airport to Colmar Taxi | Pickupr","Book Amsterdam Airport to Colmar Taxi with private transfer, direct confirmation, and clear fixed-fare details from Pickupr.","https://pickupr.com/amsterdam-to-colmar","noindex, follow","1"
"/amsterdam-airport-to-cologne-taxi","Amsterdam Airport to Cologne Taxi | Pickupr","Book Amsterdam Airport to Cologne Taxi with private transfer, direct confirmation, and clear fixed-fare details from Pickupr.","https://pickupr.com/amsterdam-to-cologne","noindex, follow","1"
"/amsterdam-airport-to-cottbus-taxi","Amsterdam Airport to Cottbus Taxi | Pickupr","Book Amsterdam Airport to Cottbus Taxi with private transfer, direct confirmation, and clear fixed-fare details from Pickupr.","https://pickupr.com/amsterdam-to-cottbus","noindex, follow","1"
"/amsterdam-airport-to-darmstadt-taxi","Amsterdam Airport to Darmstadt Taxi | Pickupr","Book Amsterdam Airport to Darmstadt Taxi with private transfer, direct confirmation, and clear fixed-fare details from Pickupr.","https://pickupr.com/amsterdam-to-darmstadt","noindex, follow","1"
"/amsterdam-airport-to-deinze-taxi","Amsterdam Airport to Deinze Taxi | Pickupr","Book Amsterdam Airport to Deinze Taxi with private transfer, direct confirmation, and clear fixed-fare details from Pickupr.","https://pickupr.com/amsterdam-to-deinze","noindex, follow","1"
"/amsterdam-airport-to-dendermonde-taxi","Amsterdam Airport to Dendermonde Taxi | Pickupr","Book Amsterdam Airport to Dendermonde Taxi with private transfer, direct confirmation, and clear fixed-fare details from Pickupr.","https://pickupr.com/amsterdam-to-dendermonde","noindex, follow","1"
"/amsterdam-airport-to-diest-taxi","Amsterdam Airport to Diest Taxi | Pickupr","Book Amsterdam Airport to Diest Taxi with private transfer, direct confirmation, and clear fixed-fare details from Pickupr.","https://pickupr.com/amsterdam-to-diest","noindex, follow","1"
"/amsterdam-airport-to-dijon-taxi","Amsterdam Airport to Dijon Taxi | Pickupr","Book Amsterdam Airport to Dijon Taxi with private transfer, direct confirmation, and clear fixed-fare details from Pickupr.","https://pickupr.com/amsterdam-to-dijon","noindex, follow","1"
"/amsterdam-airport-to-dinant-taxi","Amsterdam Airport to Dinant Taxi | Pickupr","Book Amsterdam Airport to Dinant Taxi with private transfer, direct confirmation, and clear fixed-fare details from Pickupr.","https://pickupr.com/amsterdam-to-dinant","noindex, follow","1"
"/amsterdam-airport-to-dortmund-taxi","Amsterdam Airport to Dortmund Taxi | Pickupr","Book Amsterdam Airport to Dortmund Taxi with private transfer, direct confirmation, and clear fixed-fare details from Pickupr.","https://pickupr.com/amsterdam-to-dortmund","noindex, follow","1"
"/amsterdam-airport-to-dresden-taxi","Amsterdam Airport to Dresden Taxi | Pickupr","Book Amsterdam Airport to Dresden Taxi with private transfer, direct confirmation, and clear fixed-fare details from Pickupr.","https://pickupr.com/amsterdam-to-dresden","noindex, follow","1"
"/amsterdam-airport-to-duisburg-taxi","Amsterdam Airport to Duisburg Taxi | Pickupr","Book Amsterdam Airport to Duisburg Taxi with private transfer, direct confirmation, and clear fixed-fare details from Pickupr.","https://pickupr.com/amsterdam-to-duisburg","noindex, follow","1"
"/amsterdam-airport-to-dunkerque-taxi","Amsterdam Airport to Dunkerque Taxi | Pickupr","Book Amsterdam Airport to Dunkerque Taxi with private transfer, direct confirmation, and clear fixed-fare details from Pickupr.","https://pickupr.com/amsterdam-to-dunkerque","noindex, follow","1"
"/amsterdam-airport-to-durbuy-taxi","Amsterdam Airport to Durbuy Taxi | Pickupr","Book Amsterdam Airport to Durbuy Taxi with private transfer, direct confirmation, and clear fixed-fare details from Pickupr.","https://pickupr.com/amsterdam-to-durbuy","noindex, follow","1"
"/amsterdam-airport-to-dusseldorf-taxi","Amsterdam Airport to Dusseldorf Taxi | Pickupr","Book Amsterdam Airport to Dusseldorf Taxi with private transfer, direct confirmation, and clear fixed-fare details from Pickupr.","https://pickupr.com/amsterdam-to-dusseldorf","noindex, follow","1"
"/amsterdam-airport-to-eeklo-taxi","Amsterdam Airport to Eeklo Taxi | Pickupr","Book Amsterdam Airport to Eeklo Taxi with private transfer, direct confirmation, and clear fixed-fare details from Pickupr.","https://pickupr.com/amsterdam-to-eeklo","noindex, follow","1"
"/amsterdam-airport-to-emden-taxi","Amsterdam Airport to Emden Taxi | Pickupr","Book Amsterdam Airport to Emden Taxi with private transfer, direct confirmation, and clear fixed-fare details from Pickupr.","https://pickupr.com/amsterdam-to-emden","noindex, follow","1"
"/amsterdam-airport-to-epinal-taxi","Amsterdam Airport to Epinal Taxi | Pickupr","Book Amsterdam Airport to Epinal Taxi with private transfer, direct confirmation, and clear fixed-fare details from Pickupr.","https://pickupr.com/amsterdam-to-epinal","noindex, follow","1"
"/amsterdam-airport-to-erfurt-taxi","Amsterdam Airport to Erfurt Taxi | Pickupr","Book Amsterdam Airport to Erfurt Taxi with private transfer, direct confirmation, and clear fixed-fare details from Pickupr.","https://pickupr.com/amsterdam-to-erfurt","noindex, follow","1"
"/amsterdam-airport-to-erlangen-taxi","Amsterdam Airport to Erlangen Taxi | Pickupr","Book Amsterdam Airport to Erlangen Taxi with private transfer, direct confirmation, and clear fixed-fare details from Pickupr.","https://pickupr.com/amsterdam-to-erlangen","noindex, follow","1"
"/amsterdam-airport-to-essen-taxi","Amsterdam Airport to Essen Taxi | Pickupr","Book Amsterdam Airport to Essen Taxi with private transfer, direct confirmation, and clear fixed-fare details from Pickupr.","https://pickupr.com/amsterdam-to-essen","noindex, follow","1"
"/amsterdam-airport-to-eupen-taxi","Amsterdam Airport to Eupen Taxi | Pickupr","Book Amsterdam Airport to Eupen Taxi with private transfer, direct confirmation, and clear fixed-fare details from Pickupr.","https://pickupr.com/amsterdam-to-eupen","noindex, follow","1"
"/amsterdam-airport-to-flensburg-taxi","Amsterdam Airport to Flensburg Taxi | Pickupr","Book Amsterdam Airport to Flensburg Taxi with private transfer, direct confirmation, and clear fixed-fare details from Pickupr.","https://pickupr.com/amsterdam-to-flensburg","noindex, follow","1"
"/amsterdam-airport-to-frankfurt-taxi","Amsterdam Airport to Frankfurt Taxi | Pickupr","Book Amsterdam Airport to Frankfurt Taxi with private transfer, direct confirmation, and clear fixed-fare details from Pickupr.","https://pickupr.com/amsterdam-to-frankfurt","noindex, follow","1"
"/amsterdam-airport-to-freiburg-taxi","Amsterdam Airport to Freiburg Taxi | Pickupr","Book Amsterdam Airport to Freiburg Taxi with private transfer, direct confirmation, and clear fixed-fare details from Pickupr.","https://pickupr.com/amsterdam-to-freiburg","noindex, follow","1"
"/amsterdam-airport-to-frejus-taxi","Amsterdam Airport to Frejus Taxi | Pickupr","Book Amsterdam Airport to Frejus Taxi with private transfer, direct confirmation, and clear fixed-fare details from Pickupr.","https://pickupr.com/amsterdam-to-frejus","noindex, follow","1"
"/amsterdam-airport-to-fulda-taxi","Amsterdam Airport to Fulda Taxi | Pickupr","Book Amsterdam Airport to Fulda Taxi with private transfer, direct confirmation, and clear fixed-fare details from Pickupr.","https://pickupr.com/amsterdam-to-fulda","noindex, follow","1"
"/amsterdam-airport-to-furth-taxi","Amsterdam Airport to Furth Taxi | Pickupr","Book Amsterdam Airport to Furth Taxi with private transfer, direct confirmation, and clear fixed-fare details from Pickupr.","https://pickupr.com/amsterdam-to-furth","noindex, follow","1"
"/amsterdam-airport-to-gap-taxi","Amsterdam Airport to Gap Taxi | Pickupr","Book Amsterdam Airport to Gap Taxi with private transfer, direct confirmation, and clear fixed-fare details from Pickupr.","https://pickupr.com/amsterdam-to-gap","noindex, follow","1"
"/amsterdam-airport-to-geel-taxi","Amsterdam Airport to Geel Taxi | Pickupr","Book Amsterdam Airport to Geel Taxi with private transfer, direct confirmation, and clear fixed-fare details from Pickupr.","https://pickupr.com/amsterdam-to-geel","noindex, follow","1"
"/amsterdam-airport-to-gelsenkirchen-taxi","Amsterdam Airport to Gelsenkirchen Taxi | Pickupr","Book Amsterdam Airport to Gelsenkirchen Taxi with private transfer, direct confirmation, and clear fixed-fare details from Pickupr.","https://pickupr.com/amsterdam-to-gelsenkirchen","noindex, follow","1"
"/amsterdam-airport-to-genk-taxi","Amsterdam Airport to Genk Taxi | Pickupr","Book Amsterdam Airport to Genk Taxi with private transfer, direct confirmation, and clear fixed-fare details from Pickupr.","https://pickupr.com/amsterdam-to-genk","noindex, follow","1"
"/amsterdam-airport-to-geraardsbergen-taxi","Amsterdam Airport to Geraardsbergen Taxi | Pickupr","Book Amsterdam Airport to Geraardsbergen Taxi with private transfer, direct confirmation, and clear fixed-fare details from Pickupr.","https://pickupr.com/amsterdam-to-geraardsbergen","noindex, follow","1"
"/amsterdam-airport-to-ghent-taxi","Amsterdam Airport to Ghent Taxi | Pickupr","Book Amsterdam Airport to Ghent Taxi with private transfer, direct confirmation, and clear fixed-fare details from Pickupr.","https://pickupr.com/amsterdam-to-ghent","noindex, follow","1"
"/amsterdam-airport-to-giessen-taxi","Amsterdam Airport to Giessen Taxi | Pickupr","Book Amsterdam Airport to Giessen Taxi with private transfer, direct confirmation, and clear fixed-fare details from Pickupr.","https://pickupr.com/amsterdam-to-giessen","noindex, follow","1"
"/amsterdam-airport-to-gottingen-taxi","Amsterdam Airport to Gottingen Taxi | Pickupr","Book Amsterdam Airport to Gottingen Taxi with private transfer, direct confirmation, and clear fixed-fare details from Pickupr.","https://pickupr.com/amsterdam-to-gottingen","noindex, follow","1"
"/amsterdam-airport-to-grasse-taxi","Amsterdam Airport to Grasse Taxi | Pickupr","Book Amsterdam Airport to Grasse Taxi with private transfer, direct confirmation, and clear fixed-fare details from Pickupr.","https://pickupr.com/amsterdam-to-grasse","noindex, follow","1"
"/amsterdam-airport-to-grenoble-taxi","Amsterdam Airport to Grenoble Taxi | Pickupr","Book Amsterdam Airport to Grenoble Taxi with private transfer, direct confirmation, and clear fixed-fare details from Pickupr.","https://pickupr.com/amsterdam-to-grenoble","noindex, follow","1"
"/amsterdam-airport-to-hagen-taxi","Amsterdam Airport to Hagen Taxi | Pickupr","Book Amsterdam Airport to Hagen Taxi with private transfer, direct confirmation, and clear fixed-fare details from Pickupr.","https://pickupr.com/amsterdam-to-hagen","noindex, follow","1"
"/amsterdam-airport-to-halle-taxi","Amsterdam Airport to Halle Taxi | Pickupr","Book Amsterdam Airport to Halle Taxi with private transfer, direct confirmation, and clear fixed-fare details from Pickupr.","https://pickupr.com/amsterdam-to-halle-be","noindex, follow","1"
"/amsterdam-airport-to-hamburg-taxi","Amsterdam Airport to Hamburg Taxi | Pickupr","Book Amsterdam Airport to Hamburg Taxi with private transfer, direct confirmation, and clear fixed-fare details from Pickupr.","https://pickupr.com/amsterdam-to-hamburg","noindex, follow","1"
"/amsterdam-airport-to-hamm-taxi","Amsterdam Airport to Hamm Taxi | Pickupr","Book Amsterdam Airport to Hamm Taxi with private transfer, direct confirmation, and clear fixed-fare details from Pickupr.","https://pickupr.com/amsterdam-to-hamm","noindex, follow","1"
"/amsterdam-airport-to-hanover-taxi","Amsterdam Airport to Hanover Taxi | Pickupr","Book Amsterdam Airport to Hanover Taxi with private transfer, direct confirmation, and clear fixed-fare details from Pickupr.","https://pickupr.com/amsterdam-to-hanover","noindex, follow","1"
"/amsterdam-airport-to-hasselt-taxi","Amsterdam Airport to Hasselt Taxi | Pickupr","Book Amsterdam Airport to Hasselt Taxi with private transfer, direct confirmation, and clear fixed-fare details from Pickupr.","https://pickupr.com/amsterdam-to-hasselt","noindex, follow","1"
"/amsterdam-airport-to-heidelberg-taxi","Amsterdam Airport to Heidelberg Taxi | Pickupr","Book Amsterdam Airport to Heidelberg Taxi with private transfer, direct confirmation, and clear fixed-fare details from Pickupr.","https://pickupr.com/amsterdam-to-heidelberg","noindex, follow","1"
"/amsterdam-airport-to-heilbronn-taxi","Amsterdam Airport to Heilbronn Taxi | Pickupr","Book Amsterdam Airport to Heilbronn Taxi with private transfer, direct confirmation, and clear fixed-fare details from Pickupr.","https://pickupr.com/amsterdam-to-heilbronn","noindex, follow","1"
"/amsterdam-airport-to-heist-op-den-berg-taxi","Amsterdam Airport to Heist-op-den-Berg Taxi | Pickupr","Book Amsterdam Airport to Heist-op-den-Berg Taxi with private transfer, direct confirmation, and clear fixed-fare details from Pickupr.","https://pickupr.com/amsterdam-to-heist-op-den-berg","noindex, follow","1"
"/amsterdam-airport-to-herentals-taxi","Amsterdam Airport to Herentals Taxi | Pickupr","Book Amsterdam Airport to Herentals Taxi with private transfer, direct confirmation, and clear fixed-fare details from Pickupr.","https://pickupr.com/amsterdam-to-herentals","noindex, follow","1"
"/amsterdam-airport-to-herne-taxi","Amsterdam Airport to Herne Taxi | Pickupr","Book Amsterdam Airport to Herne Taxi with private transfer, direct confirmation, and clear fixed-fare details from Pickupr.","https://pickupr.com/amsterdam-to-herne","noindex, follow","1"
"/amsterdam-airport-to-hildesheim-taxi","Amsterdam Airport to Hildesheim Taxi | Pickupr","Book Amsterdam Airport to Hildesheim Taxi with private transfer, direct confirmation, and clear fixed-fare details from Pickupr.","https://pickupr.com/amsterdam-to-hildesheim","noindex, follow","1"
"/amsterdam-airport-to-huy-taxi","Amsterdam Airport to Huy Taxi | Pickupr","Book Amsterdam Airport to Huy Taxi with private transfer, direct confirmation, and clear fixed-fare details from Pickupr.","https://pickupr.com/amsterdam-to-huy","noindex, follow","1"
"/amsterdam-airport-to-ingolstadt-taxi","Amsterdam Airport to Ingolstadt Taxi | Pickupr","Book Amsterdam Airport to Ingolstadt Taxi with private transfer, direct confirmation, and clear fixed-fare details from Pickupr.","https://pickupr.com/amsterdam-to-ingolstadt","noindex, follow","1"
"/amsterdam-airport-to-istres-taxi","Amsterdam Airport to Istres Taxi | Pickupr","Book Amsterdam Airport to Istres Taxi with private transfer, direct confirmation, and clear fixed-fare details from Pickupr.","https://pickupr.com/amsterdam-to-istres","noindex, follow","1"
"/amsterdam-airport-to-izegem-taxi","Amsterdam Airport to Izegem Taxi | Pickupr","Book Amsterdam Airport to Izegem Taxi with private transfer, direct confirmation, and clear fixed-fare details from Pickupr.","https://pickupr.com/amsterdam-to-izegem","noindex, follow","1"
"/amsterdam-airport-to-jena-taxi","Amsterdam Airport to Jena Taxi | Pickupr","Book Amsterdam Airport to Jena Taxi with private transfer, direct confirmation, and clear fixed-fare details from Pickupr.","https://pickupr.com/amsterdam-to-jena","noindex, follow","1"
"/amsterdam-airport-to-jette-taxi","Amsterdam Airport to Jette Taxi | Pickupr","Book Amsterdam Airport to Jette Taxi with private transfer, direct confirmation, and clear fixed-fare details from Pickupr.","https://pickupr.com/amsterdam-to-jette","noindex, follow","1"
"/amsterdam-airport-to-kaiserslautern-taxi","Amsterdam Airport to Kaiserslautern Taxi | Pickupr","Book Amsterdam Airport to Kaiserslautern Taxi with private transfer, direct confirmation, and clear fixed-fare details from Pickupr.","https://pickupr.com/amsterdam-to-kaiserslautern","noindex, follow","1"
"/amsterdam-airport-to-karlsruhe-taxi","Amsterdam Airport to Karlsruhe Taxi | Pickupr","Book Amsterdam Airport to Karlsruhe Taxi with private transfer, direct confirmation, and clear fixed-fare details from Pickupr.","https://pickupr.com/amsterdam-to-karlsruhe","noindex, follow","1"
"/amsterdam-airport-to-kassel-taxi","Amsterdam Airport to Kassel Taxi | Pickupr","Book Amsterdam Airport to Kassel Taxi with private transfer, direct confirmation, and clear fixed-fare details from Pickupr.","https://pickupr.com/amsterdam-to-kassel","noindex, follow","1"
"/amsterdam-airport-to-kiel-taxi","Amsterdam Airport to Kiel Taxi | Pickupr","Book Amsterdam Airport to Kiel Taxi with private transfer, direct confirmation, and clear fixed-fare details from Pickupr.","https://pickupr.com/amsterdam-to-kiel","noindex, follow","1"
"/amsterdam-airport-to-knokke-taxi","Amsterdam Airport to Knokke Taxi | Pickupr","Book Amsterdam Airport to Knokke Taxi with private transfer, direct confirmation, and clear fixed-fare details from Pickupr.","https://pickupr.com/amsterdam-to-knokke","noindex, follow","1"
"/amsterdam-airport-to-koblenz-taxi","Amsterdam Airport to Koblenz Taxi | Pickupr","Book Amsterdam Airport to Koblenz Taxi with private transfer, direct confirmation, and clear fixed-fare details from Pickupr.","https://pickupr.com/amsterdam-to-koblenz","noindex, follow","1"
"/amsterdam-airport-to-konstanz-taxi","Amsterdam Airport to Konstanz Taxi | Pickupr","Book Amsterdam Airport to Konstanz Taxi with private transfer, direct confirmation, and clear fixed-fare details from Pickupr.","https://pickupr.com/amsterdam-to-konstanz","noindex, follow","1"
"/amsterdam-airport-to-kortrijk-taxi","Amsterdam Airport to Kortrijk Taxi | Pickupr","Book Amsterdam Airport to Kortrijk Taxi with private transfer, direct confirmation, and clear fixed-fare details from Pickupr.","https://pickupr.com/amsterdam-to-kortrijk","noindex, follow","1"
"/amsterdam-airport-to-krefeld-taxi","Amsterdam Airport to Krefeld Taxi | Pickupr","Book Amsterdam Airport to Krefeld Taxi with private transfer, direct confirmation, and clear fixed-fare details from Pickupr.","https://pickupr.com/amsterdam-to-krefeld","noindex, follow","1"
"/amsterdam-airport-to-la-louviere-taxi","Amsterdam Airport to La Louviere Taxi | Pickupr","Book Amsterdam Airport to La Louviere Taxi with private transfer, direct confirmation, and clear fixed-fare details from Pickupr.","https://pickupr.com/amsterdam-to-la-louviere","noindex, follow","1"
"/amsterdam-airport-to-la-rochelle-taxi","Amsterdam Airport to La Rochelle Taxi | Pickupr","Book Amsterdam Airport to La Rochelle Taxi with private transfer, direct confirmation, and clear fixed-fare details from Pickupr.","https://pickupr.com/amsterdam-to-la-rochelle","noindex, follow","1"
"/amsterdam-airport-to-landshut-taxi","Amsterdam Airport to Landshut Taxi | Pickupr","Book Amsterdam Airport to Landshut Taxi with private transfer, direct confirmation, and clear fixed-fare details from Pickupr.","https://pickupr.com/amsterdam-to-landshut","noindex, follow","1"
"/amsterdam-airport-to-laon-taxi","Amsterdam Airport to Laon Taxi | Pickupr","Book Amsterdam Airport to Laon Taxi with private transfer, direct confirmation, and clear fixed-fare details from Pickupr.","https://pickupr.com/amsterdam-to-laon","noindex, follow","1"
"/amsterdam-airport-to-le-havre-taxi","Amsterdam Airport to Le Havre Taxi | Pickupr","Book Amsterdam Airport to Le Havre Taxi with private transfer, direct confirmation, and clear fixed-fare details from Pickupr.","https://pickupr.com/amsterdam-to-le-havre","noindex, follow","1"
"/amsterdam-airport-to-le-mans-taxi","Amsterdam Airport to Le Mans Taxi | Pickupr","Book Amsterdam Airport to Le Mans Taxi with private transfer, direct confirmation, and clear fixed-fare details from Pickupr.","https://pickupr.com/amsterdam-to-le-mans","noindex, follow","1"
"/amsterdam-airport-to-leipzig-taxi","Amsterdam Airport to Leipzig Taxi | Pickupr","Book Amsterdam Airport to Leipzig Taxi with private transfer, direct confirmation, and clear fixed-fare details from Pickupr.","https://pickupr.com/amsterdam-to-leipzig","noindex, follow","1"
"/amsterdam-airport-to-leuven-taxi","Amsterdam Airport to Leuven Taxi | Pickupr","Book Amsterdam Airport to Leuven Taxi with private transfer, direct confirmation, and clear fixed-fare details from Pickupr.","https://pickupr.com/amsterdam-to-leuven","noindex, follow","1"
"/amsterdam-airport-to-leverkusen-taxi","Amsterdam Airport to Leverkusen Taxi | Pickupr","Book Amsterdam Airport to Leverkusen Taxi with private transfer, direct confirmation, and clear fixed-fare details from Pickupr.","https://pickupr.com/amsterdam-to-leverkusen","noindex, follow","1"
"/amsterdam-airport-to-liege-taxi","Amsterdam Airport to Liege Taxi | Pickupr","Book Amsterdam Airport to Liege Taxi with private transfer, direct confirmation, and clear fixed-fare details from Pickupr.","https://pickupr.com/amsterdam-to-liege","noindex, follow","1"
"/amsterdam-airport-to-lier-taxi","Amsterdam Airport to Lier Taxi | Pickupr","Book Amsterdam Airport to Lier Taxi with private transfer, direct confirmation, and clear fixed-fare details from Pickupr.","https://pickupr.com/amsterdam-to-lier","noindex, follow","1"
"/amsterdam-airport-to-lille-taxi","Amsterdam Airport to Lille Taxi | Pickupr","Book Amsterdam Airport to Lille Taxi with private transfer, direct confirmation, and clear fixed-fare details from Pickupr.","https://pickupr.com/amsterdam-to-lille","noindex, follow","1"
"/amsterdam-airport-to-limoges-taxi","Amsterdam Airport to Limoges Taxi | Pickupr","Book Amsterdam Airport to Limoges Taxi with private transfer, direct confirmation, and clear fixed-fare details from Pickupr.","https://pickupr.com/amsterdam-to-limoges","noindex, follow","1"
"/amsterdam-airport-to-lokeren-taxi","Amsterdam Airport to Lokeren Taxi | Pickupr","Book Amsterdam Airport to Lokeren Taxi with private transfer, direct confirmation, and clear fixed-fare details from Pickupr.","https://pickupr.com/amsterdam-to-lokeren","noindex, follow","1"
"/amsterdam-airport-to-lommel-taxi","Amsterdam Airport to Lommel Taxi | Pickupr","Book Amsterdam Airport to Lommel Taxi with private transfer, direct confirmation, and clear fixed-fare details from Pickupr.","https://pickupr.com/amsterdam-to-lommel","noindex, follow","1"
"/amsterdam-airport-to-lorient-taxi","Amsterdam Airport to Lorient Taxi | Pickupr","Book Amsterdam Airport to Lorient Taxi with private transfer, direct confirmation, and clear fixed-fare details from Pickupr.","https://pickupr.com/amsterdam-to-lorient","noindex, follow","1"
"/amsterdam-airport-to-louvain-la-neuve-taxi","Amsterdam Airport to Louvain-la-Neuve Taxi | Pickupr","Book Amsterdam Airport to Louvain-la-Neuve Taxi with private transfer, direct confirmation, and clear fixed-fare details from Pickupr.","https://pickupr.com/amsterdam-to-louvain-la-neuve","noindex, follow","1"
"/amsterdam-airport-to-lubeck-taxi","Amsterdam Airport to Lubeck Taxi | Pickupr","Book Amsterdam Airport to Lubeck Taxi with private transfer, direct confirmation, and clear fixed-fare details from Pickupr.","https://pickupr.com/amsterdam-to-lubeck","noindex, follow","1"
"/amsterdam-airport-to-ludwigshafen-taxi","Amsterdam Airport to Ludwigshafen Taxi | Pickupr","Book Amsterdam Airport to Ludwigshafen Taxi with private transfer, direct confirmation, and clear fixed-fare details from Pickupr.","https://pickupr.com/amsterdam-to-ludwigshafen","noindex, follow","1"
"/amsterdam-airport-to-luneburg-taxi","Amsterdam Airport to Luneburg Taxi | Pickupr","Book Amsterdam Airport to Luneburg Taxi with private transfer, direct confirmation, and clear fixed-fare details from Pickupr.","https://pickupr.com/amsterdam-to-luneburg","noindex, follow","1"
"/amsterdam-airport-to-lyon-taxi","Amsterdam Airport to Lyon Taxi | Pickupr","Book Amsterdam Airport to Lyon Taxi with private transfer, direct confirmation, and clear fixed-fare details from Pickupr.","https://pickupr.com/amsterdam-to-lyon","noindex, follow","1"
"/amsterdam-airport-to-maaseik-taxi","Amsterdam Airport to Maaseik Taxi | Pickupr","Book Amsterdam Airport to Maaseik Taxi with private transfer, direct confirmation, and clear fixed-fare details from Pickupr.","https://pickupr.com/amsterdam-to-maaseik","noindex, follow","1"
"/amsterdam-airport-to-macon-taxi","Amsterdam Airport to Macon Taxi | Pickupr","Book Amsterdam Airport to Macon Taxi with private transfer, direct confirmation, and clear fixed-fare details from Pickupr.","https://pickupr.com/amsterdam-to-macon","noindex, follow","1"
"/amsterdam-airport-to-magdeburg-taxi","Amsterdam Airport to Magdeburg Taxi | Pickupr","Book Amsterdam Airport to Magdeburg Taxi with private transfer, direct confirmation, and clear fixed-fare details from Pickupr.","https://pickupr.com/amsterdam-to-magdeburg","noindex, follow","1"
"/amsterdam-airport-to-mainz-taxi","Amsterdam Airport to Mainz Taxi | Pickupr","Book Amsterdam Airport to Mainz Taxi with private transfer, direct confirmation, and clear fixed-fare details from Pickupr.","https://pickupr.com/amsterdam-to-mainz","noindex, follow","1"
"/amsterdam-airport-to-malmedy-taxi","Amsterdam Airport to Malmedy Taxi | Pickupr","Book Amsterdam Airport to Malmedy Taxi with private transfer, direct confirmation, and clear fixed-fare details from Pickupr.","https://pickupr.com/amsterdam-to-malmedy","noindex, follow","1"
"/amsterdam-airport-to-mannheim-taxi","Amsterdam Airport to Mannheim Taxi | Pickupr","Book Amsterdam Airport to Mannheim Taxi with private transfer, direct confirmation, and clear fixed-fare details from Pickupr.","https://pickupr.com/amsterdam-to-mannheim","noindex, follow","1"
"/amsterdam-airport-to-marburg-taxi","Amsterdam Airport to Marburg Taxi | Pickupr","Book Amsterdam Airport to Marburg Taxi with private transfer, direct confirmation, and clear fixed-fare details from Pickupr.","https://pickupr.com/amsterdam-to-marburg","noindex, follow","1"
"/amsterdam-airport-to-marche-en-famenne-taxi","Amsterdam Airport to Marche-en-Famenne Taxi | Pickupr","Book Amsterdam Airport to Marche-en-Famenne Taxi with private transfer, direct confirmation, and clear fixed-fare details from Pickupr.","https://pickupr.com/amsterdam-to-marche-en-famenne","noindex, follow","1"
"/amsterdam-airport-to-marseille-taxi","Amsterdam Airport to Marseille Taxi | Pickupr","Book Amsterdam Airport to Marseille Taxi with private transfer, direct confirmation, and clear fixed-fare details from Pickupr.","https://pickupr.com/amsterdam-to-marseille","noindex, follow","1"
"/amsterdam-airport-to-mechelen-taxi","Amsterdam Airport to Mechelen Taxi | Pickupr","Book Amsterdam Airport to Mechelen Taxi with private transfer, direct confirmation, and clear fixed-fare details from Pickupr.","https://pickupr.com/amsterdam-to-mechelen","noindex, follow","1"
"/amsterdam-airport-to-metz-taxi","Amsterdam Airport to Metz Taxi | Pickupr","Book Amsterdam Airport to Metz Taxi with private transfer, direct confirmation, and clear fixed-fare details from Pickupr.","https://pickupr.com/amsterdam-to-metz","noindex, follow","1"
"/amsterdam-airport-to-moers-taxi","Amsterdam Airport to Moers Taxi | Pickupr","Book Amsterdam Airport to Moers Taxi with private transfer, direct confirmation, and clear fixed-fare details from Pickupr.","https://pickupr.com/amsterdam-to-moers","noindex, follow","1"
"/amsterdam-airport-to-mol-taxi","Amsterdam Airport to Mol Taxi | Pickupr","Book Amsterdam Airport to Mol Taxi with private transfer, direct confirmation, and clear fixed-fare details from Pickupr.","https://pickupr.com/amsterdam-to-mol","noindex, follow","1"
"/amsterdam-airport-to-monchengladbach-taxi","Amsterdam Airport to Monchengladbach Taxi | Pickupr","Book Amsterdam Airport to Monchengladbach Taxi with private transfer, direct confirmation, and clear fixed-fare details from Pickupr.","https://pickupr.com/amsterdam-to-monchengladbach","noindex, follow","1"
"/amsterdam-airport-to-mons-taxi","Amsterdam Airport to Mons Taxi | Pickupr","Book Amsterdam Airport to Mons Taxi with private transfer, direct confirmation, and clear fixed-fare details from Pickupr.","https://pickupr.com/amsterdam-to-mons","noindex, follow","1"
"/amsterdam-airport-to-montauban-taxi","Amsterdam Airport to Montauban Taxi | Pickupr","Book Amsterdam Airport to Montauban Taxi with private transfer, direct confirmation, and clear fixed-fare details from Pickupr.","https://pickupr.com/amsterdam-to-montauban","noindex, follow","1"
"/amsterdam-airport-to-montpellier-taxi","Amsterdam Airport to Montpellier Taxi | Pickupr","Book Amsterdam Airport to Montpellier Taxi with private transfer, direct confirmation, and clear fixed-fare details from Pickupr.","https://pickupr.com/amsterdam-to-montpellier","noindex, follow","1"
"/amsterdam-airport-to-mouscron-taxi","Amsterdam Airport to Mouscron Taxi | Pickupr","Book Amsterdam Airport to Mouscron Taxi with private transfer, direct confirmation, and clear fixed-fare details from Pickupr.","https://pickupr.com/amsterdam-to-mouscron","noindex, follow","1"
"/amsterdam-airport-to-mulhouse-taxi","Amsterdam Airport to Mulhouse Taxi | Pickupr","Book Amsterdam Airport to Mulhouse Taxi with private transfer, direct confirmation, and clear fixed-fare details from Pickupr.","https://pickupr.com/amsterdam-to-mulhouse","noindex, follow","1"
"/amsterdam-airport-to-munich-taxi","Amsterdam Airport to Munich Taxi | Pickupr","Book Amsterdam Airport to Munich Taxi with private transfer, direct confirmation, and clear fixed-fare details from Pickupr.","https://pickupr.com/amsterdam-to-munich","noindex, follow","1"
"/amsterdam-airport-to-munster-taxi","Amsterdam Airport to Munster Taxi | Pickupr","Book Amsterdam Airport to Munster Taxi with private transfer, direct confirmation, and clear fixed-fare details from Pickupr.","https://pickupr.com/amsterdam-to-munster","noindex, follow","1"
"/amsterdam-airport-to-namur-taxi","Amsterdam Airport to Namur Taxi | Pickupr","Book Amsterdam Airport to Namur Taxi with private transfer, direct confirmation, and clear fixed-fare details from Pickupr.","https://pickupr.com/amsterdam-to-namur","noindex, follow","1"
"/amsterdam-airport-to-nancy-taxi","Amsterdam Airport to Nancy Taxi | Pickupr","Book Amsterdam Airport to Nancy Taxi with private transfer, direct confirmation, and clear fixed-fare details from Pickupr.","https://pickupr.com/amsterdam-to-nancy","noindex, follow","1"
"/amsterdam-airport-to-nanterre-taxi","Amsterdam Airport to Nanterre Taxi | Pickupr","Book Amsterdam Airport to Nanterre Taxi with private transfer, direct confirmation, and clear fixed-fare details from Pickupr.","https://pickupr.com/amsterdam-to-nanterre","noindex, follow","1"
"/amsterdam-airport-to-nantes-taxi","Amsterdam Airport to Nantes Taxi | Pickupr","Book Amsterdam Airport to Nantes Taxi with private transfer, direct confirmation, and clear fixed-fare details from Pickupr.","https://pickupr.com/amsterdam-to-nantes","noindex, follow","1"
"/amsterdam-airport-to-narbonne-taxi","Amsterdam Airport to Narbonne Taxi | Pickupr","Book Amsterdam Airport to Narbonne Taxi with private transfer, direct confirmation, and clear fixed-fare details from Pickupr.","https://pickupr.com/amsterdam-to-narbonne","noindex, follow","1"
"/amsterdam-airport-to-neerpelt-taxi","Amsterdam Airport to Neerpelt Taxi | Pickupr","Book Amsterdam Airport to Neerpelt Taxi with private transfer, direct confirmation, and clear fixed-fare details from Pickupr.","https://pickupr.com/amsterdam-to-neerpelt","noindex, follow","1"
"/amsterdam-airport-to-neuss-taxi","Amsterdam Airport to Neuss Taxi | Pickupr","Book Amsterdam Airport to Neuss Taxi with private transfer, direct confirmation, and clear fixed-fare details from Pickupr.","https://pickupr.com/amsterdam-to-neuss","noindex, follow","1"
"/amsterdam-airport-to-nevers-taxi","Amsterdam Airport to Nevers Taxi | Pickupr","Book Amsterdam Airport to Nevers Taxi with private transfer, direct confirmation, and clear fixed-fare details from Pickupr.","https://pickupr.com/amsterdam-to-nevers","noindex, follow","1"
"/amsterdam-airport-to-nice-taxi","Amsterdam Airport to Nice Taxi | Pickupr","Book Amsterdam Airport to Nice Taxi with private transfer, direct confirmation, and clear fixed-fare details from Pickupr.","https://pickupr.com/amsterdam-to-nice","noindex, follow","1"
"/amsterdam-airport-to-nimes-taxi","Amsterdam Airport to Nimes Taxi | Pickupr","Book Amsterdam Airport to Nimes Taxi with private transfer, direct confirmation, and clear fixed-fare details from Pickupr.","https://pickupr.com/amsterdam-to-nimes","noindex, follow","1"
"/amsterdam-airport-to-ninove-taxi","Amsterdam Airport to Ninove Taxi | Pickupr","Book Amsterdam Airport to Ninove Taxi with private transfer, direct confirmation, and clear fixed-fare details from Pickupr.","https://pickupr.com/amsterdam-to-ninove","noindex, follow","1"
"/amsterdam-airport-to-niort-taxi","Amsterdam Airport to Niort Taxi | Pickupr","Book Amsterdam Airport to Niort Taxi with private transfer, direct confirmation, and clear fixed-fare details from Pickupr.","https://pickupr.com/amsterdam-to-niort","noindex, follow","1"
"/amsterdam-airport-to-nivelles-taxi","Amsterdam Airport to Nivelles Taxi | Pickupr","Book Amsterdam Airport to Nivelles Taxi with private transfer, direct confirmation, and clear fixed-fare details from Pickupr.","https://pickupr.com/amsterdam-to-nivelles","noindex, follow","1"
"/amsterdam-airport-to-nuremberg-taxi","Amsterdam Airport to Nuremberg Taxi | Pickupr","Book Amsterdam Airport to Nuremberg Taxi with private transfer, direct confirmation, and clear fixed-fare details from Pickupr.","https://pickupr.com/amsterdam-to-nuremberg","noindex, follow","1"
"/amsterdam-airport-to-oberhausen-taxi","Amsterdam Airport to Oberhausen Taxi | Pickupr","Book Amsterdam Airport to Oberhausen Taxi with private transfer, direct confirmation, and clear fixed-fare details from Pickupr.","https://pickupr.com/amsterdam-to-oberhausen","noindex, follow","1"
"/amsterdam-airport-to-oldenburg-taxi","Amsterdam Airport to Oldenburg Taxi | Pickupr","Book Amsterdam Airport to Oldenburg Taxi with private transfer, direct confirmation, and clear fixed-fare details from Pickupr.","https://pickupr.com/amsterdam-to-oldenburg","noindex, follow","1"
"/amsterdam-airport-to-orleans-taxi","Amsterdam Airport to Orleans Taxi | Pickupr","Book Amsterdam Airport to Orleans Taxi with private transfer, direct confirmation, and clear fixed-fare details from Pickupr.","https://pickupr.com/amsterdam-to-orleans","noindex, follow","1"
"/amsterdam-airport-to-osnabruck-taxi","Amsterdam Airport to Osnabruck Taxi | Pickupr","Book Amsterdam Airport to Osnabruck Taxi with private transfer, direct confirmation, and clear fixed-fare details from Pickupr.","https://pickupr.com/amsterdam-to-osnabruck","noindex, follow","1"
"/amsterdam-airport-to-ostend-taxi","Amsterdam Airport to Ostend Taxi | Pickupr","Book Amsterdam Airport to Ostend Taxi with private transfer, direct confirmation, and clear fixed-fare details from Pickupr.","https://pickupr.com/amsterdam-to-ostend","noindex, follow","1"
"/amsterdam-airport-to-ottignies-taxi","Amsterdam Airport to Ottignies Taxi | Pickupr","Book Amsterdam Airport to Ottignies Taxi with private transfer, direct confirmation, and clear fixed-fare details from Pickupr.","https://pickupr.com/amsterdam-to-ottignies","noindex, follow","1"
"/amsterdam-airport-to-paderborn-taxi","Amsterdam Airport to Paderborn Taxi | Pickupr","Book Amsterdam Airport to Paderborn Taxi with private transfer, direct confirmation, and clear fixed-fare details from Pickupr.","https://pickupr.com/amsterdam-to-paderborn","noindex, follow","1"
"/amsterdam-airport-to-paris-taxi","Amsterdam Airport to Paris Taxi | Pickupr","Book Amsterdam Airport to Paris Taxi with private transfer, direct confirmation, and clear fixed-fare details from Pickupr.","https://pickupr.com/amsterdam-to-paris","noindex, follow","1"
"/amsterdam-airport-to-passau-taxi","Amsterdam Airport to Passau Taxi | Pickupr","Book Amsterdam Airport to Passau Taxi with private transfer, direct confirmation, and clear fixed-fare details from Pickupr.","https://pickupr.com/amsterdam-to-passau","noindex, follow","1"
"/amsterdam-airport-to-pau-taxi","Amsterdam Airport to Pau Taxi | Pickupr","Book Amsterdam Airport to Pau Taxi with private transfer, direct confirmation, and clear fixed-fare details from Pickupr.","https://pickupr.com/amsterdam-to-pau","noindex, follow","1"
"/amsterdam-airport-to-perpignan-taxi","Amsterdam Airport to Perpignan Taxi | Pickupr","Book Amsterdam Airport to Perpignan Taxi with private transfer, direct confirmation, and clear fixed-fare details from Pickupr.","https://pickupr.com/amsterdam-to-perpignan","noindex, follow","1"
"/amsterdam-airport-to-pforzheim-taxi","Amsterdam Airport to Pforzheim Taxi | Pickupr","Book Amsterdam Airport to Pforzheim Taxi with private transfer, direct confirmation, and clear fixed-fare details from Pickupr.","https://pickupr.com/amsterdam-to-pforzheim","noindex, follow","1"
"/amsterdam-airport-to-poitiers-taxi","Amsterdam Airport to Poitiers Taxi | Pickupr","Book Amsterdam Airport to Poitiers Taxi with private transfer, direct confirmation, and clear fixed-fare details from Pickupr.","https://pickupr.com/amsterdam-to-poitiers","noindex, follow","1"
"/amsterdam-airport-to-poperinge-taxi","Amsterdam Airport to Poperinge Taxi | Pickupr","Book Amsterdam Airport to Poperinge Taxi with private transfer, direct confirmation, and clear fixed-fare details from Pickupr.","https://pickupr.com/amsterdam-to-poperinge","noindex, follow","1"
"/amsterdam-airport-to-potsdam-taxi","Amsterdam Airport to Potsdam Taxi | Pickupr","Book Amsterdam Airport to Potsdam Taxi with private transfer, direct confirmation, and clear fixed-fare details from Pickupr.","https://pickupr.com/amsterdam-to-potsdam","noindex, follow","1"
"/amsterdam-airport-to-quimper-taxi","Amsterdam Airport to Quimper Taxi | Pickupr","Book Amsterdam Airport to Quimper Taxi with private transfer, direct confirmation, and clear fixed-fare details from Pickupr.","https://pickupr.com/amsterdam-to-quimper","noindex, follow","1"
"/amsterdam-airport-to-ravensburg-taxi","Amsterdam Airport to Ravensburg Taxi | Pickupr","Book Amsterdam Airport to Ravensburg Taxi with private transfer, direct confirmation, and clear fixed-fare details from Pickupr.","https://pickupr.com/amsterdam-to-ravensburg","noindex, follow","1"
"/amsterdam-airport-to-regensburg-taxi","Amsterdam Airport to Regensburg Taxi | Pickupr","Book Amsterdam Airport to Regensburg Taxi with private transfer, direct confirmation, and clear fixed-fare details from Pickupr.","https://pickupr.com/amsterdam-to-regensburg","noindex, follow","1"
"/amsterdam-airport-to-reims-taxi","Amsterdam Airport to Reims Taxi | Pickupr","Book Amsterdam Airport to Reims Taxi with private transfer, direct confirmation, and clear fixed-fare details from Pickupr.","https://pickupr.com/amsterdam-to-reims","noindex, follow","1"
"/amsterdam-airport-to-remscheid-taxi","Amsterdam Airport to Remscheid Taxi | Pickupr","Book Amsterdam Airport to Remscheid Taxi with private transfer, direct confirmation, and clear fixed-fare details from Pickupr.","https://pickupr.com/amsterdam-to-remscheid","noindex, follow","1"
"/amsterdam-airport-to-rennes-taxi","Amsterdam Airport to Rennes Taxi | Pickupr","Book Amsterdam Airport to Rennes Taxi with private transfer, direct confirmation, and clear fixed-fare details from Pickupr.","https://pickupr.com/amsterdam-to-rennes","noindex, follow","1"
"/amsterdam-airport-to-reutlingen-taxi","Amsterdam Airport to Reutlingen Taxi | Pickupr","Book Amsterdam Airport to Reutlingen Taxi with private transfer, direct confirmation, and clear fixed-fare details from Pickupr.","https://pickupr.com/amsterdam-to-reutlingen","noindex, follow","1"
"/amsterdam-airport-to-roanne-taxi","Amsterdam Airport to Roanne Taxi | Pickupr","Book Amsterdam Airport to Roanne Taxi with private transfer, direct confirmation, and clear fixed-fare details from Pickupr.","https://pickupr.com/amsterdam-to-roanne","noindex, follow","1"
"/amsterdam-airport-to-rochefort-taxi","Amsterdam Airport to Rochefort Taxi | Pickupr","Book Amsterdam Airport to Rochefort Taxi with private transfer, direct confirmation, and clear fixed-fare details from Pickupr.","https://pickupr.com/amsterdam-to-rochefort","noindex, follow","1"
"/amsterdam-airport-to-roeselare-taxi","Amsterdam Airport to Roeselare Taxi | Pickupr","Book Amsterdam Airport to Roeselare Taxi with private transfer, direct confirmation, and clear fixed-fare details from Pickupr.","https://pickupr.com/amsterdam-to-roeselare","noindex, follow","1"
"/amsterdam-airport-to-ronse-taxi","Amsterdam Airport to Ronse Taxi | Pickupr","Book Amsterdam Airport to Ronse Taxi with private transfer, direct confirmation, and clear fixed-fare details from Pickupr.","https://pickupr.com/amsterdam-to-ronse","noindex, follow","1"
"/amsterdam-airport-to-rostock-taxi","Amsterdam Airport to Rostock Taxi | Pickupr","Book Amsterdam Airport to Rostock Taxi with private transfer, direct confirmation, and clear fixed-fare details from Pickupr.","https://pickupr.com/amsterdam-to-rostock","noindex, follow","1"
"/amsterdam-airport-to-roubaix-taxi","Amsterdam Airport to Roubaix Taxi | Pickupr","Book Amsterdam Airport to Roubaix Taxi with private transfer, direct confirmation, and clear fixed-fare details from Pickupr.","https://pickupr.com/amsterdam-to-roubaix","noindex, follow","1"
"/amsterdam-airport-to-rouen-taxi","Amsterdam Airport to Rouen Taxi | Pickupr","Book Amsterdam Airport to Rouen Taxi with private transfer, direct confirmation, and clear fixed-fare details from Pickupr.","https://pickupr.com/amsterdam-to-rouen","noindex, follow","1"
"/amsterdam-airport-to-saarbrucken-taxi","Amsterdam Airport to Saarbrucken Taxi | Pickupr","Book Amsterdam Airport to Saarbrucken Taxi with private transfer, direct confirmation, and clear fixed-fare details from Pickupr.","https://pickupr.com/amsterdam-to-saarbrucken","noindex, follow","1"
"/amsterdam-airport-to-saint-denis-taxi","Amsterdam Airport to Saint-Denis Taxi | Pickupr","Book Amsterdam Airport to Saint-Denis Taxi with private transfer, direct confirmation, and clear fixed-fare details from Pickupr.","https://pickupr.com/amsterdam-to-saint-denis","noindex, follow","1"
"/amsterdam-airport-to-saint-etienne-taxi","Amsterdam Airport to Saint-Etienne Taxi | Pickupr","Book Amsterdam Airport to Saint-Etienne Taxi with private transfer, direct confirmation, and clear fixed-fare details from Pickupr.","https://pickupr.com/amsterdam-to-saint-etienne","noindex, follow","1"
"/amsterdam-airport-to-saint-malo-taxi","Amsterdam Airport to Saint-Malo Taxi | Pickupr","Book Amsterdam Airport to Saint-Malo Taxi with private transfer, direct confirmation, and clear fixed-fare details from Pickupr.","https://pickupr.com/amsterdam-to-saint-malo","noindex, follow","1"
"/amsterdam-airport-to-salon-de-provence-taxi","Amsterdam Airport to Salon-de-Provence Taxi | Pickupr","Book Amsterdam Airport to Salon-de-Provence Taxi with private transfer, direct confirmation, and clear fixed-fare details from Pickupr.","https://pickupr.com/amsterdam-to-salon-de-provence","noindex, follow","1"
"/amsterdam-airport-to-salzgitter-taxi","Amsterdam Airport to Salzgitter Taxi | Pickupr","Book Amsterdam Airport to Salzgitter Taxi with private transfer, direct confirmation, and clear fixed-fare details from Pickupr.","https://pickupr.com/amsterdam-to-salzgitter","noindex, follow","1"
"/amsterdam-airport-to-schoten-taxi","Amsterdam Airport to Schoten Taxi | Pickupr","Book Amsterdam Airport to Schoten Taxi with private transfer, direct confirmation, and clear fixed-fare details from Pickupr.","https://pickupr.com/amsterdam-to-schoten","noindex, follow","1"
"/amsterdam-airport-to-seraing-taxi","Amsterdam Airport to Seraing Taxi | Pickupr","Book Amsterdam Airport to Seraing Taxi with private transfer, direct confirmation, and clear fixed-fare details from Pickupr.","https://pickupr.com/amsterdam-to-seraing","noindex, follow","1"
"/amsterdam-airport-to-sete-taxi","Amsterdam Airport to Sete Taxi | Pickupr","Book Amsterdam Airport to Sete Taxi with private transfer, direct confirmation, and clear fixed-fare details from Pickupr.","https://pickupr.com/amsterdam-to-sete","noindex, follow","1"
"/amsterdam-airport-to-siegen-taxi","Amsterdam Airport to Siegen Taxi | Pickupr","Book Amsterdam Airport to Siegen Taxi with private transfer, direct confirmation, and clear fixed-fare details from Pickupr.","https://pickupr.com/amsterdam-to-siegen","noindex, follow","1"
"/amsterdam-airport-to-sint-niklaas-taxi","Amsterdam Airport to Sint-Niklaas Taxi | Pickupr","Book Amsterdam Airport to Sint-Niklaas Taxi with private transfer, direct confirmation, and clear fixed-fare details from Pickupr.","https://pickupr.com/amsterdam-to-sint-niklaas","noindex, follow","1"
"/amsterdam-airport-to-soignies-taxi","Amsterdam Airport to Soignies Taxi | Pickupr","Book Amsterdam Airport to Soignies Taxi with private transfer, direct confirmation, and clear fixed-fare details from Pickupr.","https://pickupr.com/amsterdam-to-soignies","noindex, follow","1"
"/amsterdam-airport-to-solingen-taxi","Amsterdam Airport to Solingen Taxi | Pickupr","Book Amsterdam Airport to Solingen Taxi with private transfer, direct confirmation, and clear fixed-fare details from Pickupr.","https://pickupr.com/amsterdam-to-solingen","noindex, follow","1"
"/amsterdam-airport-to-spa-taxi","Amsterdam Airport to Spa Taxi | Pickupr","Book Amsterdam Airport to Spa Taxi with private transfer, direct confirmation, and clear fixed-fare details from Pickupr.","https://pickupr.com/amsterdam-to-spa","noindex, follow","1"
"/amsterdam-airport-to-strasbourg-taxi","Amsterdam Airport to Strasbourg Taxi | Pickupr","Book Amsterdam Airport to Strasbourg Taxi with private transfer, direct confirmation, and clear fixed-fare details from Pickupr.","https://pickupr.com/amsterdam-to-strasbourg","noindex, follow","1"
"/amsterdam-airport-to-stuttgart-taxi","Amsterdam Airport to Stuttgart Taxi | Pickupr","Book Amsterdam Airport to Stuttgart Taxi with private transfer, direct confirmation, and clear fixed-fare details from Pickupr.","https://pickupr.com/amsterdam-to-stuttgart","noindex, follow","1"
"/amsterdam-airport-to-tarbes-taxi","Amsterdam Airport to Tarbes Taxi | Pickupr","Book Amsterdam Airport to Tarbes Taxi with private transfer, direct confirmation, and clear fixed-fare details from Pickupr.","https://pickupr.com/amsterdam-to-tarbes","noindex, follow","1"
"/amsterdam-airport-to-temse-taxi","Amsterdam Airport to Temse Taxi | Pickupr","Book Amsterdam Airport to Temse Taxi with private transfer, direct confirmation, and clear fixed-fare details from Pickupr.","https://pickupr.com/amsterdam-to-temse","noindex, follow","1"
"/amsterdam-airport-to-tielt-taxi","Amsterdam Airport to Tielt Taxi | Pickupr","Book Amsterdam Airport to Tielt Taxi with private transfer, direct confirmation, and clear fixed-fare details from Pickupr.","https://pickupr.com/amsterdam-to-tielt","noindex, follow","1"
"/amsterdam-airport-to-tongeren-taxi","Amsterdam Airport to Tongeren Taxi | Pickupr","Book Amsterdam Airport to Tongeren Taxi with private transfer, direct confirmation, and clear fixed-fare details from Pickupr.","https://pickupr.com/amsterdam-to-tongeren","noindex, follow","1"
"/amsterdam-airport-to-toulon-taxi","Amsterdam Airport to Toulon Taxi | Pickupr","Book Amsterdam Airport to Toulon Taxi with private transfer, direct confirmation, and clear fixed-fare details from Pickupr.","https://pickupr.com/amsterdam-to-toulon","noindex, follow","1"
"/amsterdam-airport-to-toulouse-taxi","Amsterdam Airport to Toulouse Taxi | Pickupr","Book Amsterdam Airport to Toulouse Taxi with private transfer, direct confirmation, and clear fixed-fare details from Pickupr.","https://pickupr.com/amsterdam-to-toulouse","noindex, follow","1"
"/amsterdam-airport-to-tourcoing-taxi","Amsterdam Airport to Tourcoing Taxi | Pickupr","Book Amsterdam Airport to Tourcoing Taxi with private transfer, direct confirmation, and clear fixed-fare details from Pickupr.","https://pickupr.com/amsterdam-to-tourcoing","noindex, follow","1"
"/amsterdam-airport-to-tournai-taxi","Amsterdam Airport to Tournai Taxi | Pickupr","Book Amsterdam Airport to Tournai Taxi with private transfer, direct confirmation, and clear fixed-fare details from Pickupr.","https://pickupr.com/amsterdam-to-tournai","noindex, follow","1"
"/amsterdam-airport-to-tours-taxi","Amsterdam Airport to Tours Taxi | Pickupr","Book Amsterdam Airport to Tours Taxi with private transfer, direct confirmation, and clear fixed-fare details from Pickupr.","https://pickupr.com/amsterdam-to-tours","noindex, follow","1"
"/amsterdam-airport-to-trier-taxi","Amsterdam Airport to Trier Taxi | Pickupr","Book Amsterdam Airport to Trier Taxi with private transfer, direct confirmation, and clear fixed-fare details from Pickupr.","https://pickupr.com/amsterdam-to-trier","noindex, follow","1"
"/amsterdam-airport-to-troyes-taxi","Amsterdam Airport to Troyes Taxi | Pickupr","Book Amsterdam Airport to Troyes Taxi with private transfer, direct confirmation, and clear fixed-fare details from Pickupr.","https://pickupr.com/amsterdam-to-troyes","noindex, follow","1"
"/amsterdam-airport-to-tubize-taxi","Amsterdam Airport to Tubize Taxi | Pickupr","Book Amsterdam Airport to Tubize Taxi with private transfer, direct confirmation, and clear fixed-fare details from Pickupr.","https://pickupr.com/amsterdam-to-tubize","noindex, follow","1"
"/amsterdam-airport-to-turnhout-taxi","Amsterdam Airport to Turnhout Taxi | Pickupr","Book Amsterdam Airport to Turnhout Taxi with private transfer, direct confirmation, and clear fixed-fare details from Pickupr.","https://pickupr.com/amsterdam-to-turnhout","noindex, follow","1"
"/amsterdam-airport-to-uccle-taxi","Amsterdam Airport to Uccle Taxi | Pickupr","Book Amsterdam Airport to Uccle Taxi with private transfer, direct confirmation, and clear fixed-fare details from Pickupr.","https://pickupr.com/amsterdam-to-uccle","noindex, follow","1"
"/amsterdam-airport-to-ulm-taxi","Amsterdam Airport to Ulm Taxi | Pickupr","Book Amsterdam Airport to Ulm Taxi with private transfer, direct confirmation, and clear fixed-fare details from Pickupr.","https://pickupr.com/amsterdam-to-ulm","noindex, follow","1"
"/amsterdam-airport-to-valence-taxi","Amsterdam Airport to Valence Taxi | Pickupr","Book Amsterdam Airport to Valence Taxi with private transfer, direct confirmation, and clear fixed-fare details from Pickupr.","https://pickupr.com/amsterdam-to-valence","noindex, follow","1"
"/amsterdam-airport-to-vannes-taxi","Amsterdam Airport to Vannes Taxi | Pickupr","Book Amsterdam Airport to Vannes Taxi with private transfer, direct confirmation, and clear fixed-fare details from Pickupr.","https://pickupr.com/amsterdam-to-vannes","noindex, follow","1"
"/amsterdam-airport-to-verviers-taxi","Amsterdam Airport to Verviers Taxi | Pickupr","Book Amsterdam Airport to Verviers Taxi with private transfer, direct confirmation, and clear fixed-fare details from Pickupr.","https://pickupr.com/amsterdam-to-verviers","noindex, follow","1"
"/amsterdam-airport-to-vichy-taxi","Amsterdam Airport to Vichy Taxi | Pickupr","Book Amsterdam Airport to Vichy Taxi with private transfer, direct confirmation, and clear fixed-fare details from Pickupr.","https://pickupr.com/amsterdam-to-vichy","noindex, follow","1"
"/amsterdam-airport-to-villeurbanne-taxi","Amsterdam Airport to Villeurbanne Taxi | Pickupr","Book Amsterdam Airport to Villeurbanne Taxi with private transfer, direct confirmation, and clear fixed-fare details from Pickupr.","https://pickupr.com/amsterdam-to-villeurbanne","noindex, follow","1"
"/amsterdam-airport-to-vilvoorde-taxi","Amsterdam Airport to Vilvoorde Taxi | Pickupr","Book Amsterdam Airport to Vilvoorde Taxi with private transfer, direct confirmation, and clear fixed-fare details from Pickupr.","https://pickupr.com/amsterdam-to-vilvoorde","noindex, follow","1"
"/amsterdam-airport-to-waregem-taxi","Amsterdam Airport to Waregem Taxi | Pickupr","Book Amsterdam Airport to Waregem Taxi with private transfer, direct confirmation, and clear fixed-fare details from Pickupr.","https://pickupr.com/amsterdam-to-waregem","noindex, follow","1"
"/amsterdam-airport-to-waterloo-taxi","Amsterdam Airport to Waterloo Taxi | Pickupr","Book Amsterdam Airport to Waterloo Taxi with private transfer, direct confirmation, and clear fixed-fare details from Pickupr.","https://pickupr.com/amsterdam-to-waterloo","noindex, follow","1"
"/amsterdam-airport-to-wavre-taxi","Amsterdam Airport to Wavre Taxi | Pickupr","Book Amsterdam Airport to Wavre Taxi with private transfer, direct confirmation, and clear fixed-fare details from Pickupr.","https://pickupr.com/amsterdam-to-wavre","noindex, follow","1"
"/amsterdam-airport-to-wiesbaden-taxi","Amsterdam Airport to Wiesbaden Taxi | Pickupr","Book Amsterdam Airport to Wiesbaden Taxi with private transfer, direct confirmation, and clear fixed-fare details from Pickupr.","https://pickupr.com/amsterdam-to-wiesbaden","noindex, follow","1"
"/amsterdam-airport-to-wolfsburg-taxi","Amsterdam Airport to Wolfsburg Taxi | Pickupr","Book Amsterdam Airport to Wolfsburg Taxi with private transfer, direct confirmation, and clear fixed-fare details from Pickupr.","https://pickupr.com/amsterdam-to-wolfsburg","noindex, follow","1"
"/amsterdam-airport-to-wuppertal-taxi","Amsterdam Airport to Wuppertal Taxi | Pickupr","Book Amsterdam Airport to Wuppertal Taxi with private transfer, direct confirmation, and clear fixed-fare details from Pickupr.","https://pickupr.com/amsterdam-to-wuppertal","noindex, follow","1"
"/amsterdam-airport-to-wurzburg-taxi","Amsterdam Airport to Wurzburg Taxi | Pickupr","Book Amsterdam Airport to Wurzburg Taxi with private transfer, direct confirmation, and clear fixed-fare details from Pickupr.","https://pickupr.com/amsterdam-to-wurzburg","noindex, follow","1"
"/amsterdam-airport-to-ypres-taxi","Amsterdam Airport to Ypres Taxi | Pickupr","Book Amsterdam Airport to Ypres Taxi with private transfer, direct confirmation, and clear fixed-fare details from Pickupr.","https://pickupr.com/amsterdam-to-ypres","noindex, follow","1"
"/amsterdam-airport-to-zaventem-taxi","Amsterdam Airport to Zaventem Taxi | Pickupr","Book Amsterdam Airport to Zaventem Taxi with private transfer, direct confirmation, and clear fixed-fare details from Pickupr.","https://pickupr.com/amsterdam-to-zaventem","noindex, follow","1"
"/amsterdam-airport-transfer","Amsterdam Airport Private Transfer Service | Pickupr","Book an Amsterdam airport private transfer with fixed fare pricing, direct confirmation, and professional pickup support for departures, arrivals, and smooth city-to-airport travel.","https://pickupr.com/amsterdam-airport-transfer","index, follow","1"
"/amsterdam-schiphol-transfer","Amsterdam Schiphol Private Transfer Service | Pickupr","Book an Amsterdam to Schiphol private transfer with fixed fare pricing, direct confirmation, and dependable chauffeur pickup for business flights, family travel, or early departures.","https://pickupr.com/amsterdam-schiphol-transfer","index, follow","1"
"/amsterdam-to-aachen-taxi","Amsterdam to Aachen Taxi | Fixed Fare | Pickupr","Book Amsterdam to Aachen Taxi with fixed fare, private door-to-door ride, and direct confirmation for Germany travel.","https://pickupr.com/amsterdam-to-aachen","noindex, follow","1"
"/amsterdam-to-aalen-taxi","Amsterdam to Aalen Taxi | Fixed Fare | Pickupr","Book Amsterdam to Aalen Taxi with fixed fare, private door-to-door ride, and direct confirmation for Germany travel.","https://pickupr.com/amsterdam-to-aalen","noindex, follow","1"
"/amsterdam-to-aalst-taxi","Amsterdam to Aalst Taxi | Fixed Fare | Pickupr","Book Amsterdam to Aalst Taxi with fixed fare, private door-to-door ride, and direct confirmation for Belgium travel.","https://pickupr.com/amsterdam-to-aalst","noindex, follow","1"
"/amsterdam-to-aarschot-taxi","Amsterdam to Aarschot Taxi | Fixed Fare | Pickupr","Book Amsterdam to Aarschot Taxi with fixed fare, private door-to-door ride, and direct confirmation for Belgium travel.","https://pickupr.com/amsterdam-to-aarschot","noindex, follow","1"
"/amsterdam-to-agen-taxi","Amsterdam to Agen Taxi | Fixed Fare | Pickupr","Book Amsterdam to Agen Taxi with fixed fare, private door-to-door ride, and direct confirmation for France travel.","https://pickupr.com/amsterdam-to-agen","noindex, follow","1"
"/amsterdam-to-aix-en-provence-taxi","Amsterdam to Aix-en-Provence Taxi | Fixed Fare | Pickupr","Book Amsterdam to Aix-en-Provence Taxi with fixed fare, private door-to-door ride, and direct confirmation for France travel.","https://pickupr.com/amsterdam-to-aix-en-provence","noindex, follow","1"
"/amsterdam-to-ajaccio-taxi","Amsterdam to Ajaccio Taxi | Fixed Fare | Pickupr","Book Amsterdam to Ajaccio Taxi with fixed fare, private door-to-door ride, and direct confirmation for France travel.","https://pickupr.com/amsterdam-to-ajaccio","noindex, follow","1"
"/amsterdam-to-albi-taxi","Amsterdam to Albi Taxi | Fixed Fare | Pickupr","Book Amsterdam to Albi Taxi with fixed fare, private door-to-door ride, and direct confirmation for France travel.","https://pickupr.com/amsterdam-to-albi","noindex, follow","1"
"/amsterdam-to-amiens-taxi","Amsterdam to Amiens Taxi | Fixed Fare | Pickupr","Book Amsterdam to Amiens Taxi with fixed fare, private door-to-door ride, and direct confirmation for France travel.","https://pickupr.com/amsterdam-to-amiens","noindex, follow","1"
"/amsterdam-to-andenne-taxi","Amsterdam to Andenne Taxi | Fixed Fare | Pickupr","Book Amsterdam to Andenne Taxi with fixed fare, private door-to-door ride, and direct confirmation for Belgium travel.","https://pickupr.com/amsterdam-to-andenne","noindex, follow","1"
"/amsterdam-to-angers-taxi","Amsterdam to Angers Taxi | Fixed Fare | Pickupr","Book Amsterdam to Angers Taxi with fixed fare, private door-to-door ride, and direct confirmation for France travel.","https://pickupr.com/amsterdam-to-angers","noindex, follow","1"
"/amsterdam-to-annecy-taxi","Amsterdam to Annecy Taxi | Fixed Fare | Pickupr","Book Amsterdam to Annecy Taxi with fixed fare, private door-to-door ride, and direct confirmation for France travel.","https://pickupr.com/amsterdam-to-annecy","noindex, follow","1"
"/amsterdam-to-antibes-taxi","Amsterdam to Antibes Taxi | Fixed Fare | Pickupr","Book Amsterdam to Antibes Taxi with fixed fare, private door-to-door ride, and direct confirmation for France travel.","https://pickupr.com/amsterdam-to-antibes","noindex, follow","1"
"/amsterdam-to-antwerp","Amsterdam to Antwerp Private Transfer | Pickupr","Reserve Amsterdam to Antwerp Private Transfer with private chauffeur comfort, transparent pricing, and direct booking from Amsterdam.","https://pickupr.com/amsterdam-to-antwerp","index, follow","1"
"/amsterdam-to-antwerp-taxi","Amsterdam to Antwerp Taxi | Fixed Fare | Pickupr","Book Amsterdam to Antwerp Taxi with fixed fare, private door-to-door ride, and direct confirmation for Belgium travel.","https://pickupr.com/amsterdam-to-antwerp","noindex, follow","1"
"/amsterdam-to-argenteuil-taxi","Amsterdam to Argenteuil Taxi | Fixed Fare | Pickupr","Book Amsterdam to Argenteuil Taxi with fixed fare, private door-to-door ride, and direct confirmation for France travel.","https://pickupr.com/amsterdam-to-argenteuil","noindex, follow","1"
"/amsterdam-to-arles-taxi","Amsterdam to Arles Taxi | Fixed Fare | Pickupr","Book Amsterdam to Arles Taxi with fixed fare, private door-to-door ride, and direct confirmation for France travel.","https://pickupr.com/amsterdam-to-arles","noindex, follow","1"
"/amsterdam-to-arlon-taxi","Amsterdam to Arlon Taxi | Fixed Fare | Pickupr","Book Amsterdam to Arlon Taxi with fixed fare, private door-to-door ride, and direct confirmation for Belgium travel.","https://pickupr.com/amsterdam-to-arlon","noindex, follow","1"
"/amsterdam-to-audenarde-taxi","Amsterdam to Audenarde Taxi | Fixed Fare | Pickupr","Book Amsterdam to Audenarde Taxi with fixed fare, private door-to-door ride, and direct confirmation for Belgium travel.","https://pickupr.com/amsterdam-to-audenarde","noindex, follow","1"
"/amsterdam-to-augsburg-taxi","Amsterdam to Augsburg Taxi | Fixed Fare | Pickupr","Book Amsterdam to Augsburg Taxi with fixed fare, private door-to-door ride, and direct confirmation for Germany travel.","https://pickupr.com/amsterdam-to-augsburg","noindex, follow","1"
"/amsterdam-to-avignon-taxi","Amsterdam to Avignon Taxi | Fixed Fare | Pickupr","Book Amsterdam to Avignon Taxi with fixed fare, private door-to-door ride, and direct confirmation for France travel.","https://pickupr.com/amsterdam-to-avignon","noindex, follow","1"
"/amsterdam-to-bamberg-taxi","Amsterdam to Bamberg Taxi | Fixed Fare | Pickupr","Book Amsterdam to Bamberg Taxi with fixed fare, private door-to-door ride, and direct confirmation for Germany travel.","https://pickupr.com/amsterdam-to-bamberg","noindex, follow","1"
"/amsterdam-to-bastia-taxi","Amsterdam to Bastia Taxi | Fixed Fare | Pickupr","Book Amsterdam to Bastia Taxi with fixed fare, private door-to-door ride, and direct confirmation for France travel.","https://pickupr.com/amsterdam-to-bastia","noindex, follow","1"
"/amsterdam-to-bastogne-taxi","Amsterdam to Bastogne Taxi | Fixed Fare | Pickupr","Book Amsterdam to Bastogne Taxi with fixed fare, private door-to-door ride, and direct confirmation for Belgium travel.","https://pickupr.com/amsterdam-to-bastogne","noindex, follow","1"
"/amsterdam-to-bayonne-taxi","Amsterdam to Bayonne Taxi | Fixed Fare | Pickupr","Book Amsterdam to Bayonne Taxi with fixed fare, private door-to-door ride, and direct confirmation for France travel.","https://pickupr.com/amsterdam-to-bayonne","noindex, follow","1"
"/amsterdam-to-bayreuth-taxi","Amsterdam to Bayreuth Taxi | Fixed Fare | Pickupr","Book Amsterdam to Bayreuth Taxi with fixed fare, private door-to-door ride, and direct confirmation for Germany travel.","https://pickupr.com/amsterdam-to-bayreuth","noindex, follow","1"
"/amsterdam-to-beringen-taxi","Amsterdam to Beringen Taxi | Fixed Fare | Pickupr","Book Amsterdam to Beringen Taxi with fixed fare, private door-to-door ride, and direct confirmation for Belgium travel.","https://pickupr.com/amsterdam-to-beringen","noindex, follow","1"
"/amsterdam-to-berlin","Amsterdam to Berlin Private Transfer | Pickupr","Reserve Amsterdam to Berlin Private Transfer with private chauffeur comfort, transparent pricing, and direct booking from Amsterdam.","https://pickupr.com/amsterdam-to-berlin","index, follow","1"
"/amsterdam-to-berlin-taxi","Amsterdam to Berlin Taxi | Fixed Fare | Pickupr","Book Amsterdam to Berlin Taxi with fixed fare, private door-to-door ride, and direct confirmation for Germany travel.","https://pickupr.com/amsterdam-to-berlin","noindex, follow","1"
"/amsterdam-to-besancon-taxi","Amsterdam to Besancon Taxi | Fixed Fare | Pickupr","Book Amsterdam to Besancon Taxi with fixed fare, private door-to-door ride, and direct confirmation for France travel.","https://pickupr.com/amsterdam-to-besancon","noindex, follow","1"
"/amsterdam-to-beziers-taxi","Amsterdam to Beziers Taxi | Fixed Fare | Pickupr","Book Amsterdam to Beziers Taxi with fixed fare, private door-to-door ride, and direct confirmation for France travel.","https://pickupr.com/amsterdam-to-beziers","noindex, follow","1"
"/amsterdam-to-biarritz-taxi","Amsterdam to Biarritz Taxi | Fixed Fare | Pickupr","Book Amsterdam to Biarritz Taxi with fixed fare, private door-to-door ride, and direct confirmation for France travel.","https://pickupr.com/amsterdam-to-biarritz","noindex, follow","1"
"/amsterdam-to-bielefeld-taxi","Amsterdam to Bielefeld Taxi | Fixed Fare | Pickupr","Book Amsterdam to Bielefeld Taxi with fixed fare, private door-to-door ride, and direct confirmation for Germany travel.","https://pickupr.com/amsterdam-to-bielefeld","noindex, follow","1"
"/amsterdam-to-bilzen-taxi","Amsterdam to Bilzen Taxi | Fixed Fare | Pickupr","Book Amsterdam to Bilzen Taxi with fixed fare, private door-to-door ride, and direct confirmation for Belgium travel.","https://pickupr.com/amsterdam-to-bilzen","noindex, follow","1"
"/amsterdam-to-binche-taxi","Amsterdam to Binche Taxi | Fixed Fare | Pickupr","Book Amsterdam to Binche Taxi with fixed fare, private door-to-door ride, and direct confirmation for Belgium travel.","https://pickupr.com/amsterdam-to-binche","noindex, follow","1"
"/amsterdam-to-blankenberge-taxi","Amsterdam to Blankenberge Taxi | Fixed Fare | Pickupr","Book Amsterdam to Blankenberge Taxi with fixed fare, private door-to-door ride, and direct confirmation for Belgium travel.","https://pickupr.com/amsterdam-to-blankenberge","noindex, follow","1"
"/amsterdam-to-blois-taxi","Amsterdam to Blois Taxi | Fixed Fare | Pickupr","Book Amsterdam to Blois Taxi with fixed fare, private door-to-door ride, and direct confirmation for France travel.","https://pickupr.com/amsterdam-to-blois","noindex, follow","1"
"/amsterdam-to-bochum-taxi","Amsterdam to Bochum Taxi | Fixed Fare | Pickupr","Book Amsterdam to Bochum Taxi with fixed fare, private door-to-door ride, and direct confirmation for Germany travel.","https://pickupr.com/amsterdam-to-bochum","noindex, follow","1"
"/amsterdam-to-bonn-taxi","Amsterdam to Bonn Taxi | Fixed Fare | Pickupr","Book Amsterdam to Bonn Taxi with fixed fare, private door-to-door ride, and direct confirmation for Germany travel.","https://pickupr.com/amsterdam-to-bonn","noindex, follow","1"
"/amsterdam-to-boom-taxi","Amsterdam to Boom Taxi | Fixed Fare | Pickupr","Book Amsterdam to Boom Taxi with fixed fare, private door-to-door ride, and direct confirmation for Belgium travel.","https://pickupr.com/amsterdam-to-boom","noindex, follow","1"
"/amsterdam-to-bordeaux-taxi","Amsterdam to Bordeaux Taxi | Fixed Fare | Pickupr","Book Amsterdam to Bordeaux Taxi with fixed fare, private door-to-door ride, and direct confirmation for France travel.","https://pickupr.com/amsterdam-to-bordeaux","noindex, follow","1"
"/amsterdam-to-bottrop-taxi","Amsterdam to Bottrop Taxi | Fixed Fare | Pickupr","Book Amsterdam to Bottrop Taxi with fixed fare, private door-to-door ride, and direct confirmation for Germany travel.","https://pickupr.com/amsterdam-to-bottrop","noindex, follow","1"
"/amsterdam-to-bouillon-taxi","Amsterdam to Bouillon Taxi | Fixed Fare | Pickupr","Book Amsterdam to Bouillon Taxi with fixed fare, private door-to-door ride, and direct confirmation for Belgium travel.","https://pickupr.com/amsterdam-to-bouillon","noindex, follow","1"
"/amsterdam-to-boulogne-billancourt-taxi","Amsterdam to Boulogne-Billancourt Taxi | Fixed Fare | Pickupr","Book Amsterdam to Boulogne-Billancourt Taxi with fixed fare, private door-to-door ride, and direct confirmation for France travel.","https://pickupr.com/amsterdam-to-boulogne-billancourt","noindex, follow","1"
"/amsterdam-to-bourg-en-bresse-taxi","Amsterdam to Bourg-en-Bresse Taxi | Fixed Fare | Pickupr","Book Amsterdam to Bourg-en-Bresse Taxi with fixed fare, private door-to-door ride, and direct confirmation for France travel.","https://pickupr.com/amsterdam-to-bourg-en-bresse","noindex, follow","1"
"/amsterdam-to-brasschaat-taxi","Amsterdam to Brasschaat Taxi | Fixed Fare | Pickupr","Book Amsterdam to Brasschaat Taxi with fixed fare, private door-to-door ride, and direct confirmation for Belgium travel.","https://pickupr.com/amsterdam-to-brasschaat","noindex, follow","1"
"/amsterdam-to-braunschweig-taxi","Amsterdam to Braunschweig Taxi | Fixed Fare | Pickupr","Book Amsterdam to Braunschweig Taxi with fixed fare, private door-to-door ride, and direct confirmation for Germany travel.","https://pickupr.com/amsterdam-to-braunschweig","noindex, follow","1"
"/amsterdam-to-bremen-taxi","Amsterdam to Bremen Taxi | Fixed Fare | Pickupr","Book Amsterdam to Bremen Taxi with fixed fare, private door-to-door ride, and direct confirmation for Germany travel.","https://pickupr.com/amsterdam-to-bremen","noindex, follow","1"
"/amsterdam-to-bremerhaven-taxi","Amsterdam to Bremerhaven Taxi | Fixed Fare | Pickupr","Book Amsterdam to Bremerhaven Taxi with fixed fare, private door-to-door ride, and direct confirmation for Germany travel.","https://pickupr.com/amsterdam-to-bremerhaven","noindex, follow","1"
"/amsterdam-to-brest-taxi","Amsterdam to Brest Taxi | Fixed Fare | Pickupr","Book Amsterdam to Brest Taxi with fixed fare, private door-to-door ride, and direct confirmation for France travel.","https://pickupr.com/amsterdam-to-brest","noindex, follow","1"
"/amsterdam-to-brive-la-gaillarde-taxi","Amsterdam to Brive-la-Gaillarde Taxi | Fixed Fare | Pickupr","Book Amsterdam to Brive-la-Gaillarde Taxi with fixed fare, private door-to-door ride, and direct confirmation for France travel.","https://pickupr.com/amsterdam-to-brive-la-gaillarde","noindex, follow","1"
"/amsterdam-to-bruges","Amsterdam to Bruges Private Transfer | Pickupr","Reserve Amsterdam to Bruges Private Transfer with private chauffeur comfort, transparent pricing, and direct booking from Amsterdam.","https://pickupr.com/amsterdam-to-bruges","index, follow","1"
"/amsterdam-to-bruges-taxi","Amsterdam to Bruges Taxi | Fixed Fare | Pickupr","Book Amsterdam to Bruges Taxi with fixed fare, private door-to-door ride, and direct confirmation for Belgium travel.","https://pickupr.com/amsterdam-to-bruges","noindex, follow","1"
"/amsterdam-to-brussels","Amsterdam to Brussels Private Transfer | Pickupr","Reserve Amsterdam to Brussels Private Transfer with private chauffeur comfort, transparent pricing, and direct booking from Amsterdam.","https://pickupr.com/amsterdam-to-brussels","index, follow","1"
"/amsterdam-to-brussels-taxi","Amsterdam to Brussels Taxi | Fixed Fare | Pickupr","Book Amsterdam to Brussels Taxi with fixed fare, private door-to-door ride, and direct confirmation for Belgium travel.","https://pickupr.com/amsterdam-to-brussels","noindex, follow","1"
"/amsterdam-to-caen-taxi","Amsterdam to Caen Taxi | Fixed Fare | Pickupr","Book Amsterdam to Caen Taxi with fixed fare, private door-to-door ride, and direct confirmation for France travel.","https://pickupr.com/amsterdam-to-caen","noindex, follow","1"
"/amsterdam-to-calais-taxi","Amsterdam to Calais Taxi | Fixed Fare | Pickupr","Book Amsterdam to Calais Taxi with fixed fare, private door-to-door ride, and direct confirmation for France travel.","https://pickupr.com/amsterdam-to-calais","noindex, follow","1"
"/amsterdam-to-cannes-taxi","Amsterdam to Cannes Taxi | Fixed Fare | Pickupr","Book Amsterdam to Cannes Taxi with fixed fare, private door-to-door ride, and direct confirmation for France travel.","https://pickupr.com/amsterdam-to-cannes","noindex, follow","1"
"/amsterdam-to-carcassonne-taxi","Amsterdam to Carcassonne Taxi | Fixed Fare | Pickupr","Book Amsterdam to Carcassonne Taxi with fixed fare, private door-to-door ride, and direct confirmation for France travel.","https://pickupr.com/amsterdam-to-carcassonne","noindex, follow","1"
"/amsterdam-to-chalon-sur-saone-taxi","Amsterdam to Chalon-sur-Saone Taxi | Fixed Fare | Pickupr","Book Amsterdam to Chalon-sur-Saone Taxi with fixed fare, private door-to-door ride, and direct confirmation for France travel.","https://pickupr.com/amsterdam-to-chalon-sur-saone","noindex, follow","1"
"/amsterdam-to-chambery-taxi","Amsterdam to Chambery Taxi | Fixed Fare | Pickupr","Book Amsterdam to Chambery Taxi with fixed fare, private door-to-door ride, and direct confirmation for France travel.","https://pickupr.com/amsterdam-to-chambery","noindex, follow","1"
"/amsterdam-to-charleroi-taxi","Amsterdam to Charleroi Taxi | Fixed Fare | Pickupr","Book Amsterdam to Charleroi Taxi with fixed fare, private door-to-door ride, and direct confirmation for Belgium travel.","https://pickupr.com/amsterdam-to-charleroi","noindex, follow","1"
"/amsterdam-to-chartres-taxi","Amsterdam to Chartres Taxi | Fixed Fare | Pickupr","Book Amsterdam to Chartres Taxi with fixed fare, private door-to-door ride, and direct confirmation for France travel.","https://pickupr.com/amsterdam-to-chartres","noindex, follow","1"
"/amsterdam-to-chemnitz-taxi","Amsterdam to Chemnitz Taxi | Fixed Fare | Pickupr","Book Amsterdam to Chemnitz Taxi with fixed fare, private door-to-door ride, and direct confirmation for Germany travel.","https://pickupr.com/amsterdam-to-chemnitz","noindex, follow","1"
"/amsterdam-to-cherbourg-taxi","Amsterdam to Cherbourg Taxi | Fixed Fare | Pickupr","Book Amsterdam to Cherbourg Taxi with fixed fare, private door-to-door ride, and direct confirmation for France travel.","https://pickupr.com/amsterdam-to-cherbourg","noindex, follow","1"
"/amsterdam-to-cholet-taxi","Amsterdam to Cholet Taxi | Fixed Fare | Pickupr","Book Amsterdam to Cholet Taxi with fixed fare, private door-to-door ride, and direct confirmation for France travel.","https://pickupr.com/amsterdam-to-cholet","noindex, follow","1"
"/amsterdam-to-clermont-ferrand-taxi","Amsterdam to Clermont-Ferrand Taxi | Fixed Fare | Pickupr","Book Amsterdam to Clermont-Ferrand Taxi with fixed fare, private door-to-door ride, and direct confirmation for France travel.","https://pickupr.com/amsterdam-to-clermont-ferrand","noindex, follow","1"
"/amsterdam-to-colmar-taxi","Amsterdam to Colmar Taxi | Fixed Fare | Pickupr","Book Amsterdam to Colmar Taxi with fixed fare, private door-to-door ride, and direct confirmation for France travel.","https://pickupr.com/amsterdam-to-colmar","noindex, follow","1"
"/amsterdam-to-cologne","Amsterdam to Cologne Private Transfer | Pickupr","Reserve Amsterdam to Cologne Private Transfer with private chauffeur comfort, transparent pricing, and direct booking from Amsterdam.","https://pickupr.com/amsterdam-to-cologne","index, follow","1"
"/amsterdam-to-cologne-taxi","Amsterdam to Cologne Taxi | Fixed Fare | Pickupr","Book Amsterdam to Cologne Taxi with fixed fare, private door-to-door ride, and direct confirmation for Germany travel.","https://pickupr.com/amsterdam-to-cologne","noindex, follow","1"
"/amsterdam-to-cottbus-taxi","Amsterdam to Cottbus Taxi | Fixed Fare | Pickupr","Book Amsterdam to Cottbus Taxi with fixed fare, private door-to-door ride, and direct confirmation for Germany travel.","https://pickupr.com/amsterdam-to-cottbus","noindex, follow","1"
"/amsterdam-to-darmstadt-taxi","Amsterdam to Darmstadt Taxi | Fixed Fare | Pickupr","Book Amsterdam to Darmstadt Taxi with fixed fare, private door-to-door ride, and direct confirmation for Germany travel.","https://pickupr.com/amsterdam-to-darmstadt","noindex, follow","1"
"/amsterdam-to-deinze-taxi","Amsterdam to Deinze Taxi | Fixed Fare | Pickupr","Book Amsterdam to Deinze Taxi with fixed fare, private door-to-door ride, and direct confirmation for Belgium travel.","https://pickupr.com/amsterdam-to-deinze","noindex, follow","1"
"/amsterdam-to-dendermonde-taxi","Amsterdam to Dendermonde Taxi | Fixed Fare | Pickupr","Book Amsterdam to Dendermonde Taxi with fixed fare, private door-to-door ride, and direct confirmation for Belgium travel.","https://pickupr.com/amsterdam-to-dendermonde","noindex, follow","1"
"/amsterdam-to-diest-taxi","Amsterdam to Diest Taxi | Fixed Fare | Pickupr","Book Amsterdam to Diest Taxi with fixed fare, private door-to-door ride, and direct confirmation for Belgium travel.","https://pickupr.com/amsterdam-to-diest","noindex, follow","1"
"/amsterdam-to-dijon-taxi","Amsterdam to Dijon Taxi | Fixed Fare | Pickupr","Book Amsterdam to Dijon Taxi with fixed fare, private door-to-door ride, and direct confirmation for France travel.","https://pickupr.com/amsterdam-to-dijon","noindex, follow","1"
"/amsterdam-to-dinant-taxi","Amsterdam to Dinant Taxi | Fixed Fare | Pickupr","Book Amsterdam to Dinant Taxi with fixed fare, private door-to-door ride, and direct confirmation for Belgium travel.","https://pickupr.com/amsterdam-to-dinant","noindex, follow","1"
"/amsterdam-to-dortmund-taxi","Amsterdam to Dortmund Taxi | Fixed Fare | Pickupr","Book Amsterdam to Dortmund Taxi with fixed fare, private door-to-door ride, and direct confirmation for Germany travel.","https://pickupr.com/amsterdam-to-dortmund","noindex, follow","1"
"/amsterdam-to-dresden-taxi","Amsterdam to Dresden Taxi | Fixed Fare | Pickupr","Book Amsterdam to Dresden Taxi with fixed fare, private door-to-door ride, and direct confirmation for Germany travel.","https://pickupr.com/amsterdam-to-dresden","noindex, follow","1"
"/amsterdam-to-duisburg-taxi","Amsterdam to Duisburg Taxi | Fixed Fare | Pickupr","Book Amsterdam to Duisburg Taxi with fixed fare, private door-to-door ride, and direct confirmation for Germany travel.","https://pickupr.com/amsterdam-to-duisburg","noindex, follow","1"
"/amsterdam-to-dunkerque-taxi","Amsterdam to Dunkerque Taxi | Fixed Fare | Pickupr","Book Amsterdam to Dunkerque Taxi with fixed fare, private door-to-door ride, and direct confirmation for France travel.","https://pickupr.com/amsterdam-to-dunkerque","noindex, follow","1"
"/amsterdam-to-durbuy-taxi","Amsterdam to Durbuy Taxi | Fixed Fare | Pickupr","Book Amsterdam to Durbuy Taxi with fixed fare, private door-to-door ride, and direct confirmation for Belgium travel.","https://pickupr.com/amsterdam-to-durbuy","noindex, follow","1"
"/amsterdam-to-dusseldorf","Amsterdam to Dusseldorf Private Transfer | Pickupr","Reserve Amsterdam to Dusseldorf Private Transfer with private chauffeur comfort, transparent pricing, and direct booking from Amsterdam.","https://pickupr.com/amsterdam-to-dusseldorf","index, follow","1"
"/amsterdam-to-dusseldorf-taxi","Amsterdam to Dusseldorf Taxi | Fixed Fare | Pickupr","Book Amsterdam to Dusseldorf Taxi with fixed fare, private door-to-door ride, and direct confirmation for Germany travel.","https://pickupr.com/amsterdam-to-dusseldorf","noindex, follow","1"
"/amsterdam-to-eeklo-taxi","Amsterdam to Eeklo Taxi | Fixed Fare | Pickupr","Book Amsterdam to Eeklo Taxi with fixed fare, private door-to-door ride, and direct confirmation for Belgium travel.","https://pickupr.com/amsterdam-to-eeklo","noindex, follow","1"
"/amsterdam-to-emden-taxi","Amsterdam to Emden Taxi | Fixed Fare | Pickupr","Book Amsterdam to Emden Taxi with fixed fare, private door-to-door ride, and direct confirmation for Germany travel.","https://pickupr.com/amsterdam-to-emden","noindex, follow","1"
"/amsterdam-to-epinal-taxi","Amsterdam to Epinal Taxi | Fixed Fare | Pickupr","Book Amsterdam to Epinal Taxi with fixed fare, private door-to-door ride, and direct confirmation for France travel.","https://pickupr.com/amsterdam-to-epinal","noindex, follow","1"
"/amsterdam-to-erfurt-taxi","Amsterdam to Erfurt Taxi | Fixed Fare | Pickupr","Book Amsterdam to Erfurt Taxi with fixed fare, private door-to-door ride, and direct confirmation for Germany travel.","https://pickupr.com/amsterdam-to-erfurt","noindex, follow","1"
"/amsterdam-to-erlangen-taxi","Amsterdam to Erlangen Taxi | Fixed Fare | Pickupr","Book Amsterdam to Erlangen Taxi with fixed fare, private door-to-door ride, and direct confirmation for Germany travel.","https://pickupr.com/amsterdam-to-erlangen","noindex, follow","1"
"/amsterdam-to-essen-taxi","Amsterdam to Essen Taxi | Fixed Fare | Pickupr","Book Amsterdam to Essen Taxi with fixed fare, private door-to-door ride, and direct confirmation for Germany travel.","https://pickupr.com/amsterdam-to-essen","noindex, follow","1"
"/amsterdam-to-eupen-taxi","Amsterdam to Eupen Taxi | Fixed Fare | Pickupr","Book Amsterdam to Eupen Taxi with fixed fare, private door-to-door ride, and direct confirmation for Belgium travel.","https://pickupr.com/amsterdam-to-eupen","noindex, follow","1"
"/amsterdam-to-flensburg-taxi","Amsterdam to Flensburg Taxi | Fixed Fare | Pickupr","Book Amsterdam to Flensburg Taxi with fixed fare, private door-to-door ride, and direct confirmation for Germany travel.","https://pickupr.com/amsterdam-to-flensburg","noindex, follow","1"
"/amsterdam-to-frankfurt","Amsterdam to Frankfurt Private Transfer | Pickupr","Reserve Amsterdam to Frankfurt Private Transfer with private chauffeur comfort, transparent pricing, and direct booking from Amsterdam.","https://pickupr.com/amsterdam-to-frankfurt","index, follow","1"
"/amsterdam-to-frankfurt-taxi","Amsterdam to Frankfurt Taxi | Fixed Fare | Pickupr","Book Amsterdam to Frankfurt Taxi with fixed fare, private door-to-door ride, and direct confirmation for Germany travel.","https://pickupr.com/amsterdam-to-frankfurt","noindex, follow","1"
"/amsterdam-to-freiburg-taxi","Amsterdam to Freiburg Taxi | Fixed Fare | Pickupr","Book Amsterdam to Freiburg Taxi with fixed fare, private door-to-door ride, and direct confirmation for Germany travel.","https://pickupr.com/amsterdam-to-freiburg","noindex, follow","1"
"/amsterdam-to-frejus-taxi","Amsterdam to Frejus Taxi | Fixed Fare | Pickupr","Book Amsterdam to Frejus Taxi with fixed fare, private door-to-door ride, and direct confirmation for France travel.","https://pickupr.com/amsterdam-to-frejus","noindex, follow","1"
"/amsterdam-to-fulda-taxi","Amsterdam to Fulda Taxi | Fixed Fare | Pickupr","Book Amsterdam to Fulda Taxi with fixed fare, private door-to-door ride, and direct confirmation for Germany travel.","https://pickupr.com/amsterdam-to-fulda","noindex, follow","1"
"/amsterdam-to-furth-taxi","Amsterdam to Furth Taxi | Fixed Fare | Pickupr","Book Amsterdam to Furth Taxi with fixed fare, private door-to-door ride, and direct confirmation for Germany travel.","https://pickupr.com/amsterdam-to-furth","noindex, follow","1"
"/amsterdam-to-gap-taxi","Amsterdam to Gap Taxi | Fixed Fare | Pickupr","Book Amsterdam to Gap Taxi with fixed fare, private door-to-door ride, and direct confirmation for France travel.","https://pickupr.com/amsterdam-to-gap","noindex, follow","1"
"/amsterdam-to-geel-taxi","Amsterdam to Geel Taxi | Fixed Fare | Pickupr","Book Amsterdam to Geel Taxi with fixed fare, private door-to-door ride, and direct confirmation for Belgium travel.","https://pickupr.com/amsterdam-to-geel","noindex, follow","1"
"/amsterdam-to-gelsenkirchen-taxi","Amsterdam to Gelsenkirchen Taxi | Fixed Fare | Pickupr","Book Amsterdam to Gelsenkirchen Taxi with fixed fare, private door-to-door ride, and direct confirmation for Germany travel.","https://pickupr.com/amsterdam-to-gelsenkirchen","noindex, follow","1"
"/amsterdam-to-genk-taxi","Amsterdam to Genk Taxi | Fixed Fare | Pickupr","Book Amsterdam to Genk Taxi with fixed fare, private door-to-door ride, and direct confirmation for Belgium travel.","https://pickupr.com/amsterdam-to-genk","noindex, follow","1"
"/amsterdam-to-geraardsbergen-taxi","Amsterdam to Geraardsbergen Taxi | Fixed Fare | Pickupr","Book Amsterdam to Geraardsbergen Taxi with fixed fare, private door-to-door ride, and direct confirmation for Belgium travel.","https://pickupr.com/amsterdam-to-geraardsbergen","noindex, follow","1"
"/amsterdam-to-ghent","Amsterdam to Ghent Private Transfer | Pickupr","Reserve Amsterdam to Ghent Private Transfer with private chauffeur comfort, transparent pricing, and direct booking from Amsterdam.","https://pickupr.com/amsterdam-to-ghent","index, follow","1"
"/amsterdam-to-ghent-taxi","Amsterdam to Ghent Taxi | Fixed Fare | Pickupr","Book Amsterdam to Ghent Taxi with fixed fare, private door-to-door ride, and direct confirmation for Belgium travel.","https://pickupr.com/amsterdam-to-ghent","noindex, follow","1"
"/amsterdam-to-giessen-taxi","Amsterdam to Giessen Taxi | Fixed Fare | Pickupr","Book Amsterdam to Giessen Taxi with fixed fare, private door-to-door ride, and direct confirmation for Germany travel.","https://pickupr.com/amsterdam-to-giessen","noindex, follow","1"
"/amsterdam-to-gottingen-taxi","Amsterdam to Gottingen Taxi | Fixed Fare | Pickupr","Book Amsterdam to Gottingen Taxi with fixed fare, private door-to-door ride, and direct confirmation for Germany travel.","https://pickupr.com/amsterdam-to-gottingen","noindex, follow","1"
"/amsterdam-to-grasse-taxi","Amsterdam to Grasse Taxi | Fixed Fare | Pickupr","Book Amsterdam to Grasse Taxi with fixed fare, private door-to-door ride, and direct confirmation for France travel.","https://pickupr.com/amsterdam-to-grasse","noindex, follow","1"
"/amsterdam-to-grenoble-taxi","Amsterdam to Grenoble Taxi | Fixed Fare | Pickupr","Book Amsterdam to Grenoble Taxi with fixed fare, private door-to-door ride, and direct confirmation for France travel.","https://pickupr.com/amsterdam-to-grenoble","noindex, follow","1"
"/amsterdam-to-hagen-taxi","Amsterdam to Hagen Taxi | Fixed Fare | Pickupr","Book Amsterdam to Hagen Taxi with fixed fare, private door-to-door ride, and direct confirmation for Germany travel.","https://pickupr.com/amsterdam-to-hagen","noindex, follow","1"
"/amsterdam-to-halle-taxi","Amsterdam to Halle Taxi | Fixed Fare | Pickupr","Book Amsterdam to Halle Taxi with fixed fare, private door-to-door ride, and direct confirmation for Belgium travel.","https://pickupr.com/amsterdam-to-halle-be","noindex, follow","1"
"/amsterdam-to-hamburg","Amsterdam to Hamburg Private Transfer | Pickupr","Reserve Amsterdam to Hamburg Private Transfer with private chauffeur comfort, transparent pricing, and direct booking from Amsterdam.","https://pickupr.com/amsterdam-to-hamburg","index, follow","1"
"/amsterdam-to-hamburg-taxi","Amsterdam to Hamburg Taxi | Fixed Fare | Pickupr","Book Amsterdam to Hamburg Taxi with fixed fare, private door-to-door ride, and direct confirmation for Germany travel.","https://pickupr.com/amsterdam-to-hamburg","noindex, follow","1"
"/amsterdam-to-hamm-taxi","Amsterdam to Hamm Taxi | Fixed Fare | Pickupr","Book Amsterdam to Hamm Taxi with fixed fare, private door-to-door ride, and direct confirmation for Germany travel.","https://pickupr.com/amsterdam-to-hamm","noindex, follow","1"
"/amsterdam-to-hanover-taxi","Amsterdam to Hanover Taxi | Fixed Fare | Pickupr","Book Amsterdam to Hanover Taxi with fixed fare, private door-to-door ride, and direct confirmation for Germany travel.","https://pickupr.com/amsterdam-to-hanover","noindex, follow","1"
"/amsterdam-to-hasselt-taxi","Amsterdam to Hasselt Taxi | Fixed Fare | Pickupr","Book Amsterdam to Hasselt Taxi with fixed fare, private door-to-door ride, and direct confirmation for Belgium travel.","https://pickupr.com/amsterdam-to-hasselt","noindex, follow","1"
"/amsterdam-to-heidelberg-taxi","Amsterdam to Heidelberg Taxi | Fixed Fare | Pickupr","Book Amsterdam to Heidelberg Taxi with fixed fare, private door-to-door ride, and direct confirmation for Germany travel.","https://pickupr.com/amsterdam-to-heidelberg","noindex, follow","1"
"/amsterdam-to-heilbronn-taxi","Amsterdam to Heilbronn Taxi | Fixed Fare | Pickupr","Book Amsterdam to Heilbronn Taxi with fixed fare, private door-to-door ride, and direct confirmation for Germany travel.","https://pickupr.com/amsterdam-to-heilbronn","noindex, follow","1"
"/amsterdam-to-heist-op-den-berg-taxi","Amsterdam to Heist-op-den-Berg Taxi | Fixed Fare | Pickupr","Book Amsterdam to Heist-op-den-Berg Taxi with fixed fare, private door-to-door ride, and direct confirmation for Belgium travel.","https://pickupr.com/amsterdam-to-heist-op-den-berg","noindex, follow","1"
"/amsterdam-to-herentals-taxi","Amsterdam to Herentals Taxi | Fixed Fare | Pickupr","Book Amsterdam to Herentals Taxi with fixed fare, private door-to-door ride, and direct confirmation for Belgium travel.","https://pickupr.com/amsterdam-to-herentals","noindex, follow","1"
"/amsterdam-to-herne-taxi","Amsterdam to Herne Taxi | Fixed Fare | Pickupr","Book Amsterdam to Herne Taxi with fixed fare, private door-to-door ride, and direct confirmation for Germany travel.","https://pickupr.com/amsterdam-to-herne","noindex, follow","1"
"/amsterdam-to-hildesheim-taxi","Amsterdam to Hildesheim Taxi | Fixed Fare | Pickupr","Book Amsterdam to Hildesheim Taxi with fixed fare, private door-to-door ride, and direct confirmation for Germany travel.","https://pickupr.com/amsterdam-to-hildesheim","noindex, follow","1"
"/amsterdam-to-huy-taxi","Amsterdam to Huy Taxi | Fixed Fare | Pickupr","Book Amsterdam to Huy Taxi with fixed fare, private door-to-door ride, and direct confirmation for Belgium travel.","https://pickupr.com/amsterdam-to-huy","noindex, follow","1"
"/amsterdam-to-ingolstadt-taxi","Amsterdam to Ingolstadt Taxi | Fixed Fare | Pickupr","Book Amsterdam to Ingolstadt Taxi with fixed fare, private door-to-door ride, and direct confirmation for Germany travel.","https://pickupr.com/amsterdam-to-ingolstadt","noindex, follow","1"
"/amsterdam-to-istres-taxi","Amsterdam to Istres Taxi | Fixed Fare | Pickupr","Book Amsterdam to Istres Taxi with fixed fare, private door-to-door ride, and direct confirmation for France travel.","https://pickupr.com/amsterdam-to-istres","noindex, follow","1"
"/amsterdam-to-izegem-taxi","Amsterdam to Izegem Taxi | Fixed Fare | Pickupr","Book Amsterdam to Izegem Taxi with fixed fare, private door-to-door ride, and direct confirmation for Belgium travel.","https://pickupr.com/amsterdam-to-izegem","noindex, follow","1"
"/amsterdam-to-jena-taxi","Amsterdam to Jena Taxi | Fixed Fare | Pickupr","Book Amsterdam to Jena Taxi with fixed fare, private door-to-door ride, and direct confirmation for Germany travel.","https://pickupr.com/amsterdam-to-jena","noindex, follow","1"
"/amsterdam-to-jette-taxi","Amsterdam to Jette Taxi | Fixed Fare | Pickupr","Book Amsterdam to Jette Taxi with fixed fare, private door-to-door ride, and direct confirmation for Belgium travel.","https://pickupr.com/amsterdam-to-jette","noindex, follow","1"
"/amsterdam-to-kaiserslautern-taxi","Amsterdam to Kaiserslautern Taxi | Fixed Fare | Pickupr","Book Amsterdam to Kaiserslautern Taxi with fixed fare, private door-to-door ride, and direct confirmation for Germany travel.","https://pickupr.com/amsterdam-to-kaiserslautern","noindex, follow","1"
"/amsterdam-to-karlsruhe-taxi","Amsterdam to Karlsruhe Taxi | Fixed Fare | Pickupr","Book Amsterdam to Karlsruhe Taxi with fixed fare, private door-to-door ride, and direct confirmation for Germany travel.","https://pickupr.com/amsterdam-to-karlsruhe","noindex, follow","1"
"/amsterdam-to-kassel-taxi","Amsterdam to Kassel Taxi | Fixed Fare | Pickupr","Book Amsterdam to Kassel Taxi with fixed fare, private door-to-door ride, and direct confirmation for Germany travel.","https://pickupr.com/amsterdam-to-kassel","noindex, follow","1"
"/amsterdam-to-kiel-taxi","Amsterdam to Kiel Taxi | Fixed Fare | Pickupr","Book Amsterdam to Kiel Taxi with fixed fare, private door-to-door ride, and direct confirmation for Germany travel.","https://pickupr.com/amsterdam-to-kiel","noindex, follow","1"
"/amsterdam-to-knokke-taxi","Amsterdam to Knokke Taxi | Fixed Fare | Pickupr","Book Amsterdam to Knokke Taxi with fixed fare, private door-to-door ride, and direct confirmation for Belgium travel.","https://pickupr.com/amsterdam-to-knokke","noindex, follow","1"
"/amsterdam-to-koblenz-taxi","Amsterdam to Koblenz Taxi | Fixed Fare | Pickupr","Book Amsterdam to Koblenz Taxi with fixed fare, private door-to-door ride, and direct confirmation for Germany travel.","https://pickupr.com/amsterdam-to-koblenz","noindex, follow","1"
"/amsterdam-to-konstanz-taxi","Amsterdam to Konstanz Taxi | Fixed Fare | Pickupr","Book Amsterdam to Konstanz Taxi with fixed fare, private door-to-door ride, and direct confirmation for Germany travel.","https://pickupr.com/amsterdam-to-konstanz","noindex, follow","1"
"/amsterdam-to-kortrijk-taxi","Amsterdam to Kortrijk Taxi | Fixed Fare | Pickupr","Book Amsterdam to Kortrijk Taxi with fixed fare, private door-to-door ride, and direct confirmation for Belgium travel.","https://pickupr.com/amsterdam-to-kortrijk","noindex, follow","1"
"/amsterdam-to-krefeld-taxi","Amsterdam to Krefeld Taxi | Fixed Fare | Pickupr","Book Amsterdam to Krefeld Taxi with fixed fare, private door-to-door ride, and direct confirmation for Germany travel.","https://pickupr.com/amsterdam-to-krefeld","noindex, follow","1"
"/amsterdam-to-la-louviere-taxi","Amsterdam to La Louviere Taxi | Fixed Fare | Pickupr","Book Amsterdam to La Louviere Taxi with fixed fare, private door-to-door ride, and direct confirmation for Belgium travel.","https://pickupr.com/amsterdam-to-la-louviere","noindex, follow","1"
"/amsterdam-to-la-rochelle-taxi","Amsterdam to La Rochelle Taxi | Fixed Fare | Pickupr","Book Amsterdam to La Rochelle Taxi with fixed fare, private door-to-door ride, and direct confirmation for France travel.","https://pickupr.com/amsterdam-to-la-rochelle","noindex, follow","1"
"/amsterdam-to-landshut-taxi","Amsterdam to Landshut Taxi | Fixed Fare | Pickupr","Book Amsterdam to Landshut Taxi with fixed fare, private door-to-door ride, and direct confirmation for Germany travel.","https://pickupr.com/amsterdam-to-landshut","noindex, follow","1"
"/amsterdam-to-laon-taxi","Amsterdam to Laon Taxi | Fixed Fare | Pickupr","Book Amsterdam to Laon Taxi with fixed fare, private door-to-door ride, and direct confirmation for France travel.","https://pickupr.com/amsterdam-to-laon","noindex, follow","1"
"/amsterdam-to-le-havre-taxi","Amsterdam to Le Havre Taxi | Fixed Fare | Pickupr","Book Amsterdam to Le Havre Taxi with fixed fare, private door-to-door ride, and direct confirmation for France travel.","https://pickupr.com/amsterdam-to-le-havre","noindex, follow","1"
"/amsterdam-to-le-mans-taxi","Amsterdam to Le Mans Taxi | Fixed Fare | Pickupr","Book Amsterdam to Le Mans Taxi with fixed fare, private door-to-door ride, and direct confirmation for France travel.","https://pickupr.com/amsterdam-to-le-mans","noindex, follow","1"
"/amsterdam-to-leipzig-taxi","Amsterdam to Leipzig Taxi | Fixed Fare | Pickupr","Book Amsterdam to Leipzig Taxi with fixed fare, private door-to-door ride, and direct confirmation for Germany travel.","https://pickupr.com/amsterdam-to-leipzig","noindex, follow","1"
"/amsterdam-to-leuven","Amsterdam to Leuven Private Transfer | Pickupr","Reserve Amsterdam to Leuven Private Transfer with private chauffeur comfort, transparent pricing, and direct booking from Amsterdam.","https://pickupr.com/amsterdam-to-leuven","index, follow","1"
"/amsterdam-to-leuven-taxi","Amsterdam to Leuven Taxi | Fixed Fare | Pickupr","Book Amsterdam to Leuven Taxi with fixed fare, private door-to-door ride, and direct confirmation for Belgium travel.","https://pickupr.com/amsterdam-to-leuven","noindex, follow","1"
"/amsterdam-to-leverkusen-taxi","Amsterdam to Leverkusen Taxi | Fixed Fare | Pickupr","Book Amsterdam to Leverkusen Taxi with fixed fare, private door-to-door ride, and direct confirmation for Germany travel.","https://pickupr.com/amsterdam-to-leverkusen","noindex, follow","1"
"/amsterdam-to-liege-taxi","Amsterdam to Liege Taxi | Fixed Fare | Pickupr","Book Amsterdam to Liege Taxi with fixed fare, private door-to-door ride, and direct confirmation for Belgium travel.","https://pickupr.com/amsterdam-to-liege","noindex, follow","1"
"/amsterdam-to-lier-taxi","Amsterdam to Lier Taxi | Fixed Fare | Pickupr","Book Amsterdam to Lier Taxi with fixed fare, private door-to-door ride, and direct confirmation for Belgium travel.","https://pickupr.com/amsterdam-to-lier","noindex, follow","1"
"/amsterdam-to-lille","Amsterdam to Lille Private Transfer | Pickupr","Reserve Amsterdam to Lille Private Transfer with private chauffeur comfort, transparent pricing, and direct booking from Amsterdam.","https://pickupr.com/amsterdam-to-lille","index, follow","1"
"/amsterdam-to-lille-taxi","Amsterdam to Lille Taxi | Fixed Fare | Pickupr","Book Amsterdam to Lille Taxi with fixed fare, private door-to-door ride, and direct confirmation for France travel.","https://pickupr.com/amsterdam-to-lille","noindex, follow","1"
"/amsterdam-to-limoges-taxi","Amsterdam to Limoges Taxi | Fixed Fare | Pickupr","Book Amsterdam to Limoges Taxi with fixed fare, private door-to-door ride, and direct confirmation for France travel.","https://pickupr.com/amsterdam-to-limoges","noindex, follow","1"
"/amsterdam-to-lokeren-taxi","Amsterdam to Lokeren Taxi | Fixed Fare | Pickupr","Book Amsterdam to Lokeren Taxi with fixed fare, private door-to-door ride, and direct confirmation for Belgium travel.","https://pickupr.com/amsterdam-to-lokeren","noindex, follow","1"
"/amsterdam-to-lommel-taxi","Amsterdam to Lommel Taxi | Fixed Fare | Pickupr","Book Amsterdam to Lommel Taxi with fixed fare, private door-to-door ride, and direct confirmation for Belgium travel.","https://pickupr.com/amsterdam-to-lommel","noindex, follow","1"
"/amsterdam-to-lorient-taxi","Amsterdam to Lorient Taxi | Fixed Fare | Pickupr","Book Amsterdam to Lorient Taxi with fixed fare, private door-to-door ride, and direct confirmation for France travel.","https://pickupr.com/amsterdam-to-lorient","noindex, follow","1"
"/amsterdam-to-louvain-la-neuve-taxi","Amsterdam to Louvain-la-Neuve Taxi | Fixed Fare | Pickupr","Book Amsterdam to Louvain-la-Neuve Taxi with fixed fare, private door-to-door ride, and direct confirmation for Belgium travel.","https://pickupr.com/amsterdam-to-louvain-la-neuve","noindex, follow","1"
"/amsterdam-to-lubeck-taxi","Amsterdam to Lubeck Taxi | Fixed Fare | Pickupr","Book Amsterdam to Lubeck Taxi with fixed fare, private door-to-door ride, and direct confirmation for Germany travel.","https://pickupr.com/amsterdam-to-lubeck","noindex, follow","1"
"/amsterdam-to-ludwigshafen-taxi","Amsterdam to Ludwigshafen Taxi | Fixed Fare | Pickupr","Book Amsterdam to Ludwigshafen Taxi with fixed fare, private door-to-door ride, and direct confirmation for Germany travel.","https://pickupr.com/amsterdam-to-ludwigshafen","noindex, follow","1"
"/amsterdam-to-luneburg-taxi","Amsterdam to Luneburg Taxi | Fixed Fare | Pickupr","Book Amsterdam to Luneburg Taxi with fixed fare, private door-to-door ride, and direct confirmation for Germany travel.","https://pickupr.com/amsterdam-to-luneburg","noindex, follow","1"
"/amsterdam-to-lyon","Amsterdam to Lyon Private Transfer | Pickupr","Reserve Amsterdam to Lyon Private Transfer with private chauffeur comfort, transparent pricing, and direct booking from Amsterdam.","https://pickupr.com/amsterdam-to-lyon","index, follow","1"
"/amsterdam-to-lyon-taxi","Amsterdam to Lyon Taxi | Fixed Fare | Pickupr","Book Amsterdam to Lyon Taxi with fixed fare, private door-to-door ride, and direct confirmation for France travel.","https://pickupr.com/amsterdam-to-lyon","noindex, follow","1"
"/amsterdam-to-maaseik-taxi","Amsterdam to Maaseik Taxi | Fixed Fare | Pickupr","Book Amsterdam to Maaseik Taxi with fixed fare, private door-to-door ride, and direct confirmation for Belgium travel.","https://pickupr.com/amsterdam-to-maaseik","noindex, follow","1"
"/amsterdam-to-macon-taxi","Amsterdam to Macon Taxi | Fixed Fare | Pickupr","Book Amsterdam to Macon Taxi with fixed fare, private door-to-door ride, and direct confirmation for France travel.","https://pickupr.com/amsterdam-to-macon","noindex, follow","1"
"/amsterdam-to-magdeburg-taxi","Amsterdam to Magdeburg Taxi | Fixed Fare | Pickupr","Book Amsterdam to Magdeburg Taxi with fixed fare, private door-to-door ride, and direct confirmation for Germany travel.","https://pickupr.com/amsterdam-to-magdeburg","noindex, follow","1"
"/amsterdam-to-mainz-taxi","Amsterdam to Mainz Taxi | Fixed Fare | Pickupr","Book Amsterdam to Mainz Taxi with fixed fare, private door-to-door ride, and direct confirmation for Germany travel.","https://pickupr.com/amsterdam-to-mainz","noindex, follow","1"
"/amsterdam-to-malmedy-taxi","Amsterdam to Malmedy Taxi | Fixed Fare | Pickupr","Book Amsterdam to Malmedy Taxi with fixed fare, private door-to-door ride, and direct confirmation for Belgium travel.","https://pickupr.com/amsterdam-to-malmedy","noindex, follow","1"
"/amsterdam-to-mannheim-taxi","Amsterdam to Mannheim Taxi | Fixed Fare | Pickupr","Book Amsterdam to Mannheim Taxi with fixed fare, private door-to-door ride, and direct confirmation for Germany travel.","https://pickupr.com/amsterdam-to-mannheim","noindex, follow","1"
"/amsterdam-to-marburg-taxi","Amsterdam to Marburg Taxi | Fixed Fare | Pickupr","Book Amsterdam to Marburg Taxi with fixed fare, private door-to-door ride, and direct confirmation for Germany travel.","https://pickupr.com/amsterdam-to-marburg","noindex, follow","1"
"/amsterdam-to-marche-en-famenne-taxi","Amsterdam to Marche-en-Famenne Taxi | Fixed Fare | Pickupr","Book Amsterdam to Marche-en-Famenne Taxi with fixed fare, private door-to-door ride, and direct confirmation for Belgium travel.","https://pickupr.com/amsterdam-to-marche-en-famenne","noindex, follow","1"
"/amsterdam-to-marseille","Amsterdam to Marseille Private Transfer | Pickupr","Reserve Amsterdam to Marseille Private Transfer with private chauffeur comfort, transparent pricing, and direct booking from Amsterdam.","https://pickupr.com/amsterdam-to-marseille","index, follow","1"
"/amsterdam-to-marseille-taxi","Amsterdam to Marseille Taxi | Fixed Fare | Pickupr","Book Amsterdam to Marseille Taxi with fixed fare, private door-to-door ride, and direct confirmation for France travel.","https://pickupr.com/amsterdam-to-marseille","noindex, follow","1"
"/amsterdam-to-mechelen-taxi","Amsterdam to Mechelen Taxi | Fixed Fare | Pickupr","Book Amsterdam to Mechelen Taxi with fixed fare, private door-to-door ride, and direct confirmation for Belgium travel.","https://pickupr.com/amsterdam-to-mechelen","noindex, follow","1"
"/amsterdam-to-metz-taxi","Amsterdam to Metz Taxi | Fixed Fare | Pickupr","Book Amsterdam to Metz Taxi with fixed fare, private door-to-door ride, and direct confirmation for France travel.","https://pickupr.com/amsterdam-to-metz","noindex, follow","1"
"/amsterdam-to-moers-taxi","Amsterdam to Moers Taxi | Fixed Fare | Pickupr","Book Amsterdam to Moers Taxi with fixed fare, private door-to-door ride, and direct confirmation for Germany travel.","https://pickupr.com/amsterdam-to-moers","noindex, follow","1"
"/amsterdam-to-mol-taxi","Amsterdam to Mol Taxi | Fixed Fare | Pickupr","Book Amsterdam to Mol Taxi with fixed fare, private door-to-door ride, and direct confirmation for Belgium travel.","https://pickupr.com/amsterdam-to-mol","noindex, follow","1"
"/amsterdam-to-monchengladbach-taxi","Amsterdam to Monchengladbach Taxi | Fixed Fare | Pickupr","Book Amsterdam to Monchengladbach Taxi with fixed fare, private door-to-door ride, and direct confirmation for Germany travel.","https://pickupr.com/amsterdam-to-monchengladbach","noindex, follow","1"
"/amsterdam-to-mons-taxi","Amsterdam to Mons Taxi | Fixed Fare | Pickupr","Book Amsterdam to Mons Taxi with fixed fare, private door-to-door ride, and direct confirmation for Belgium travel.","https://pickupr.com/amsterdam-to-mons","noindex, follow","1"
"/amsterdam-to-montauban-taxi","Amsterdam to Montauban Taxi | Fixed Fare | Pickupr","Book Amsterdam to Montauban Taxi with fixed fare, private door-to-door ride, and direct confirmation for France travel.","https://pickupr.com/amsterdam-to-montauban","noindex, follow","1"
"/amsterdam-to-montpellier-taxi","Amsterdam to Montpellier Taxi | Fixed Fare | Pickupr","Book Amsterdam to Montpellier Taxi with fixed fare, private door-to-door ride, and direct confirmation for France travel.","https://pickupr.com/amsterdam-to-montpellier","noindex, follow","1"
"/amsterdam-to-mouscron-taxi","Amsterdam to Mouscron Taxi | Fixed Fare | Pickupr","Book Amsterdam to Mouscron Taxi with fixed fare, private door-to-door ride, and direct confirmation for Belgium travel.","https://pickupr.com/amsterdam-to-mouscron","noindex, follow","1"
"/amsterdam-to-mulhouse-taxi","Amsterdam to Mulhouse Taxi | Fixed Fare | Pickupr","Book Amsterdam to Mulhouse Taxi with fixed fare, private door-to-door ride, and direct confirmation for France travel.","https://pickupr.com/amsterdam-to-mulhouse","noindex, follow","1"
"/amsterdam-to-munich","Amsterdam to Munich Private Transfer | Pickupr","Reserve Amsterdam to Munich Private Transfer with private chauffeur comfort, transparent pricing, and direct booking from Amsterdam.","https://pickupr.com/amsterdam-to-munich","index, follow","1"
"/amsterdam-to-munich-taxi","Amsterdam to Munich Taxi | Fixed Fare | Pickupr","Book Amsterdam to Munich Taxi with fixed fare, private door-to-door ride, and direct confirmation for Germany travel.","https://pickupr.com/amsterdam-to-munich","noindex, follow","1"
"/amsterdam-to-munster-taxi","Amsterdam to Munster Taxi | Fixed Fare | Pickupr","Book Amsterdam to Munster Taxi with fixed fare, private door-to-door ride, and direct confirmation for Germany travel.","https://pickupr.com/amsterdam-to-munster","noindex, follow","1"
"/amsterdam-to-namur-taxi","Amsterdam to Namur Taxi | Fixed Fare | Pickupr","Book Amsterdam to Namur Taxi with fixed fare, private door-to-door ride, and direct confirmation for Belgium travel.","https://pickupr.com/amsterdam-to-namur","noindex, follow","1"
"/amsterdam-to-nancy-taxi","Amsterdam to Nancy Taxi | Fixed Fare | Pickupr","Book Amsterdam to Nancy Taxi with fixed fare, private door-to-door ride, and direct confirmation for France travel.","https://pickupr.com/amsterdam-to-nancy","noindex, follow","1"
"/amsterdam-to-nanterre-taxi","Amsterdam to Nanterre Taxi | Fixed Fare | Pickupr","Book Amsterdam to Nanterre Taxi with fixed fare, private door-to-door ride, and direct confirmation for France travel.","https://pickupr.com/amsterdam-to-nanterre","noindex, follow","1"
"/amsterdam-to-nantes-taxi","Amsterdam to Nantes Taxi | Fixed Fare | Pickupr","Book Amsterdam to Nantes Taxi with fixed fare, private door-to-door ride, and direct confirmation for France travel.","https://pickupr.com/amsterdam-to-nantes","noindex, follow","1"
"/amsterdam-to-narbonne-taxi","Amsterdam to Narbonne Taxi | Fixed Fare | Pickupr","Book Amsterdam to Narbonne Taxi with fixed fare, private door-to-door ride, and direct confirmation for France travel.","https://pickupr.com/amsterdam-to-narbonne","noindex, follow","1"
"/amsterdam-to-neerpelt-taxi","Amsterdam to Neerpelt Taxi | Fixed Fare | Pickupr","Book Amsterdam to Neerpelt Taxi with fixed fare, private door-to-door ride, and direct confirmation for Belgium travel.","https://pickupr.com/amsterdam-to-neerpelt","noindex, follow","1"
"/amsterdam-to-neuss-taxi","Amsterdam to Neuss Taxi | Fixed Fare | Pickupr","Book Amsterdam to Neuss Taxi with fixed fare, private door-to-door ride, and direct confirmation for Germany travel.","https://pickupr.com/amsterdam-to-neuss","noindex, follow","1"
"/amsterdam-to-nevers-taxi","Amsterdam to Nevers Taxi | Fixed Fare | Pickupr","Book Amsterdam to Nevers Taxi with fixed fare, private door-to-door ride, and direct confirmation for France travel.","https://pickupr.com/amsterdam-to-nevers","noindex, follow","1"
"/amsterdam-to-nice-taxi","Amsterdam to Nice Taxi | Fixed Fare | Pickupr","Book Amsterdam to Nice Taxi with fixed fare, private door-to-door ride, and direct confirmation for France travel.","https://pickupr.com/amsterdam-to-nice","noindex, follow","1"
"/amsterdam-to-nimes-taxi","Amsterdam to Nimes Taxi | Fixed Fare | Pickupr","Book Amsterdam to Nimes Taxi with fixed fare, private door-to-door ride, and direct confirmation for France travel.","https://pickupr.com/amsterdam-to-nimes","noindex, follow","1"
"/amsterdam-to-ninove-taxi","Amsterdam to Ninove Taxi | Fixed Fare | Pickupr","Book Amsterdam to Ninove Taxi with fixed fare, private door-to-door ride, and direct confirmation for Belgium travel.","https://pickupr.com/amsterdam-to-ninove","noindex, follow","1"
"/amsterdam-to-niort-taxi","Amsterdam to Niort Taxi | Fixed Fare | Pickupr","Book Amsterdam to Niort Taxi with fixed fare, private door-to-door ride, and direct confirmation for France travel.","https://pickupr.com/amsterdam-to-niort","noindex, follow","1"
"/amsterdam-to-nivelles-taxi","Amsterdam to Nivelles Taxi | Fixed Fare | Pickupr","Book Amsterdam to Nivelles Taxi with fixed fare, private door-to-door ride, and direct confirmation for Belgium travel.","https://pickupr.com/amsterdam-to-nivelles","noindex, follow","1"
"/amsterdam-to-nuremberg-taxi","Amsterdam to Nuremberg Taxi | Fixed Fare | Pickupr","Book Amsterdam to Nuremberg Taxi with fixed fare, private door-to-door ride, and direct confirmation for Germany travel.","https://pickupr.com/amsterdam-to-nuremberg","noindex, follow","1"
"/amsterdam-to-oberhausen-taxi","Amsterdam to Oberhausen Taxi | Fixed Fare | Pickupr","Book Amsterdam to Oberhausen Taxi with fixed fare, private door-to-door ride, and direct confirmation for Germany travel.","https://pickupr.com/amsterdam-to-oberhausen","noindex, follow","1"
"/amsterdam-to-oldenburg-taxi","Amsterdam to Oldenburg Taxi | Fixed Fare | Pickupr","Book Amsterdam to Oldenburg Taxi with fixed fare, private door-to-door ride, and direct confirmation for Germany travel.","https://pickupr.com/amsterdam-to-oldenburg","noindex, follow","1"
"/amsterdam-to-orleans-taxi","Amsterdam to Orleans Taxi | Fixed Fare | Pickupr","Book Amsterdam to Orleans Taxi with fixed fare, private door-to-door ride, and direct confirmation for France travel.","https://pickupr.com/amsterdam-to-orleans","noindex, follow","1"
"/amsterdam-to-osnabruck-taxi","Amsterdam to Osnabruck Taxi | Fixed Fare | Pickupr","Book Amsterdam to Osnabruck Taxi with fixed fare, private door-to-door ride, and direct confirmation for Germany travel.","https://pickupr.com/amsterdam-to-osnabruck","noindex, follow","1"
"/amsterdam-to-ostend-taxi","Amsterdam to Ostend Taxi | Fixed Fare | Pickupr","Book Amsterdam to Ostend Taxi with fixed fare, private door-to-door ride, and direct confirmation for Belgium travel.","https://pickupr.com/amsterdam-to-ostend","noindex, follow","1"
"/amsterdam-to-ottignies-taxi","Amsterdam to Ottignies Taxi | Fixed Fare | Pickupr","Book Amsterdam to Ottignies Taxi with fixed fare, private door-to-door ride, and direct confirmation for Belgium travel.","https://pickupr.com/amsterdam-to-ottignies","noindex, follow","1"
"/amsterdam-to-paderborn-taxi","Amsterdam to Paderborn Taxi | Fixed Fare | Pickupr","Book Amsterdam to Paderborn Taxi with fixed fare, private door-to-door ride, and direct confirmation for Germany travel.","https://pickupr.com/amsterdam-to-paderborn","noindex, follow","1"
"/amsterdam-to-paris","Amsterdam to Paris Private Transfer | Pickupr","Reserve Amsterdam to Paris Private Transfer with private chauffeur comfort, transparent pricing, and direct booking from Amsterdam.","https://pickupr.com/amsterdam-to-paris","index, follow","1"
"/amsterdam-to-paris-taxi","Amsterdam to Paris Taxi | Fixed Fare | Pickupr","Book Amsterdam to Paris Taxi with fixed fare, private door-to-door ride, and direct confirmation for France travel.","https://pickupr.com/amsterdam-to-paris","noindex, follow","1"
"/amsterdam-to-passau-taxi","Amsterdam to Passau Taxi | Fixed Fare | Pickupr","Book Amsterdam to Passau Taxi with fixed fare, private door-to-door ride, and direct confirmation for Germany travel.","https://pickupr.com/amsterdam-to-passau","noindex, follow","1"
"/amsterdam-to-pau-taxi","Amsterdam to Pau Taxi | Fixed Fare | Pickupr","Book Amsterdam to Pau Taxi with fixed fare, private door-to-door ride, and direct confirmation for France travel.","https://pickupr.com/amsterdam-to-pau","noindex, follow","1"
"/amsterdam-to-perpignan-taxi","Amsterdam to Perpignan Taxi | Fixed Fare | Pickupr","Book Amsterdam to Perpignan Taxi with fixed fare, private door-to-door ride, and direct confirmation for France travel.","https://pickupr.com/amsterdam-to-perpignan","noindex, follow","1"
"/amsterdam-to-pforzheim-taxi","Amsterdam to Pforzheim Taxi | Fixed Fare | Pickupr","Book Amsterdam to Pforzheim Taxi with fixed fare, private door-to-door ride, and direct confirmation for Germany travel.","https://pickupr.com/amsterdam-to-pforzheim","noindex, follow","1"
"/amsterdam-to-poitiers-taxi","Amsterdam to Poitiers Taxi | Fixed Fare | Pickupr","Book Amsterdam to Poitiers Taxi with fixed fare, private door-to-door ride, and direct confirmation for France travel.","https://pickupr.com/amsterdam-to-poitiers","noindex, follow","1"
"/amsterdam-to-poperinge-taxi","Amsterdam to Poperinge Taxi | Fixed Fare | Pickupr","Book Amsterdam to Poperinge Taxi with fixed fare, private door-to-door ride, and direct confirmation for Belgium travel.","https://pickupr.com/amsterdam-to-poperinge","noindex, follow","1"
"/amsterdam-to-potsdam-taxi","Amsterdam to Potsdam Taxi | Fixed Fare | Pickupr","Book Amsterdam to Potsdam Taxi with fixed fare, private door-to-door ride, and direct confirmation for Germany travel.","https://pickupr.com/amsterdam-to-potsdam","noindex, follow","1"
"/amsterdam-to-quimper-taxi","Amsterdam to Quimper Taxi | Fixed Fare | Pickupr","Book Amsterdam to Quimper Taxi with fixed fare, private door-to-door ride, and direct confirmation for France travel.","https://pickupr.com/amsterdam-to-quimper","noindex, follow","1"
"/amsterdam-to-ravensburg-taxi","Amsterdam to Ravensburg Taxi | Fixed Fare | Pickupr","Book Amsterdam to Ravensburg Taxi with fixed fare, private door-to-door ride, and direct confirmation for Germany travel.","https://pickupr.com/amsterdam-to-ravensburg","noindex, follow","1"
"/amsterdam-to-regensburg-taxi","Amsterdam to Regensburg Taxi | Fixed Fare | Pickupr","Book Amsterdam to Regensburg Taxi with fixed fare, private door-to-door ride, and direct confirmation for Germany travel.","https://pickupr.com/amsterdam-to-regensburg","noindex, follow","1"
"/amsterdam-to-reims-taxi","Amsterdam to Reims Taxi | Fixed Fare | Pickupr","Book Amsterdam to Reims Taxi with fixed fare, private door-to-door ride, and direct confirmation for France travel.","https://pickupr.com/amsterdam-to-reims","noindex, follow","1"
"/amsterdam-to-remscheid-taxi","Amsterdam to Remscheid Taxi | Fixed Fare | Pickupr","Book Amsterdam to Remscheid Taxi with fixed fare, private door-to-door ride, and direct confirmation for Germany travel.","https://pickupr.com/amsterdam-to-remscheid","noindex, follow","1"
"/amsterdam-to-rennes-taxi","Amsterdam to Rennes Taxi | Fixed Fare | Pickupr","Book Amsterdam to Rennes Taxi with fixed fare, private door-to-door ride, and direct confirmation for France travel.","https://pickupr.com/amsterdam-to-rennes","noindex, follow","1"
"/amsterdam-to-reutlingen-taxi","Amsterdam to Reutlingen Taxi | Fixed Fare | Pickupr","Book Amsterdam to Reutlingen Taxi with fixed fare, private door-to-door ride, and direct confirmation for Germany travel.","https://pickupr.com/amsterdam-to-reutlingen","noindex, follow","1"
"/amsterdam-to-roanne-taxi","Amsterdam to Roanne Taxi | Fixed Fare | Pickupr","Book Amsterdam to Roanne Taxi with fixed fare, private door-to-door ride, and direct confirmation for France travel.","https://pickupr.com/amsterdam-to-roanne","noindex, follow","1"
"/amsterdam-to-rochefort-taxi","Amsterdam to Rochefort Taxi | Fixed Fare | Pickupr","Book Amsterdam to Rochefort Taxi with fixed fare, private door-to-door ride, and direct confirmation for Belgium travel.","https://pickupr.com/amsterdam-to-rochefort","noindex, follow","1"
"/amsterdam-to-roeselare-taxi","Amsterdam to Roeselare Taxi | Fixed Fare | Pickupr","Book Amsterdam to Roeselare Taxi with fixed fare, private door-to-door ride, and direct confirmation for Belgium travel.","https://pickupr.com/amsterdam-to-roeselare","noindex, follow","1"
"/amsterdam-to-ronse-taxi","Amsterdam to Ronse Taxi | Fixed Fare | Pickupr","Book Amsterdam to Ronse Taxi with fixed fare, private door-to-door ride, and direct confirmation for Belgium travel.","https://pickupr.com/amsterdam-to-ronse","noindex, follow","1"
"/amsterdam-to-rostock-taxi","Amsterdam to Rostock Taxi | Fixed Fare | Pickupr","Book Amsterdam to Rostock Taxi with fixed fare, private door-to-door ride, and direct confirmation for Germany travel.","https://pickupr.com/amsterdam-to-rostock","noindex, follow","1"
"/amsterdam-to-roubaix-taxi","Amsterdam to Roubaix Taxi | Fixed Fare | Pickupr","Book Amsterdam to Roubaix Taxi with fixed fare, private door-to-door ride, and direct confirmation for France travel.","https://pickupr.com/amsterdam-to-roubaix","noindex, follow","1"
"/amsterdam-to-rouen-taxi","Amsterdam to Rouen Taxi | Fixed Fare | Pickupr","Book Amsterdam to Rouen Taxi with fixed fare, private door-to-door ride, and direct confirmation for France travel.","https://pickupr.com/amsterdam-to-rouen","noindex, follow","1"
"/amsterdam-to-saarbrucken-taxi","Amsterdam to Saarbrucken Taxi | Fixed Fare | Pickupr","Book Amsterdam to Saarbrucken Taxi with fixed fare, private door-to-door ride, and direct confirmation for Germany travel.","https://pickupr.com/amsterdam-to-saarbrucken","noindex, follow","1"
"/amsterdam-to-saint-denis-taxi","Amsterdam to Saint-Denis Taxi | Fixed Fare | Pickupr","Book Amsterdam to Saint-Denis Taxi with fixed fare, private door-to-door ride, and direct confirmation for France travel.","https://pickupr.com/amsterdam-to-saint-denis","noindex, follow","1"
"/amsterdam-to-saint-etienne-taxi","Amsterdam to Saint-Etienne Taxi | Fixed Fare | Pickupr","Book Amsterdam to Saint-Etienne Taxi with fixed fare, private door-to-door ride, and direct confirmation for France travel.","https://pickupr.com/amsterdam-to-saint-etienne","noindex, follow","1"
"/amsterdam-to-saint-malo-taxi","Amsterdam to Saint-Malo Taxi | Fixed Fare | Pickupr","Book Amsterdam to Saint-Malo Taxi with fixed fare, private door-to-door ride, and direct confirmation for France travel.","https://pickupr.com/amsterdam-to-saint-malo","noindex, follow","1"
"/amsterdam-to-salon-de-provence-taxi","Amsterdam to Salon-de-Provence Taxi | Fixed Fare | Pickupr","Book Amsterdam to Salon-de-Provence Taxi with fixed fare, private door-to-door ride, and direct confirmation for France travel.","https://pickupr.com/amsterdam-to-salon-de-provence","noindex, follow","1"
"/amsterdam-to-salzgitter-taxi","Amsterdam to Salzgitter Taxi | Fixed Fare | Pickupr","Book Amsterdam to Salzgitter Taxi with fixed fare, private door-to-door ride, and direct confirmation for Germany travel.","https://pickupr.com/amsterdam-to-salzgitter","noindex, follow","1"
"/amsterdam-to-schoten-taxi","Amsterdam to Schoten Taxi | Fixed Fare | Pickupr","Book Amsterdam to Schoten Taxi with fixed fare, private door-to-door ride, and direct confirmation for Belgium travel.","https://pickupr.com/amsterdam-to-schoten","noindex, follow","1"
"/amsterdam-to-seraing-taxi","Amsterdam to Seraing Taxi | Fixed Fare | Pickupr","Book Amsterdam to Seraing Taxi with fixed fare, private door-to-door ride, and direct confirmation for Belgium travel.","https://pickupr.com/amsterdam-to-seraing","noindex, follow","1"
"/amsterdam-to-sete-taxi","Amsterdam to Sete Taxi | Fixed Fare | Pickupr","Book Amsterdam to Sete Taxi with fixed fare, private door-to-door ride, and direct confirmation for France travel.","https://pickupr.com/amsterdam-to-sete","noindex, follow","1"
"/amsterdam-to-siegen-taxi","Amsterdam to Siegen Taxi | Fixed Fare | Pickupr","Book Amsterdam to Siegen Taxi with fixed fare, private door-to-door ride, and direct confirmation for Germany travel.","https://pickupr.com/amsterdam-to-siegen","noindex, follow","1"
"/amsterdam-to-sint-niklaas-taxi","Amsterdam to Sint-Niklaas Taxi | Fixed Fare | Pickupr","Book Amsterdam to Sint-Niklaas Taxi with fixed fare, private door-to-door ride, and direct confirmation for Belgium travel.","https://pickupr.com/amsterdam-to-sint-niklaas","noindex, follow","1"
"/amsterdam-to-soignies-taxi","Amsterdam to Soignies Taxi | Fixed Fare | Pickupr","Book Amsterdam to Soignies Taxi with fixed fare, private door-to-door ride, and direct confirmation for Belgium travel.","https://pickupr.com/amsterdam-to-soignies","noindex, follow","1"
"/amsterdam-to-solingen-taxi","Amsterdam to Solingen Taxi | Fixed Fare | Pickupr","Book Amsterdam to Solingen Taxi with fixed fare, private door-to-door ride, and direct confirmation for Germany travel.","https://pickupr.com/amsterdam-to-solingen","noindex, follow","1"
"/amsterdam-to-spa-taxi","Amsterdam to Spa Taxi | Fixed Fare | Pickupr","Book Amsterdam to Spa Taxi with fixed fare, private door-to-door ride, and direct confirmation for Belgium travel.","https://pickupr.com/amsterdam-to-spa","noindex, follow","1"
"/amsterdam-to-strasbourg","Amsterdam to Strasbourg Private Transfer | Pickupr","Reserve Amsterdam to Strasbourg Private Transfer with private chauffeur comfort, transparent pricing, and direct booking from Amsterdam.","https://pickupr.com/amsterdam-to-strasbourg","index, follow","1"
"/amsterdam-to-strasbourg-taxi","Amsterdam to Strasbourg Taxi | Fixed Fare | Pickupr","Book Amsterdam to Strasbourg Taxi with fixed fare, private door-to-door ride, and direct confirmation for France travel.","https://pickupr.com/amsterdam-to-strasbourg","noindex, follow","1"
"/amsterdam-to-stuttgart","Amsterdam to Stuttgart Private Transfer | Pickupr","Reserve Amsterdam to Stuttgart Private Transfer with private chauffeur comfort, transparent pricing, and direct booking from Amsterdam.","https://pickupr.com/amsterdam-to-stuttgart","index, follow","1"
"/amsterdam-to-stuttgart-taxi","Amsterdam to Stuttgart Taxi | Fixed Fare | Pickupr","Book Amsterdam to Stuttgart Taxi with fixed fare, private door-to-door ride, and direct confirmation for Germany travel.","https://pickupr.com/amsterdam-to-stuttgart","noindex, follow","1"
"/amsterdam-to-tarbes-taxi","Amsterdam to Tarbes Taxi | Fixed Fare | Pickupr","Book Amsterdam to Tarbes Taxi with fixed fare, private door-to-door ride, and direct confirmation for France travel.","https://pickupr.com/amsterdam-to-tarbes","noindex, follow","1"
"/amsterdam-to-temse-taxi","Amsterdam to Temse Taxi | Fixed Fare | Pickupr","Book Amsterdam to Temse Taxi with fixed fare, private door-to-door ride, and direct confirmation for Belgium travel.","https://pickupr.com/amsterdam-to-temse","noindex, follow","1"
"/amsterdam-to-tielt-taxi","Amsterdam to Tielt Taxi | Fixed Fare | Pickupr","Book Amsterdam to Tielt Taxi with fixed fare, private door-to-door ride, and direct confirmation for Belgium travel.","https://pickupr.com/amsterdam-to-tielt","noindex, follow","1"
"/amsterdam-to-tongeren-taxi","Amsterdam to Tongeren Taxi | Fixed Fare | Pickupr","Book Amsterdam to Tongeren Taxi with fixed fare, private door-to-door ride, and direct confirmation for Belgium travel.","https://pickupr.com/amsterdam-to-tongeren","noindex, follow","1"
"/amsterdam-to-toulon-taxi","Amsterdam to Toulon Taxi | Fixed Fare | Pickupr","Book Amsterdam to Toulon Taxi with fixed fare, private door-to-door ride, and direct confirmation for France travel.","https://pickupr.com/amsterdam-to-toulon","noindex, follow","1"
"/amsterdam-to-toulouse-taxi","Amsterdam to Toulouse Taxi | Fixed Fare | Pickupr","Book Amsterdam to Toulouse Taxi with fixed fare, private door-to-door ride, and direct confirmation for France travel.","https://pickupr.com/amsterdam-to-toulouse","noindex, follow","1"
"/amsterdam-to-tourcoing-taxi","Amsterdam to Tourcoing Taxi | Fixed Fare | Pickupr","Book Amsterdam to Tourcoing Taxi with fixed fare, private door-to-door ride, and direct confirmation for France travel.","https://pickupr.com/amsterdam-to-tourcoing","noindex, follow","1"
"/amsterdam-to-tournai-taxi","Amsterdam to Tournai Taxi | Fixed Fare | Pickupr","Book Amsterdam to Tournai Taxi with fixed fare, private door-to-door ride, and direct confirmation for Belgium travel.","https://pickupr.com/amsterdam-to-tournai","noindex, follow","1"
"/amsterdam-to-tours-taxi","Amsterdam to Tours Taxi | Fixed Fare | Pickupr","Book Amsterdam to Tours Taxi with fixed fare, private door-to-door ride, and direct confirmation for France travel.","https://pickupr.com/amsterdam-to-tours","noindex, follow","1"
"/amsterdam-to-trier-taxi","Amsterdam to Trier Taxi | Fixed Fare | Pickupr","Book Amsterdam to Trier Taxi with fixed fare, private door-to-door ride, and direct confirmation for Germany travel.","https://pickupr.com/amsterdam-to-trier","noindex, follow","1"
"/amsterdam-to-troyes-taxi","Amsterdam to Troyes Taxi | Fixed Fare | Pickupr","Book Amsterdam to Troyes Taxi with fixed fare, private door-to-door ride, and direct confirmation for France travel.","https://pickupr.com/amsterdam-to-troyes","noindex, follow","1"
"/amsterdam-to-tubize-taxi","Amsterdam to Tubize Taxi | Fixed Fare | Pickupr","Book Amsterdam to Tubize Taxi with fixed fare, private door-to-door ride, and direct confirmation for Belgium travel.","https://pickupr.com/amsterdam-to-tubize","noindex, follow","1"
"/amsterdam-to-turnhout-taxi","Amsterdam to Turnhout Taxi | Fixed Fare | Pickupr","Book Amsterdam to Turnhout Taxi with fixed fare, private door-to-door ride, and direct confirmation for Belgium travel.","https://pickupr.com/amsterdam-to-turnhout","noindex, follow","1"
"/amsterdam-to-uccle-taxi","Amsterdam to Uccle Taxi | Fixed Fare | Pickupr","Book Amsterdam to Uccle Taxi with fixed fare, private door-to-door ride, and direct confirmation for Belgium travel.","https://pickupr.com/amsterdam-to-uccle","noindex, follow","1"
"/amsterdam-to-ulm-taxi","Amsterdam to Ulm Taxi | Fixed Fare | Pickupr","Book Amsterdam to Ulm Taxi with fixed fare, private door-to-door ride, and direct confirmation for Germany travel.","https://pickupr.com/amsterdam-to-ulm","noindex, follow","1"
"/amsterdam-to-valence-taxi","Amsterdam to Valence Taxi | Fixed Fare | Pickupr","Book Amsterdam to Valence Taxi with fixed fare, private door-to-door ride, and direct confirmation for France travel.","https://pickupr.com/amsterdam-to-valence","noindex, follow","1"
"/amsterdam-to-vannes-taxi","Amsterdam to Vannes Taxi | Fixed Fare | Pickupr","Book Amsterdam to Vannes Taxi with fixed fare, private door-to-door ride, and direct confirmation for France travel.","https://pickupr.com/amsterdam-to-vannes","noindex, follow","1"
"/amsterdam-to-verviers-taxi","Amsterdam to Verviers Taxi | Fixed Fare | Pickupr","Book Amsterdam to Verviers Taxi with fixed fare, private door-to-door ride, and direct confirmation for Belgium travel.","https://pickupr.com/amsterdam-to-verviers","noindex, follow","1"
"/amsterdam-to-vichy-taxi","Amsterdam to Vichy Taxi | Fixed Fare | Pickupr","Book Amsterdam to Vichy Taxi with fixed fare, private door-to-door ride, and direct confirmation for France travel.","https://pickupr.com/amsterdam-to-vichy","noindex, follow","1"
"/amsterdam-to-villeurbanne-taxi","Amsterdam to Villeurbanne Taxi | Fixed Fare | Pickupr","Book Amsterdam to Villeurbanne Taxi with fixed fare, private door-to-door ride, and direct confirmation for France travel.","https://pickupr.com/amsterdam-to-villeurbanne","noindex, follow","1"
"/amsterdam-to-vilvoorde-taxi","Amsterdam to Vilvoorde Taxi | Fixed Fare | Pickupr","Book Amsterdam to Vilvoorde Taxi with fixed fare, private door-to-door ride, and direct confirmation for Belgium travel.","https://pickupr.com/amsterdam-to-vilvoorde","noindex, follow","1"
"/amsterdam-to-waregem-taxi","Amsterdam to Waregem Taxi | Fixed Fare | Pickupr","Book Amsterdam to Waregem Taxi with fixed fare, private door-to-door ride, and direct confirmation for Belgium travel.","https://pickupr.com/amsterdam-to-waregem","noindex, follow","1"
"/amsterdam-to-waterloo-taxi","Amsterdam to Waterloo Taxi | Fixed Fare | Pickupr","Book Amsterdam to Waterloo Taxi with fixed fare, private door-to-door ride, and direct confirmation for Belgium travel.","https://pickupr.com/amsterdam-to-waterloo","noindex, follow","1"
"/amsterdam-to-wavre-taxi","Amsterdam to Wavre Taxi | Fixed Fare | Pickupr","Book Amsterdam to Wavre Taxi with fixed fare, private door-to-door ride, and direct confirmation for Belgium travel.","https://pickupr.com/amsterdam-to-wavre","noindex, follow","1"
"/amsterdam-to-wiesbaden-taxi","Amsterdam to Wiesbaden Taxi | Fixed Fare | Pickupr","Book Amsterdam to Wiesbaden Taxi with fixed fare, private door-to-door ride, and direct confirmation for Germany travel.","https://pickupr.com/amsterdam-to-wiesbaden","noindex, follow","1"
"/amsterdam-to-wolfsburg-taxi","Amsterdam to Wolfsburg Taxi | Fixed Fare | Pickupr","Book Amsterdam to Wolfsburg Taxi with fixed fare, private door-to-door ride, and direct confirmation for Germany travel.","https://pickupr.com/amsterdam-to-wolfsburg","noindex, follow","1"
"/amsterdam-to-wuppertal-taxi","Amsterdam to Wuppertal Taxi | Fixed Fare | Pickupr","Book Amsterdam to Wuppertal Taxi with fixed fare, private door-to-door ride, and direct confirmation for Germany travel.","https://pickupr.com/amsterdam-to-wuppertal","noindex, follow","1"
"/amsterdam-to-wurzburg-taxi","Amsterdam to Wurzburg Taxi | Fixed Fare | Pickupr","Book Amsterdam to Wurzburg Taxi with fixed fare, private door-to-door ride, and direct confirmation for Germany travel.","https://pickupr.com/amsterdam-to-wurzburg","noindex, follow","1"
"/amsterdam-to-ypres-taxi","Amsterdam to Ypres Taxi | Fixed Fare | Pickupr","Book Amsterdam to Ypres Taxi with fixed fare, private door-to-door ride, and direct confirmation for Belgium travel.","https://pickupr.com/amsterdam-to-ypres","noindex, follow","1"
"/amsterdam-to-zaventem-taxi","Amsterdam to Zaventem Taxi | Fixed Fare | Pickupr","Book Amsterdam to Zaventem Taxi with fixed fare, private door-to-door ride, and direct confirmation for Belgium travel.","https://pickupr.com/amsterdam-to-zaventem","noindex, follow","1"
"/belgium-airport-transfer","Belgium Airport Transfer and Private Taxi Service | Pickupr","Reserve Belgium airport transfer rides with private taxi comfort, transparent fixed fares, and direct booking confirmation.","https://pickupr.com/belgium-airport-transfer","index, follow","1"
"/best-vip-chauffeured-worldwide","Best VIP Chauffeured Worldwide Travel Options | Pickupr","Compare best VIP chauffeured worldwide style transfer options with private booking, executive comfort, and fixed fare transparency for premium travel needs.","https://pickupr.com/best-vip-chauffeured-worldwide","index, follow","1"
"/black-car-service-amsterdam","Black Car Service Amsterdam With Private Chauffeur | Pickupr","Book black car service in Amsterdam with private chauffeur comfort, fixed fare pricing, and direct confirmation for corporate transfers, airport pickups, and high-end city travel.","https://pickupr.com/black-car-service-amsterdam","index, follow","1"
"/blog","Pickupr Blog | Schiphol and airport private transfer guides","Read practical guides for Schiphol transfers to cities in the Netherlands, Belgium, France, and Germany.","https://pickupr.com/blog","index, follow","1"
"/blog/schiphol-to-antwerp-private-transfer","Schiphol to Antwerp taxi | Private transfer guide","Traveling from Schiphol to Antwerp? Discover a smooth cross-border private taxi option with fixed-rate planning and door-to-door service.","https://pickupr.com/blog/schiphol-airport-to-antwerp-private-transfer","index, follow","1"
"/blog/schiphol-to-brussels-private-transfer","Schiphol to Brussels private taxi: time, price, and booking","Looking for a reliable Schiphol to Brussels transfer? Learn what affects travel time, how pricing works, and how to book quickly.","https://pickupr.com/blog/schiphol-airport-to-brussels-private-transfer","index, follow","1"
"/blog/schiphol-to-cologne-private-transfer","Schiphol to Cologne taxi: Germany private transfer guide","Planning to travel from Schiphol to Cologne? This guide covers private taxi benefits, route planning, and booking best practices.","https://pickupr.com/blog/schiphol-airport-to-cologne-private-transfer","index, follow","1"
"/blog/schiphol-to-dusseldorf-private-transfer","Schiphol to Dusseldorf taxi | Private transfer guide","Looking for Schiphol to Dusseldorf transport? Compare private taxi advantages and book a reliable direct transfer with confidence.","https://pickupr.com/blog/schiphol-airport-to-dusseldorf-private-transfer","index, follow","1"
"/blog/schiphol-to-eindhoven-private-transfer","Schiphol to Eindhoven taxi | Private transfer guide","Need to travel from Schiphol to Eindhoven? Learn how to book a stress-free long-distance private taxi with transparent pricing and direct service.","https://pickupr.com/blog/schiphol-airport-to-eindhoven-private-transfer","index, follow","1"
"/blog/schiphol-to-frankfurt-private-transfer","Schiphol to Frankfurt taxi | Private transfer guide","Need a long-distance Schiphol to Frankfurt transfer? Use this guide to book a dependable private taxi with transparent pricing and comfort.","https://pickupr.com/blog/schiphol-airport-to-frankfurt-private-transfer","index, follow","1"
"/blog/schiphol-to-lille-private-transfer","Schiphol to Lille taxi | Private transfer guide","Searching for Schiphol to Lille transport? Use this guide to book a direct private taxi with predictable pricing and smooth cross-border travel.","https://pickupr.com/blog/schiphol-airport-to-lille-private-transfer","index, follow","1"
"/blog/schiphol-to-paris-private-transfer","Schiphol to Paris taxi | Private transfer guide","Need a Schiphol to Paris private transfer? Learn how to plan a comfortable long-distance taxi ride with fixed-rate booking confidence.","https://pickupr.com/blog/schiphol-airport-to-paris-private-transfer","index, follow","1"
"/blog/schiphol-to-rotterdam-private-transfer","Schiphol to Rotterdam taxi | Private transfer guide","Planning a Schiphol to Rotterdam transfer? Compare practical route options and learn how to secure a reliable private taxi with fixed pricing.","https://pickupr.com/blog/schiphol-airport-to-rotterdam-private-transfer","index, follow","1"
"/blog/schiphol-to-utrecht-private-transfer","Schiphol to Utrecht taxi | Private transfer guide","Need a reliable Schiphol to Utrecht transfer? Discover travel time expectations, pricing factors, and booking steps for a smooth private taxi ride.","https://pickupr.com/blog/schiphol-airport-to-utrecht-private-transfer","index, follow","1"
"/blog/taxi-amsterdam-airport","Taxi Amsterdam Airport | Private transfer guide","Need a taxi Amsterdam Airport transfer? Compare private taxi options, travel times, booking tips, and what to expect on arrival.","https://pickupr.com/blog/taxi-amsterdam-airport","index, follow","1"
"/blog/taxi-eindhoven-airport","Taxi Eindhoven Airport: Book a fast private airport transfer","Looking for Taxi Eindhoven Airport service? Learn private transfer options, expected travel times, and how to book with confidence.","https://pickupr.com/blog/taxi-eindhoven-airport","index, follow","1"
"/blog/taxi-rotterdam-airport","Taxi Rotterdam Airport | Private transfer guide","Need Taxi Rotterdam Airport service? This guide explains private transfer choices, booking steps, and route planning for travelers.","https://pickupr.com/blog/taxi-rotterdam-airport","index, follow","1"
"/blog/taxi-rotterdam-the-haque-airport","Taxi Rotterdam The Hague Airport | Transfer guide","Need Taxi Rotterdam The Haque Airport service? Learn how to book a private taxi with better reliability and smoother pickup.","https://pickupr.com/blog/taxi-rotterdam-the-haque-airport","index, follow","1"
"/blog/taxi-the-haque-airport","Taxi The Haque Airport: Private taxi booking tips","Searching Taxi The Haque Airport? Find private transfer advice, booking tips, and practical airport pickup guidance.","https://pickupr.com/blog/taxi-the-haque-airport","index, follow","1"
"/book-airport-taxi-netherlands","Book Airport Taxi Netherlands | Pickupr","Book Book Airport Taxi Netherlands with private transfer, direct confirmation, and clear fixed-fare details from Pickupr.","https://pickupr.com/book-airport-taxi-netherlands","index, follow","1"
"/business-airport-transfer","Business Airport Transfer Service Netherlands | Pickupr","Arrange a business airport transfer in the Netherlands with a private chauffeur, fixed fare confirmation, and reliable pickup planning for meetings, flights, and executive schedules.","https://pickupr.com/business-airport-transfer","index, follow","1"
"/business-chauffeur-hire","Business Chauffeur Hire for Executive Transport | Pickupr","Arrange business chauffeur hire for meetings, roadshows, and airport schedules with punctual service, fixed fare pricing, and direct booking confirmation.","https://pickupr.com/business-chauffeur-hire","index, follow","1"
"/business-taxi-netherlands","Business Taxi Netherlands for Executive Travel | Pickupr","Reserve business taxi Netherlands service for executive meetings, airport runs, and private corporate transfers with fixed fares.","https://pickupr.com/business-taxi-netherlands","index, follow","1"
"/chauffeur-service-amsterdam","Chauffeur Service Amsterdam for VIP Travel | Pickupr","Reserve chauffeur service in Amsterdam with executive vehicles, fixed fare confirmation, and professional private drivers for business meetings, airport rides, and premium city transport.","https://pickupr.com/chauffeur-service-amsterdam","index, follow","1"
"/corporate-airport-transfer","Corporate Airport Transfer With Private Driver | Pickupr","Arrange a corporate airport transfer with private chauffeur service, fixed fare visibility, and punctual pickup coordination for executives, teams, and important client arrivals.","https://pickupr.com/corporate-airport-transfer","index, follow","1"
"/cross-border-airport-taxi","Cross Border Airport Taxi Across Benelux | Pickupr","Reserve a cross-border airport taxi across the Netherlands, Belgium, and nearby hubs with fixed fare clarity, direct booking confirmation, and private chauffeur comfort door to door.","https://pickupr.com/cross-border-airport-taxi","index, follow","1"
"/cross-border-taxi","Cross Border Taxi Transfers in Europe | Pickupr","Book Cross Border Taxi with private transfer, direct confirmation, and clear fixed-fare details from Pickupr.","https://pickupr.com/cross-border-taxi","index, follow","1"
"/destinations","All Transfer Destinations | Pickupr","Browse all Pickupr airport transfer destinations and route pages across the Netherlands, Belgium, Germany, and France.","https://pickupr.com/destinations","index,follow","1"
"/door-to-door-airport-transfer","Door to Door Airport Transfer | Pickupr","Book Door to Door Airport Transfer with private transfer, direct confirmation, and clear fixed-fare details from Pickupr.","https://pickupr.com/door-to-door-airport-transfer","index, follow","1"
"/drivers","Driver Partner Program and Standards | Pickupr","Learn about Pickupr chauffeur quality standards and driver operations.","https://pickupr.com/drivers","index, follow","1"
"/dutch-airport-taxi","Dutch Airport Taxi and Schiphol Transfers | Pickupr","Book Dutch Airport Taxi with private transfer, direct confirmation, and clear fixed-fare details from Pickupr.","https://pickupr.com/dutch-airport-taxi","index, follow","1"
"/eindhoven-airport-taxi","Eindhoven Airport Taxi with Private Pickup | Pickupr","Book Eindhoven Airport taxi service with private pickup, fixed-fare transparency, and direct online confirmation for smooth travel days.","https://pickupr.com/eindhoven-airport-taxi","index, follow","1"
"/eindhoven-airport-transfer","Eindhoven Airport Private Transfer Service | Pickupr","Book an Eindhoven airport private transfer with fixed fare clarity, direct confirmation, and dependable pickup timing for departures, arrivals, and business travel schedules.","https://pickupr.com/eindhoven-airport-transfer","index, follow","1"
"/eindhoven-to-brussels-taxi","Eindhoven to Brussels Private Taxi Transfer | Pickupr","Book a private taxi transfer from Eindhoven to Brussels with fixed pricing, direct confirmation, and a comfortable chauffeur ride for corporate travel, meetings, or airport connections.","https://pickupr.com/eindhoven-to-brussels-taxi","index, follow","1"
"/eindhoven-to-dusseldorf-taxi","Eindhoven to Dusseldorf Taxi | Pickupr","Book Eindhoven to Dusseldorf Taxi with private transfer, direct confirmation, and clear fixed-fare details from Pickupr.","https://pickupr.com/eindhoven-to-dusseldorf-taxi","index, follow","1"
"/eindhoven-to-paris-taxi","Eindhoven to Paris Taxi Private Transfer Service | Pickupr","Book Eindhoven to Paris taxi with private long-distance transfer, fixed-fare transparency, and direct online confirmation.","https://pickupr.com/eindhoven-to-paris-taxi","index, follow","1"
"/europe-taxi-transfer","Europe Taxi Transfer and Cross-Border Chauffeur | Pickupr","Reserve Europe taxi transfer routes with private chauffeur service, cross-border planning, and fixed-fare clarity for long-distance travel.","https://pickupr.com/europe-taxi-transfer","index, follow","1"
"/european-airport-transfer","European Airport Transfer With Private Driver | Pickupr","Arrange a European airport transfer with a private driver, fixed fare transparency, and direct confirmation for cross-border flights, city arrivals, and scheduled business journeys.","https://pickupr.com/european-airport-transfer","index, follow","1"
"/executive-airport-transfer","Executive Airport Transfer for Business Travel | Pickupr","Book an executive airport transfer for business travel with private chauffeur service, fixed fare visibility, and punctual pickups tailored to flights, meetings, and VIP schedules.","https://pickupr.com/executive-airport-transfer","index, follow","1"
"/executive-chauffeur-netherlands","Executive Chauffeur Netherlands | Pickupr","Book Executive Chauffeur Netherlands with private transfer, direct confirmation, and clear fixed-fare details from Pickupr.","https://pickupr.com/executive-chauffeur-netherlands","index, follow","1"
"/executive-taxi-netherlands","Executive Taxi Netherlands for Business Trips | Pickupr","Reserve executive taxi service in the Netherlands with private chauffeur comfort, fixed fare confirmation, and reliable scheduling for board meetings, airports, and VIP itineraries.","https://pickupr.com/executive-taxi-netherlands","index, follow","1"
"/france-airport-transfer","France Airport Transfer with Private Chauffeur | Pickupr","Reserve France airport transfer routes with private chauffeur support, transparent fixed pricing, and direct booking confirmation.","https://pickupr.com/france-airport-transfer","index, follow","1"
"/germany-airport-transfer","Germany Airport Transfer and Cross-Border Taxi | Pickupr","Book Germany airport transfer routes with cross-border private taxi service, fixed-fare visibility, and instant confirmation.","https://pickupr.com/germany-airport-transfer","index, follow","1"
"/hourly","Pickupr Hourly Chauffeur | Flexible hourly rides","Book an hourly chauffeur for meetings, city rides, and flexible travel plans.","https://pickupr.com/hourly","index, follow","1"
"/","Schiphol Transfers and Private Chauffeurs NL | Pickupr","Book fixed-price Schiphol transfers and private chauffeurs across the Netherlands and nearby countries with meet-and-greet service and English-speaking drivers.","https://pickupr.com/","index, follow","1"
"/international-airport-transfer","International Airport Transfer | Pickupr","Book International Airport Transfer with private transfer, direct confirmation, and clear fixed-fare details from Pickupr.","https://pickupr.com/international-airport-transfer","index, follow","1"
"/international-chauffeur-service","International Chauffeur Service | Pickupr","Book International Chauffeur Service with private transfer, direct confirmation, and clear fixed-fare details from Pickupr.","https://pickupr.com/international-chauffeur-service","index, follow","1"
"/international-taxi-service","International Taxi Service for Europe Routes | Pickupr","Book an international taxi service for Europe routes with private chauffeur comfort, fixed fare transparency, and direct confirmation for business travel, airport pickups, and long-distance trips.","https://pickupr.com/international-taxi-service","index, follow","1"
"/long-distance-taxi","Long Distance Taxi and Intercity Transfers | Pickupr","Book Long Distance Taxi with private transfer, direct confirmation, and clear fixed-fare details from Pickupr.","https://pickupr.com/long-distance-taxi","index, follow","1"
"/luxury-airport-taxi","Luxury Airport Taxi and Executive Chauffeur | Pickupr","Book Luxury Airport Taxi with private transfer, direct confirmation, and clear fixed-fare details from Pickupr.","https://pickupr.com/luxury-airport-taxi","index, follow","1"
"/luxury-airport-transfer-netherlands","Luxury Airport Transfer Netherlands | Pickupr","Book Luxury Airport Transfer Netherlands with private transfer, direct confirmation, and clear fixed-fare details from Pickupr.","https://pickupr.com/luxury-airport-transfer-netherlands","index, follow","1"
"/luxury-taxi-amsterdam","Luxury Taxi Amsterdam for Executive Travel | Pickupr","Book a luxury taxi in Amsterdam for executive transfers, airport rides, and premium private travel with direct online confirmation.","https://pickupr.com/luxury-taxi-amsterdam","index, follow","1"
"/meet-and-greet-airport-service","Meet and Greet Airport Service | Pickupr","Book Meet and Greet Airport Service with private transfer, direct confirmation, and clear fixed-fare details from Pickupr.","https://pickupr.com/meet-and-greet-airport-service","index, follow","1"
"/netherlands-airport-transfer","Netherlands Airport Transfer | Pickupr","Book Netherlands Airport Transfer with private transfer, direct confirmation, and clear fixed-fare details from Pickupr.","https://pickupr.com/netherlands-airport-transfer","index, follow","1"
"/netherlands-to-belgium-taxi","Netherlands to Belgium Private Taxi Transfer | Pickupr","Book a private taxi transfer from the Netherlands to Belgium with fixed fare transparency, direct confirmation, and smooth cross-border travel for airports, meetings, or hotels.","https://pickupr.com/netherlands-to-belgium-taxi","index, follow","1"
"/netherlands-to-france-taxi","Netherlands to France Private Taxi Transfer | Pickupr","Book a private taxi transfer from the Netherlands to France with fixed pricing, direct confirmation, and a comfortable long-distance chauffeur journey for business or leisure travel.","https://pickupr.com/netherlands-to-france-taxi","index, follow","1"
"/netherlands-to-germany-taxi","Netherlands to Germany Private Taxi Transfer | Pickupr","Book a private taxi transfer from the Netherlands to Germany with fixed fare pricing, direct confirmation, and comfortable cross-border service for business and leisure travel.","https://pickupr.com/netherlands-to-germany-taxi","index, follow","1"
"/personal-chauffeur","Personal Chauffeur Service for Airport and Business Travel | Pickupr","Book a personal chauffeur for airport pickups, client meetings, and city travel with reliable scheduling, private comfort, and transparent fixed fares.","https://pickupr.com/personal-chauffeur","index, follow","1"
"/personal-driver-service","Personal Driver Service for Flexible Daily Travel | Pickupr","Book a personal driver service for appointments, airport transfers, and city mobility with private comfort, clear fares, and reliable pickup timing.","https://pickupr.com/personal-driver-service","index, follow","1"
"/personal-drivers-for-hire","Personal Drivers for Hire With Private Transfer Comfort | Pickupr","Find personal drivers for hire for one-way rides, return journeys, and airport trips with fixed fare confirmation and smooth private transport planning.","https://pickupr.com/personal-drivers-for-hire","index, follow","1"
"/premium-taxi-service","Premium Taxi Service for Airport and Business | Pickupr","Book premium taxi service for executive meetings, airport pickups, and private city travel with transparent pricing and direct confirmation.","https://pickupr.com/premium-taxi-service","index, follow","1"
"/privacy-policy","Privacy Policy and Data Protection | Pickupr","Read how Pickupr processes and protects customer data for booking, support, and service operations.","https://pickupr.com/privacy-policy","index, follow","2"
"/private-airport-transfer","Private Airport Transfer with Chauffeur Service | Pickupr","Book private airport transfer with chauffeur service, direct online confirmation, and fixed-fare pricing for stress-free travel.","https://pickupr.com/private-airport-transfer","index, follow","1"
"/private-chauffeur","Private Chauffeur Booking With Fixed Fare Service | Pickupr","Arrange private chauffeur booking for airport transfers, day schedules, and executive rides with direct confirmation and transparent fixed fare pricing.","https://pickupr.com/private-chauffeur","index, follow","1"
"/private-chauffeur-service","Private Chauffeur Service for Airport and City Travel | Pickupr","Book private chauffeur service with discreet pickup, fixed fare clarity, and direct confirmation for airport transfers, business trips, and premium city travel.","https://pickupr.com/private-chauffeur-service","index, follow","1"
"/private-driver-services","Private Driver Services With Fixed Fare Booking | Pickupr","Reserve private driver services for airport rides, executive meetings, and daily transfers with fixed fare transparency and professional chauffeur support.","https://pickupr.com/private-driver-services","index, follow","1"
"/private-long-distance-taxi","Private Long Distance Taxi With Fixed Fare | Pickupr","Book a private long-distance taxi with fixed fare transparency, direct confirmation, and comfortable chauffeur service for cross-city, cross-border, and airport-connected journeys.","https://pickupr.com/private-long-distance-taxi","index, follow","1"
"/private-taxi-amsterdam-airport","Private Taxi Amsterdam Airport | Pickupr","Book Private Taxi Amsterdam Airport with private transfer, direct confirmation, and clear fixed-fare details from Pickupr.","https://pickupr.com/private-taxi-amsterdam-airport","index, follow","1"
"/rotterdam-airport-taxi","Rotterdam Airport Taxi and Chauffeur Transfer | Pickupr","Reserve Rotterdam Airport taxi and chauffeur transfer service with fixed pricing, private rides, and direct booking confirmation.","https://pickupr.com/rotterdam-airport-taxi","index, follow","1"
"/rotterdam-the-hague-airport-taxi","Rotterdam The Hague Airport Taxi | Pickupr","Book Rotterdam The Hague Airport Taxi with private transfer, direct confirmation, and clear fixed-fare details from Pickupr.","https://pickupr.com/rotterdam-the-hague-airport-taxi","index, follow","1"
"/rotterdam-to-antwerp-taxi","Rotterdam to Antwerp Private Taxi Transfer | Pickupr","Book a private taxi transfer from Rotterdam to Antwerp with fixed pricing, direct confirmation, and a comfortable cross-border ride for business trips, airport pickups, or city travel.","https://pickupr.com/rotterdam-to-antwerp-taxi","index, follow","1"
"/rotterdam-to-dusseldorf-taxi","Rotterdam to Dusseldorf Taxi | Pickupr","Book Rotterdam to Dusseldorf Taxi with private transfer, direct confirmation, and clear fixed-fare details from Pickupr.","https://pickupr.com/rotterdam-to-dusseldorf-taxi","index, follow","1"
"/rotterdam-to-paris-taxi","Rotterdam to Paris Taxi Private Transfer Service | Pickupr","Book Rotterdam to Paris taxi with private long-distance transfer, fixed-fare clarity, and direct online reservation confirmation.","https://pickupr.com/rotterdam-to-paris-taxi","index, follow","1"
"/routes","All Transfer Routes and Destination Pages | Pickupr","Complete route index for Pickupr including all city destinations and airport transfer keyword pages.","https://pickupr.com/routes","noindex,follow","1"
"/schiphol-airport-taxi","Schiphol Airport Taxi and Private Transfer Service | Pickupr","Book Schiphol Airport taxi and private transfer service with flight tracking, fixed pricing, and instant confirmation for arrivals and departures.","https://pickupr.com/schiphol-airport-taxi","index, follow","1"
"/schiphol-airport-to-aachen-taxi","Schiphol Airport to Aachen Taxi | Pickupr","Book Schiphol Airport to Aachen Taxi with private transfer, direct confirmation, and clear fixed-fare details from Pickupr.","https://pickupr.com/schiphol-airport-to-aachen-taxi","index, follow","1"
"/schiphol-airport-to-aalen-taxi","Schiphol Airport to Aalen Taxi | Pickupr","Book Schiphol Airport to Aalen Taxi with private transfer, direct confirmation, and clear fixed-fare details from Pickupr.","https://pickupr.com/schiphol-airport-to-aalen-taxi","index, follow","1"
"/schiphol-airport-to-aalsmeer-taxi","Schiphol Airport to Aalsmeer Taxi | Pickupr","Book Schiphol Airport to Aalsmeer Taxi with private transfer, direct confirmation, and clear fixed-fare details from Pickupr.","https://pickupr.com/schiphol-to-aalsmeer","noindex, follow","1"
"/schiphol-airport-to-aalst-taxi","Schiphol Airport to Aalst Taxi | Pickupr","Book Schiphol Airport to Aalst Taxi with private transfer, direct confirmation, and clear fixed-fare details from Pickupr.","https://pickupr.com/schiphol-airport-to-aalst-taxi","index, follow","1"
"/schiphol-airport-to-aarschot-taxi","Schiphol Airport to Aarschot Taxi | Pickupr","Book Schiphol Airport to Aarschot Taxi with private transfer, direct confirmation, and clear fixed-fare details from Pickupr.","https://pickupr.com/schiphol-airport-to-aarschot-taxi","index, follow","1"
"/schiphol-airport-to-agen-taxi","Schiphol Airport to Agen Taxi | Pickupr","Book Schiphol Airport to Agen Taxi with private transfer, direct confirmation, and clear fixed-fare details from Pickupr.","https://pickupr.com/schiphol-airport-to-agen-taxi","index, follow","1"
"/schiphol-airport-to-aix-en-provence-taxi","Schiphol Airport to Aix-en-Provence Taxi | Pickupr","Book Schiphol Airport to Aix-en-Provence Taxi with private transfer, direct confirmation, and clear fixed-fare details from Pickupr.","https://pickupr.com/schiphol-airport-to-aix-en-provence-taxi","index, follow","1"
"/schiphol-airport-to-ajaccio-taxi","Schiphol Airport to Ajaccio Taxi | Pickupr","Book Schiphol Airport to Ajaccio Taxi with private transfer, direct confirmation, and clear fixed-fare details from Pickupr.","https://pickupr.com/schiphol-airport-to-ajaccio-taxi","index, follow","1"
"/schiphol-airport-to-albi-taxi","Schiphol Airport to Albi Taxi | Pickupr","Book Schiphol Airport to Albi Taxi with private transfer, direct confirmation, and clear fixed-fare details from Pickupr.","https://pickupr.com/schiphol-airport-to-albi-taxi","index, follow","1"
"/schiphol-airport-to-alkmaar-taxi","Schiphol Airport to Alkmaar Taxi | Pickupr","Book Schiphol Airport to Alkmaar Taxi with private transfer, direct confirmation, and clear fixed-fare details from Pickupr.","https://pickupr.com/schiphol-to-alkmaar","noindex, follow","1"
"/schiphol-airport-to-almere-taxi","Schiphol Airport to Almere Taxi | Pickupr","Book Schiphol Airport to Almere Taxi with private transfer, direct confirmation, and clear fixed-fare details from Pickupr.","https://pickupr.com/schiphol-to-almere","noindex, follow","1"
"/schiphol-airport-to-alphen-aan-den-rijn-taxi","Schiphol Airport to Alphen aan den Rijn Taxi | Pickupr","Book Schiphol Airport to Alphen aan den Rijn Taxi with private transfer, direct confirmation, and clear fixed-fare details from Pickupr.","https://pickupr.com/schiphol-to-alphen-aan-den-rijn","noindex, follow","1"
"/schiphol-airport-to-amersfoort-taxi","Schiphol Airport to Amersfoort Taxi | Pickupr","Book Schiphol Airport to Amersfoort Taxi with private transfer, direct confirmation, and clear fixed-fare details from Pickupr.","https://pickupr.com/schiphol-to-amersfoort","noindex, follow","1"
"/schiphol-airport-to-amiens-taxi","Schiphol Airport to Amiens Taxi | Pickupr","Book Schiphol Airport to Amiens Taxi with private transfer, direct confirmation, and clear fixed-fare details from Pickupr.","https://pickupr.com/schiphol-airport-to-amiens-taxi","index, follow","1"
"/schiphol-airport-to-amstelveen-taxi","Schiphol Airport to Amstelveen Taxi | Pickupr","Book Schiphol Airport to Amstelveen Taxi with private transfer, direct confirmation, and clear fixed-fare details from Pickupr.","https://pickupr.com/schiphol-to-amstelveen","noindex, follow","1"
"/schiphol-airport-to-amsterdam-taxi","Schiphol Airport to Amsterdam Taxi | Pickupr","Book Schiphol Airport to Amsterdam Taxi with private transfer, direct confirmation, and clear fixed-fare details from Pickupr.","https://pickupr.com/schiphol-to-amsterdam","noindex, follow","1"
"/schiphol-airport-to-andenne-taxi","Schiphol Airport to Andenne Taxi | Pickupr","Book Schiphol Airport to Andenne Taxi with private transfer, direct confirmation, and clear fixed-fare details from Pickupr.","https://pickupr.com/schiphol-airport-to-andenne-taxi","index, follow","1"
"/schiphol-airport-to-angers-taxi","Schiphol Airport to Angers Taxi | Pickupr","Book Schiphol Airport to Angers Taxi with private transfer, direct confirmation, and clear fixed-fare details from Pickupr.","https://pickupr.com/schiphol-airport-to-angers-taxi","index, follow","1"
"/schiphol-airport-to-annecy-taxi","Schiphol Airport to Annecy Taxi | Pickupr","Book Schiphol Airport to Annecy Taxi with private transfer, direct confirmation, and clear fixed-fare details from Pickupr.","https://pickupr.com/schiphol-airport-to-annecy-taxi","index, follow","1"
"/schiphol-airport-to-antibes-taxi","Schiphol Airport to Antibes Taxi | Pickupr","Book Schiphol Airport to Antibes Taxi with private transfer, direct confirmation, and clear fixed-fare details from Pickupr.","https://pickupr.com/schiphol-airport-to-antibes-taxi","index, follow","1"
"/schiphol-airport-to-antwerp-taxi","Schiphol Airport to Antwerp Taxi | Pickupr","Book Schiphol Airport to Antwerp Taxi with private transfer, direct confirmation, and clear fixed-fare details from Pickupr.","https://pickupr.com/schiphol-airport-to-antwerp-taxi","index, follow","1"
"/schiphol-airport-to-apeldoorn-taxi","Schiphol Airport to Apeldoorn Taxi | Pickupr","Book Schiphol Airport to Apeldoorn Taxi with private transfer, direct confirmation, and clear fixed-fare details from Pickupr.","https://pickupr.com/schiphol-to-apeldoorn","noindex, follow","1"
"/schiphol-airport-to-argenteuil-taxi","Schiphol Airport to Argenteuil Taxi | Pickupr","Book Schiphol Airport to Argenteuil Taxi with private transfer, direct confirmation, and clear fixed-fare details from Pickupr.","https://pickupr.com/schiphol-airport-to-argenteuil-taxi","index, follow","1"
"/schiphol-airport-to-arles-taxi","Schiphol Airport to Arles Taxi | Pickupr","Book Schiphol Airport to Arles Taxi with private transfer, direct confirmation, and clear fixed-fare details from Pickupr.","https://pickupr.com/schiphol-airport-to-arles-taxi","index, follow","1"
"/schiphol-airport-to-arlon-taxi","Schiphol Airport to Arlon Taxi | Pickupr","Book Schiphol Airport to Arlon Taxi with private transfer, direct confirmation, and clear fixed-fare details from Pickupr.","https://pickupr.com/schiphol-airport-to-arlon-taxi","index, follow","1"
"/schiphol-airport-to-arnhem-taxi","Schiphol Airport to Arnhem Taxi | Pickupr","Book Schiphol Airport to Arnhem Taxi with private transfer, direct confirmation, and clear fixed-fare details from Pickupr.","https://pickupr.com/schiphol-to-arnhem","noindex, follow","1"
"/schiphol-airport-to-assen-taxi","Schiphol Airport to Assen Taxi | Pickupr","Book Schiphol Airport to Assen Taxi with private transfer, direct confirmation, and clear fixed-fare details from Pickupr.","https://pickupr.com/schiphol-to-assen","noindex, follow","1"
"/schiphol-airport-to-audenarde-taxi","Schiphol Airport to Audenarde Taxi | Pickupr","Book Schiphol Airport to Audenarde Taxi with private transfer, direct confirmation, and clear fixed-fare details from Pickupr.","https://pickupr.com/schiphol-airport-to-audenarde-taxi","index, follow","1"
"/schiphol-airport-to-augsburg-taxi","Schiphol Airport to Augsburg Taxi | Pickupr","Book Schiphol Airport to Augsburg Taxi with private transfer, direct confirmation, and clear fixed-fare details from Pickupr.","https://pickupr.com/schiphol-airport-to-augsburg-taxi","index, follow","1"
"/schiphol-airport-to-avignon-taxi","Schiphol Airport to Avignon Taxi | Pickupr","Book Schiphol Airport to Avignon Taxi with private transfer, direct confirmation, and clear fixed-fare details from Pickupr.","https://pickupr.com/schiphol-airport-to-avignon-taxi","index, follow","1"
"/schiphol-airport-to-bamberg-taxi","Schiphol Airport to Bamberg Taxi | Pickupr","Book Schiphol Airport to Bamberg Taxi with private transfer, direct confirmation, and clear fixed-fare details from Pickupr.","https://pickupr.com/schiphol-airport-to-bamberg-taxi","index, follow","1"
"/schiphol-airport-to-barneveld-taxi","Schiphol Airport to Barneveld Taxi | Pickupr","Book Schiphol Airport to Barneveld Taxi with private transfer, direct confirmation, and clear fixed-fare details from Pickupr.","https://pickupr.com/schiphol-to-barneveld","noindex, follow","1"
"/schiphol-airport-to-bastia-taxi","Schiphol Airport to Bastia Taxi | Pickupr","Book Schiphol Airport to Bastia Taxi with private transfer, direct confirmation, and clear fixed-fare details from Pickupr.","https://pickupr.com/schiphol-airport-to-bastia-taxi","index, follow","1"
"/schiphol-airport-to-bastogne-taxi","Schiphol Airport to Bastogne Taxi | Pickupr","Book Schiphol Airport to Bastogne Taxi with private transfer, direct confirmation, and clear fixed-fare details from Pickupr.","https://pickupr.com/schiphol-airport-to-bastogne-taxi","index, follow","1"
"/schiphol-airport-to-bayonne-taxi","Schiphol Airport to Bayonne Taxi | Pickupr","Book Schiphol Airport to Bayonne Taxi with private transfer, direct confirmation, and clear fixed-fare details from Pickupr.","https://pickupr.com/schiphol-airport-to-bayonne-taxi","index, follow","1"
"/schiphol-airport-to-bayreuth-taxi","Schiphol Airport to Bayreuth Taxi | Pickupr","Book Schiphol Airport to Bayreuth Taxi with private transfer, direct confirmation, and clear fixed-fare details from Pickupr.","https://pickupr.com/schiphol-airport-to-bayreuth-taxi","index, follow","1"
"/schiphol-airport-to-bergen-op-zoom-taxi","Schiphol Airport to Bergen op Zoom Taxi | Pickupr","Book Schiphol Airport to Bergen op Zoom Taxi with private transfer, direct confirmation, and clear fixed-fare details from Pickupr.","https://pickupr.com/schiphol-to-bergen-op-zoom","noindex, follow","1"
"/schiphol-airport-to-beringen-taxi","Schiphol Airport to Beringen Taxi | Pickupr","Book Schiphol Airport to Beringen Taxi with private transfer, direct confirmation, and clear fixed-fare details from Pickupr.","https://pickupr.com/schiphol-airport-to-beringen-taxi","index, follow","1"
"/schiphol-airport-to-berlin-taxi","Schiphol Airport to Berlin Taxi | Pickupr","Book Schiphol Airport to Berlin Taxi with private transfer, direct confirmation, and clear fixed-fare details from Pickupr.","https://pickupr.com/schiphol-airport-to-berlin-taxi","index, follow","1"
"/schiphol-airport-to-besancon-taxi","Schiphol Airport to Besancon Taxi | Pickupr","Book Schiphol Airport to Besancon Taxi with private transfer, direct confirmation, and clear fixed-fare details from Pickupr.","https://pickupr.com/schiphol-airport-to-besancon-taxi","index, follow","1"
"/schiphol-airport-to-best-taxi","Schiphol Airport to Best Taxi | Pickupr","Book Schiphol Airport to Best Taxi with private transfer, direct confirmation, and clear fixed-fare details from Pickupr.","https://pickupr.com/schiphol-to-best","noindex, follow","1"
"/schiphol-airport-to-beverwijk-taxi","Schiphol Airport to Beverwijk Taxi | Pickupr","Book Schiphol Airport to Beverwijk Taxi with private transfer, direct confirmation, and clear fixed-fare details from Pickupr.","https://pickupr.com/schiphol-to-beverwijk","noindex, follow","1"
"/schiphol-airport-to-beziers-taxi","Schiphol Airport to Beziers Taxi | Pickupr","Book Schiphol Airport to Beziers Taxi with private transfer, direct confirmation, and clear fixed-fare details from Pickupr.","https://pickupr.com/schiphol-airport-to-beziers-taxi","index, follow","1"
"/schiphol-airport-to-biarritz-taxi","Schiphol Airport to Biarritz Taxi | Pickupr","Book Schiphol Airport to Biarritz Taxi with private transfer, direct confirmation, and clear fixed-fare details from Pickupr.","https://pickupr.com/schiphol-airport-to-biarritz-taxi","index, follow","1"
"/schiphol-airport-to-bielefeld-taxi","Schiphol Airport to Bielefeld Taxi | Pickupr","Book Schiphol Airport to Bielefeld Taxi with private transfer, direct confirmation, and clear fixed-fare details from Pickupr.","https://pickupr.com/schiphol-airport-to-bielefeld-taxi","index, follow","1"
"/schiphol-airport-to-bilzen-taxi","Schiphol Airport to Bilzen Taxi | Pickupr","Book Schiphol Airport to Bilzen Taxi with private transfer, direct confirmation, and clear fixed-fare details from Pickupr.","https://pickupr.com/schiphol-airport-to-bilzen-taxi","index, follow","1"
"/schiphol-airport-to-binche-taxi","Schiphol Airport to Binche Taxi | Pickupr","Book Schiphol Airport to Binche Taxi with private transfer, direct confirmation, and clear fixed-fare details from Pickupr.","https://pickupr.com/schiphol-airport-to-binche-taxi","index, follow","1"
"/schiphol-airport-to-blankenberge-taxi","Schiphol Airport to Blankenberge Taxi | Pickupr","Book Schiphol Airport to Blankenberge Taxi with private transfer, direct confirmation, and clear fixed-fare details from Pickupr.","https://pickupr.com/schiphol-airport-to-blankenberge-taxi","index, follow","1"
"/schiphol-airport-to-blaricum-taxi","Schiphol Airport to Blaricum Taxi | Pickupr","Book Schiphol Airport to Blaricum Taxi with private transfer, direct confirmation, and clear fixed-fare details from Pickupr.","https://pickupr.com/schiphol-to-blaricum","noindex, follow","1"
"/schiphol-airport-to-blois-taxi","Schiphol Airport to Blois Taxi | Pickupr","Book Schiphol Airport to Blois Taxi with private transfer, direct confirmation, and clear fixed-fare details from Pickupr.","https://pickupr.com/schiphol-airport-to-blois-taxi","index, follow","1"
"/schiphol-airport-to-bochum-taxi","Schiphol Airport to Bochum Taxi | Pickupr","Book Schiphol Airport to Bochum Taxi with private transfer, direct confirmation, and clear fixed-fare details from Pickupr.","https://pickupr.com/schiphol-airport-to-bochum-taxi","index, follow","1"
"/schiphol-airport-to-bonn-taxi","Schiphol Airport to Bonn Taxi | Pickupr","Book Schiphol Airport to Bonn Taxi with private transfer, direct confirmation, and clear fixed-fare details from Pickupr.","https://pickupr.com/schiphol-airport-to-bonn-taxi","index, follow","1"
"/schiphol-airport-to-boom-taxi","Schiphol Airport to Boom Taxi | Pickupr","Book Schiphol Airport to Boom Taxi with private transfer, direct confirmation, and clear fixed-fare details from Pickupr.","https://pickupr.com/schiphol-airport-to-boom-taxi","index, follow","1"
"/schiphol-airport-to-bordeaux-taxi","Schiphol Airport to Bordeaux Taxi | Pickupr","Book Schiphol Airport to Bordeaux Taxi with private transfer, direct confirmation, and clear fixed-fare details from Pickupr.","https://pickupr.com/schiphol-airport-to-bordeaux-taxi","index, follow","1"
"/schiphol-airport-to-bottrop-taxi","Schiphol Airport to Bottrop Taxi | Pickupr","Book Schiphol Airport to Bottrop Taxi with private transfer, direct confirmation, and clear fixed-fare details from Pickupr.","https://pickupr.com/schiphol-airport-to-bottrop-taxi","index, follow","1"
"/schiphol-airport-to-bouillon-taxi","Schiphol Airport to Bouillon Taxi | Pickupr","Book Schiphol Airport to Bouillon Taxi with private transfer, direct confirmation, and clear fixed-fare details from Pickupr.","https://pickupr.com/schiphol-airport-to-bouillon-taxi","index, follow","1"
"/schiphol-airport-to-boulogne-billancourt-taxi","Schiphol Airport to Boulogne-Billancourt Taxi | Pickupr","Book Schiphol Airport to Boulogne-Billancourt Taxi with private transfer, direct confirmation, and clear fixed-fare details from Pickupr.","https://pickupr.com/schiphol-airport-to-boulogne-billancourt-taxi","index, follow","1"
"/schiphol-airport-to-bourg-en-bresse-taxi","Schiphol Airport to Bourg-en-Bresse Taxi | Pickupr","Book Schiphol Airport to Bourg-en-Bresse Taxi with private transfer, direct confirmation, and clear fixed-fare details from Pickupr.","https://pickupr.com/schiphol-airport-to-bourg-en-bresse-taxi","index, follow","1"
"/schiphol-airport-to-boxtel-taxi","Schiphol Airport to Boxtel Taxi | Pickupr","Book Schiphol Airport to Boxtel Taxi with private transfer, direct confirmation, and clear fixed-fare details from Pickupr.","https://pickupr.com/schiphol-to-boxtel","noindex, follow","1"
"/schiphol-airport-to-brasschaat-taxi","Schiphol Airport to Brasschaat Taxi | Pickupr","Book Schiphol Airport to Brasschaat Taxi with private transfer, direct confirmation, and clear fixed-fare details from Pickupr.","https://pickupr.com/schiphol-airport-to-brasschaat-taxi","index, follow","1"
"/schiphol-airport-to-braunschweig-taxi","Schiphol Airport to Braunschweig Taxi | Pickupr","Book Schiphol Airport to Braunschweig Taxi with private transfer, direct confirmation, and clear fixed-fare details from Pickupr.","https://pickupr.com/schiphol-airport-to-braunschweig-taxi","index, follow","1"
"/schiphol-airport-to-breda-taxi","Schiphol Airport to Breda Taxi | Pickupr","Book Schiphol Airport to Breda Taxi with private transfer, direct confirmation, and clear fixed-fare details from Pickupr.","https://pickupr.com/schiphol-to-breda","noindex, follow","1"
"/schiphol-airport-to-bremen-taxi","Schiphol Airport to Bremen Taxi | Pickupr","Book Schiphol Airport to Bremen Taxi with private transfer, direct confirmation, and clear fixed-fare details from Pickupr.","https://pickupr.com/schiphol-airport-to-bremen-taxi","index, follow","1"
"/schiphol-airport-to-bremerhaven-taxi","Schiphol Airport to Bremerhaven Taxi | Pickupr","Book Schiphol Airport to Bremerhaven Taxi with private transfer, direct confirmation, and clear fixed-fare details from Pickupr.","https://pickupr.com/schiphol-airport-to-bremerhaven-taxi","index, follow","1"
"/schiphol-airport-to-brest-taxi","Schiphol Airport to Brest Taxi | Pickupr","Book Schiphol Airport to Brest Taxi with private transfer, direct confirmation, and clear fixed-fare details from Pickupr.","https://pickupr.com/schiphol-airport-to-brest-taxi","index, follow","1"
"/schiphol-airport-to-brive-la-gaillarde-taxi","Schiphol Airport to Brive-la-Gaillarde Taxi | Pickupr","Book Schiphol Airport to Brive-la-Gaillarde Taxi with private transfer, direct confirmation, and clear fixed-fare details from Pickupr.","https://pickupr.com/schiphol-airport-to-brive-la-gaillarde-taxi","index, follow","1"
"/schiphol-airport-to-bruges-taxi","Schiphol Airport to Bruges Taxi | Pickupr","Book Schiphol Airport to Bruges Taxi with private transfer, direct confirmation, and clear fixed-fare details from Pickupr.","https://pickupr.com/schiphol-airport-to-bruges-taxi","index, follow","1"
"/schiphol-airport-to-brussels-taxi","Schiphol Airport to Brussels Taxi | Pickupr","Book Schiphol Airport to Brussels Taxi with private transfer, direct confirmation, and clear fixed-fare details from Pickupr.","https://pickupr.com/schiphol-airport-to-brussels-taxi","index, follow","1"
"/schiphol-airport-to-bussum-taxi","Schiphol Airport to Bussum Taxi | Pickupr","Book Schiphol Airport to Bussum Taxi with private transfer, direct confirmation, and clear fixed-fare details from Pickupr.","https://pickupr.com/schiphol-to-bussum","noindex, follow","1"
"/schiphol-airport-to-caen-taxi","Schiphol Airport to Caen Taxi | Pickupr","Book Schiphol Airport to Caen Taxi with private transfer, direct confirmation, and clear fixed-fare details from Pickupr.","https://pickupr.com/schiphol-airport-to-caen-taxi","index, follow","1"
"/schiphol-airport-to-calais-taxi","Schiphol Airport to Calais Taxi | Pickupr","Book Schiphol Airport to Calais Taxi with private transfer, direct confirmation, and clear fixed-fare details from Pickupr.","https://pickupr.com/schiphol-airport-to-calais-taxi","index, follow","1"
"/schiphol-airport-to-cannes-taxi","Schiphol Airport to Cannes Taxi | Pickupr","Book Schiphol Airport to Cannes Taxi with private transfer, direct confirmation, and clear fixed-fare details from Pickupr.","https://pickupr.com/schiphol-airport-to-cannes-taxi","index, follow","1"
"/schiphol-airport-to-capelle-aan-den-ijssel-taxi","Schiphol Airport to Capelle aan den IJssel Taxi | Pickupr","Book Schiphol Airport to Capelle aan den IJssel Taxi with private transfer, direct confirmation, and clear fixed-fare details from Pickupr.","https://pickupr.com/schiphol-to-capelle-aan-den-ijssel","noindex, follow","1"
"/schiphol-airport-to-carcassonne-taxi","Schiphol Airport to Carcassonne Taxi | Pickupr","Book Schiphol Airport to Carcassonne Taxi with private transfer, direct confirmation, and clear fixed-fare details from Pickupr.","https://pickupr.com/schiphol-airport-to-carcassonne-taxi","index, follow","1"
"/schiphol-airport-to-chalon-sur-saone-taxi","Schiphol Airport to Chalon-sur-Saone Taxi | Pickupr","Book Schiphol Airport to Chalon-sur-Saone Taxi with private transfer, direct confirmation, and clear fixed-fare details from Pickupr.","https://pickupr.com/schiphol-airport-to-chalon-sur-saone-taxi","index, follow","1"
"/schiphol-airport-to-chambery-taxi","Schiphol Airport to Chambery Taxi | Pickupr","Book Schiphol Airport to Chambery Taxi with private transfer, direct confirmation, and clear fixed-fare details from Pickupr.","https://pickupr.com/schiphol-airport-to-chambery-taxi","index, follow","1"
"/schiphol-airport-to-charleroi-taxi","Schiphol Airport to Charleroi Taxi | Pickupr","Book Schiphol Airport to Charleroi Taxi with private transfer, direct confirmation, and clear fixed-fare details from Pickupr.","https://pickupr.com/schiphol-airport-to-charleroi-taxi","index, follow","1"
"/schiphol-airport-to-chartres-taxi","Schiphol Airport to Chartres Taxi | Pickupr","Book Schiphol Airport to Chartres Taxi with private transfer, direct confirmation, and clear fixed-fare details from Pickupr.","https://pickupr.com/schiphol-airport-to-chartres-taxi","index, follow","1"
"/schiphol-airport-to-chemnitz-taxi","Schiphol Airport to Chemnitz Taxi | Pickupr","Book Schiphol Airport to Chemnitz Taxi with private transfer, direct confirmation, and clear fixed-fare details from Pickupr.","https://pickupr.com/schiphol-airport-to-chemnitz-taxi","index, follow","1"
"/schiphol-airport-to-cherbourg-taxi","Schiphol Airport to Cherbourg Taxi | Pickupr","Book Schiphol Airport to Cherbourg Taxi with private transfer, direct confirmation, and clear fixed-fare details from Pickupr.","https://pickupr.com/schiphol-airport-to-cherbourg-taxi","index, follow","1"
"/schiphol-airport-to-cholet-taxi","Schiphol Airport to Cholet Taxi | Pickupr","Book Schiphol Airport to Cholet Taxi with private transfer, direct confirmation, and clear fixed-fare details from Pickupr.","https://pickupr.com/schiphol-airport-to-cholet-taxi","index, follow","1"
"/schiphol-airport-to-clermont-ferrand-taxi","Schiphol Airport to Clermont-Ferrand Taxi | Pickupr","Book Schiphol Airport to Clermont-Ferrand Taxi with private transfer, direct confirmation, and clear fixed-fare details from Pickupr.","https://pickupr.com/schiphol-airport-to-clermont-ferrand-taxi","index, follow","1"
"/schiphol-airport-to-coevorden-taxi","Schiphol Airport to Coevorden Taxi | Pickupr","Book Schiphol Airport to Coevorden Taxi with private transfer, direct confirmation, and clear fixed-fare details from Pickupr.","https://pickupr.com/schiphol-to-coevorden","noindex, follow","1"
"/schiphol-airport-to-colmar-taxi","Schiphol Airport to Colmar Taxi | Pickupr","Book Schiphol Airport to Colmar Taxi with private transfer, direct confirmation, and clear fixed-fare details from Pickupr.","https://pickupr.com/schiphol-airport-to-colmar-taxi","index, follow","1"
"/schiphol-airport-to-cologne-taxi","Schiphol Airport to Cologne Taxi | Pickupr","Book Schiphol Airport to Cologne Taxi with private transfer, direct confirmation, and clear fixed-fare details from Pickupr.","https://pickupr.com/schiphol-airport-to-cologne-taxi","index, follow","1"
"/schiphol-airport-to-cottbus-taxi","Schiphol Airport to Cottbus Taxi | Pickupr","Book Schiphol Airport to Cottbus Taxi with private transfer, direct confirmation, and clear fixed-fare details from Pickupr.","https://pickupr.com/schiphol-airport-to-cottbus-taxi","index, follow","1"
"/schiphol-airport-to-darmstadt-taxi","Schiphol Airport to Darmstadt Taxi | Pickupr","Book Schiphol Airport to Darmstadt Taxi with private transfer, direct confirmation, and clear fixed-fare details from Pickupr.","https://pickupr.com/schiphol-airport-to-darmstadt-taxi","index, follow","1"
"/schiphol-airport-to-deinze-taxi","Schiphol Airport to Deinze Taxi | Pickupr","Book Schiphol Airport to Deinze Taxi with private transfer, direct confirmation, and clear fixed-fare details from Pickupr.","https://pickupr.com/schiphol-airport-to-deinze-taxi","index, follow","1"
"/schiphol-airport-to-delft-taxi","Schiphol Airport to Delft Taxi | Pickupr","Book Schiphol Airport to Delft Taxi with private transfer, direct confirmation, and clear fixed-fare details from Pickupr.","https://pickupr.com/schiphol-to-delft","noindex, follow","1"
"/schiphol-airport-to-den-helder-taxi","Schiphol Airport to Den Helder Taxi | Pickupr","Book Schiphol Airport to Den Helder Taxi with private transfer, direct confirmation, and clear fixed-fare details from Pickupr.","https://pickupr.com/schiphol-to-den-helder","noindex, follow","1"
"/schiphol-airport-to-dendermonde-taxi","Schiphol Airport to Dendermonde Taxi | Pickupr","Book Schiphol Airport to Dendermonde Taxi with private transfer, direct confirmation, and clear fixed-fare details from Pickupr.","https://pickupr.com/schiphol-airport-to-dendermonde-taxi","index, follow","1"
"/schiphol-airport-to-deventer-taxi","Schiphol Airport to Deventer Taxi | Pickupr","Book Schiphol Airport to Deventer Taxi with private transfer, direct confirmation, and clear fixed-fare details from Pickupr.","https://pickupr.com/schiphol-to-deventer","noindex, follow","1"
"/schiphol-airport-to-diest-taxi","Schiphol Airport to Diest Taxi | Pickupr","Book Schiphol Airport to Diest Taxi with private transfer, direct confirmation, and clear fixed-fare details from Pickupr.","https://pickupr.com/schiphol-airport-to-diest-taxi","index, follow","1"
"/schiphol-airport-to-dijon-taxi","Schiphol Airport to Dijon Taxi | Pickupr","Book Schiphol Airport to Dijon Taxi with private transfer, direct confirmation, and clear fixed-fare details from Pickupr.","https://pickupr.com/schiphol-airport-to-dijon-taxi","index, follow","1"
"/schiphol-airport-to-dinant-taxi","Schiphol Airport to Dinant Taxi | Pickupr","Book Schiphol Airport to Dinant Taxi with private transfer, direct confirmation, and clear fixed-fare details from Pickupr.","https://pickupr.com/schiphol-airport-to-dinant-taxi","index, follow","1"
"/schiphol-airport-to-doetinchem-taxi","Schiphol Airport to Doetinchem Taxi | Pickupr","Book Schiphol Airport to Doetinchem Taxi with private transfer, direct confirmation, and clear fixed-fare details from Pickupr.","https://pickupr.com/schiphol-to-doetinchem","noindex, follow","1"
"/schiphol-airport-to-dordrecht-taxi","Schiphol Airport to Dordrecht Taxi | Pickupr","Book Schiphol Airport to Dordrecht Taxi with private transfer, direct confirmation, and clear fixed-fare details from Pickupr.","https://pickupr.com/schiphol-to-dordrecht","noindex, follow","1"
"/schiphol-airport-to-dortmund-taxi","Schiphol Airport to Dortmund Taxi | Pickupr","Book Schiphol Airport to Dortmund Taxi with private transfer, direct confirmation, and clear fixed-fare details from Pickupr.","https://pickupr.com/schiphol-airport-to-dortmund-taxi","index, follow","1"
"/schiphol-airport-to-drachten-taxi","Schiphol Airport to Drachten Taxi | Pickupr","Book Schiphol Airport to Drachten Taxi with private transfer, direct confirmation, and clear fixed-fare details from Pickupr.","https://pickupr.com/schiphol-to-drachten","noindex, follow","1"
"/schiphol-airport-to-dresden-taxi","Schiphol Airport to Dresden Taxi | Pickupr","Book Schiphol Airport to Dresden Taxi with private transfer, direct confirmation, and clear fixed-fare details from Pickupr.","https://pickupr.com/schiphol-airport-to-dresden-taxi","index, follow","1"
"/schiphol-airport-to-dronten-taxi","Schiphol Airport to Dronten Taxi | Pickupr","Book Schiphol Airport to Dronten Taxi with private transfer, direct confirmation, and clear fixed-fare details from Pickupr.","https://pickupr.com/schiphol-to-dronten","noindex, follow","1"
"/schiphol-airport-to-duisburg-taxi","Schiphol Airport to Duisburg Taxi | Pickupr","Book Schiphol Airport to Duisburg Taxi with private transfer, direct confirmation, and clear fixed-fare details from Pickupr.","https://pickupr.com/schiphol-airport-to-duisburg-taxi","index, follow","1"
"/schiphol-airport-to-dunkerque-taxi","Schiphol Airport to Dunkerque Taxi | Pickupr","Book Schiphol Airport to Dunkerque Taxi with private transfer, direct confirmation, and clear fixed-fare details from Pickupr.","https://pickupr.com/schiphol-airport-to-dunkerque-taxi","index, follow","1"
"/schiphol-airport-to-durbuy-taxi","Schiphol Airport to Durbuy Taxi | Pickupr","Book Schiphol Airport to Durbuy Taxi with private transfer, direct confirmation, and clear fixed-fare details from Pickupr.","https://pickupr.com/schiphol-airport-to-durbuy-taxi","index, follow","1"
"/schiphol-airport-to-dusseldorf-taxi","Schiphol Airport to Dusseldorf Taxi | Pickupr","Book Schiphol Airport to Dusseldorf Taxi with private transfer, direct confirmation, and clear fixed-fare details from Pickupr.","https://pickupr.com/schiphol-airport-to-dusseldorf-taxi","index, follow","1"
"/schiphol-airport-to-ede-taxi","Schiphol Airport to Ede Taxi | Pickupr","Book Schiphol Airport to Ede Taxi with private transfer, direct confirmation, and clear fixed-fare details from Pickupr.","https://pickupr.com/schiphol-to-ede","noindex, follow","1"
"/schiphol-airport-to-eeklo-taxi","Schiphol Airport to Eeklo Taxi | Pickupr","Book Schiphol Airport to Eeklo Taxi with private transfer, direct confirmation, and clear fixed-fare details from Pickupr.","https://pickupr.com/schiphol-airport-to-eeklo-taxi","index, follow","1"
"/schiphol-airport-to-eindhoven-taxi","Schiphol Airport to Eindhoven Taxi | Pickupr","Book Schiphol Airport to Eindhoven Taxi with private transfer, direct confirmation, and clear fixed-fare details from Pickupr.","https://pickupr.com/schiphol-to-eindhoven","noindex, follow","1"
"/schiphol-airport-to-emden-taxi","Schiphol Airport to Emden Taxi | Pickupr","Book Schiphol Airport to Emden Taxi with private transfer, direct confirmation, and clear fixed-fare details from Pickupr.","https://pickupr.com/schiphol-airport-to-emden-taxi","index, follow","1"
"/schiphol-airport-to-emmen-taxi","Schiphol Airport to Emmen Taxi | Pickupr","Book Schiphol Airport to Emmen Taxi with private transfer, direct confirmation, and clear fixed-fare details from Pickupr.","https://pickupr.com/schiphol-to-emmen","noindex, follow","1"
"/schiphol-airport-to-enschede-taxi","Schiphol Airport to Enschede Taxi | Pickupr","Book Schiphol Airport to Enschede Taxi with private transfer, direct confirmation, and clear fixed-fare details from Pickupr.","https://pickupr.com/schiphol-to-enschede","noindex, follow","1"
"/schiphol-airport-to-epinal-taxi","Schiphol Airport to Epinal Taxi | Pickupr","Book Schiphol Airport to Epinal Taxi with private transfer, direct confirmation, and clear fixed-fare details from Pickupr.","https://pickupr.com/schiphol-airport-to-epinal-taxi","index, follow","1"
"/schiphol-airport-to-erfurt-taxi","Schiphol Airport to Erfurt Taxi | Pickupr","Book Schiphol Airport to Erfurt Taxi with private transfer, direct confirmation, and clear fixed-fare details from Pickupr.","https://pickupr.com/schiphol-airport-to-erfurt-taxi","index, follow","1"
"/schiphol-airport-to-erlangen-taxi","Schiphol Airport to Erlangen Taxi | Pickupr","Book Schiphol Airport to Erlangen Taxi with private transfer, direct confirmation, and clear fixed-fare details from Pickupr.","https://pickupr.com/schiphol-airport-to-erlangen-taxi","index, follow","1"
"/schiphol-airport-to-essen-taxi","Schiphol Airport to Essen Taxi | Pickupr","Book Schiphol Airport to Essen Taxi with private transfer, direct confirmation, and clear fixed-fare details from Pickupr.","https://pickupr.com/schiphol-airport-to-essen-taxi","index, follow","1"
"/schiphol-airport-to-eupen-taxi","Schiphol Airport to Eupen Taxi | Pickupr","Book Schiphol Airport to Eupen Taxi with private transfer, direct confirmation, and clear fixed-fare details from Pickupr.","https://pickupr.com/schiphol-airport-to-eupen-taxi","index, follow","1"
"/schiphol-airport-to-flensburg-taxi","Schiphol Airport to Flensburg Taxi | Pickupr","Book Schiphol Airport to Flensburg Taxi with private transfer, direct confirmation, and clear fixed-fare details from Pickupr.","https://pickupr.com/schiphol-airport-to-flensburg-taxi","index, follow","1"
"/schiphol-airport-to-frankfurt-taxi","Schiphol Airport to Frankfurt Taxi | Pickupr","Book Schiphol Airport to Frankfurt Taxi with private transfer, direct confirmation, and clear fixed-fare details from Pickupr.","https://pickupr.com/schiphol-airport-to-frankfurt-taxi","index, follow","1"
"/schiphol-airport-to-freiburg-taxi","Schiphol Airport to Freiburg Taxi | Pickupr","Book Schiphol Airport to Freiburg Taxi with private transfer, direct confirmation, and clear fixed-fare details from Pickupr.","https://pickupr.com/schiphol-airport-to-freiburg-taxi","index, follow","1"
"/schiphol-airport-to-frejus-taxi","Schiphol Airport to Frejus Taxi | Pickupr","Book Schiphol Airport to Frejus Taxi with private transfer, direct confirmation, and clear fixed-fare details from Pickupr.","https://pickupr.com/schiphol-airport-to-frejus-taxi","index, follow","1"
"/schiphol-airport-to-fulda-taxi","Schiphol Airport to Fulda Taxi | Pickupr","Book Schiphol Airport to Fulda Taxi with private transfer, direct confirmation, and clear fixed-fare details from Pickupr.","https://pickupr.com/schiphol-airport-to-fulda-taxi","index, follow","1"
"/schiphol-airport-to-furth-taxi","Schiphol Airport to Furth Taxi | Pickupr","Book Schiphol Airport to Furth Taxi with private transfer, direct confirmation, and clear fixed-fare details from Pickupr.","https://pickupr.com/schiphol-airport-to-furth-taxi","index, follow","1"
"/schiphol-airport-to-gap-taxi","Schiphol Airport to Gap Taxi | Pickupr","Book Schiphol Airport to Gap Taxi with private transfer, direct confirmation, and clear fixed-fare details from Pickupr.","https://pickupr.com/schiphol-airport-to-gap-taxi","index, follow","1"
"/schiphol-airport-to-geel-taxi","Schiphol Airport to Geel Taxi | Pickupr","Book Schiphol Airport to Geel Taxi with private transfer, direct confirmation, and clear fixed-fare details from Pickupr.","https://pickupr.com/schiphol-airport-to-geel-taxi","index, follow","1"
"/schiphol-airport-to-gelsenkirchen-taxi","Schiphol Airport to Gelsenkirchen Taxi | Pickupr","Book Schiphol Airport to Gelsenkirchen Taxi with private transfer, direct confirmation, and clear fixed-fare details from Pickupr.","https://pickupr.com/schiphol-airport-to-gelsenkirchen-taxi","index, follow","1"
"/schiphol-airport-to-genk-taxi","Schiphol Airport to Genk Taxi | Pickupr","Book Schiphol Airport to Genk Taxi with private transfer, direct confirmation, and clear fixed-fare details from Pickupr.","https://pickupr.com/schiphol-airport-to-genk-taxi","index, follow","1"
"/schiphol-airport-to-geraardsbergen-taxi","Schiphol Airport to Geraardsbergen Taxi | Pickupr","Book Schiphol Airport to Geraardsbergen Taxi with private transfer, direct confirmation, and clear fixed-fare details from Pickupr.","https://pickupr.com/schiphol-airport-to-geraardsbergen-taxi","index, follow","1"
"/schiphol-airport-to-ghent-taxi","Schiphol Airport to Ghent Taxi | Pickupr","Book Schiphol Airport to Ghent Taxi with private transfer, direct confirmation, and clear fixed-fare details from Pickupr.","https://pickupr.com/schiphol-airport-to-ghent-taxi","index, follow","1"
"/schiphol-airport-to-giessen-taxi","Schiphol Airport to Giessen Taxi | Pickupr","Book Schiphol Airport to Giessen Taxi with private transfer, direct confirmation, and clear fixed-fare details from Pickupr.","https://pickupr.com/schiphol-airport-to-giessen-taxi","index, follow","1"
"/schiphol-airport-to-gorinchem-taxi","Schiphol Airport to Gorinchem Taxi | Pickupr","Book Schiphol Airport to Gorinchem Taxi with private transfer, direct confirmation, and clear fixed-fare details from Pickupr.","https://pickupr.com/schiphol-to-gorinchem","noindex, follow","1"
"/schiphol-airport-to-gottingen-taxi","Schiphol Airport to Gottingen Taxi | Pickupr","Book Schiphol Airport to Gottingen Taxi with private transfer, direct confirmation, and clear fixed-fare details from Pickupr.","https://pickupr.com/schiphol-airport-to-gottingen-taxi","index, follow","1"
"/schiphol-airport-to-gouda-taxi","Schiphol Airport to Gouda Taxi | Pickupr","Book Schiphol Airport to Gouda Taxi with private transfer, direct confirmation, and clear fixed-fare details from Pickupr.","https://pickupr.com/schiphol-to-gouda","noindex, follow","1"
"/schiphol-airport-to-grasse-taxi","Schiphol Airport to Grasse Taxi | Pickupr","Book Schiphol Airport to Grasse Taxi with private transfer, direct confirmation, and clear fixed-fare details from Pickupr.","https://pickupr.com/schiphol-airport-to-grasse-taxi","index, follow","1"
"/schiphol-airport-to-grenoble-taxi","Schiphol Airport to Grenoble Taxi | Pickupr","Book Schiphol Airport to Grenoble Taxi with private transfer, direct confirmation, and clear fixed-fare details from Pickupr.","https://pickupr.com/schiphol-airport-to-grenoble-taxi","index, follow","1"
"/schiphol-airport-to-groningen-taxi","Schiphol Airport to Groningen Taxi | Pickupr","Book Schiphol Airport to Groningen Taxi with private transfer, direct confirmation, and clear fixed-fare details from Pickupr.","https://pickupr.com/schiphol-to-groningen","noindex, follow","1"
"/schiphol-airport-to-haarlem-taxi","Schiphol Airport to Haarlem Taxi | Pickupr","Book Schiphol Airport to Haarlem Taxi with private transfer, direct confirmation, and clear fixed-fare details from Pickupr.","https://pickupr.com/schiphol-to-haarlem","noindex, follow","1"
"/schiphol-airport-to-hagen-taxi","Schiphol Airport to Hagen Taxi | Pickupr","Book Schiphol Airport to Hagen Taxi with private transfer, direct confirmation, and clear fixed-fare details from Pickupr.","https://pickupr.com/schiphol-airport-to-hagen-taxi","index, follow","1"
"/schiphol-airport-to-halle-taxi","Schiphol Airport to Halle Taxi | Pickupr","Book Schiphol Airport to Halle Taxi with private transfer, direct confirmation, and clear fixed-fare details from Pickupr.","https://pickupr.com/schiphol-airport-to-halle-taxi","index, follow","1"
"/schiphol-airport-to-hamburg-taxi","Schiphol Airport to Hamburg Taxi | Pickupr","Book Schiphol Airport to Hamburg Taxi with private transfer, direct confirmation, and clear fixed-fare details from Pickupr.","https://pickupr.com/schiphol-airport-to-hamburg-taxi","index, follow","1"
"/schiphol-airport-to-hamm-taxi","Schiphol Airport to Hamm Taxi | Pickupr","Book Schiphol Airport to Hamm Taxi with private transfer, direct confirmation, and clear fixed-fare details from Pickupr.","https://pickupr.com/schiphol-airport-to-hamm-taxi","index, follow","1"
"/schiphol-airport-to-hanover-taxi","Schiphol Airport to Hanover Taxi | Pickupr","Book Schiphol Airport to Hanover Taxi with private transfer, direct confirmation, and clear fixed-fare details from Pickupr.","https://pickupr.com/schiphol-airport-to-hanover-taxi","index, follow","1"
"/schiphol-airport-to-harderwijk-taxi","Schiphol Airport to Harderwijk Taxi | Pickupr","Book Schiphol Airport to Harderwijk Taxi with private transfer, direct confirmation, and clear fixed-fare details from Pickupr.","https://pickupr.com/schiphol-to-harderwijk","noindex, follow","1"
"/schiphol-airport-to-hasselt-taxi","Schiphol Airport to Hasselt Taxi | Pickupr","Book Schiphol Airport to Hasselt Taxi with private transfer, direct confirmation, and clear fixed-fare details from Pickupr.","https://pickupr.com/schiphol-airport-to-hasselt-taxi","index, follow","1"
"/schiphol-airport-to-heemskerk-taxi","Schiphol Airport to Heemskerk Taxi | Pickupr","Book Schiphol Airport to Heemskerk Taxi with private transfer, direct confirmation, and clear fixed-fare details from Pickupr.","https://pickupr.com/schiphol-to-heemskerk","noindex, follow","1"
"/schiphol-airport-to-heerenveen-taxi","Schiphol Airport to Heerenveen Taxi | Pickupr","Book Schiphol Airport to Heerenveen Taxi with private transfer, direct confirmation, and clear fixed-fare details from Pickupr.","https://pickupr.com/schiphol-to-heerenveen","noindex, follow","1"
"/schiphol-airport-to-heerlen-taxi","Schiphol Airport to Heerlen Taxi | Pickupr","Book Schiphol Airport to Heerlen Taxi with private transfer, direct confirmation, and clear fixed-fare details from Pickupr.","https://pickupr.com/schiphol-to-heerlen","noindex, follow","1"
"/schiphol-airport-to-heidelberg-taxi","Schiphol Airport to Heidelberg Taxi | Pickupr","Book Schiphol Airport to Heidelberg Taxi with private transfer, direct confirmation, and clear fixed-fare details from Pickupr.","https://pickupr.com/schiphol-airport-to-heidelberg-taxi","index, follow","1"
"/schiphol-airport-to-heilbronn-taxi","Schiphol Airport to Heilbronn Taxi | Pickupr","Book Schiphol Airport to Heilbronn Taxi with private transfer, direct confirmation, and clear fixed-fare details from Pickupr.","https://pickupr.com/schiphol-airport-to-heilbronn-taxi","index, follow","1"
"/schiphol-airport-to-heist-op-den-berg-taxi","Schiphol Airport to Heist-op-den-Berg Taxi | Pickupr","Book Schiphol Airport to Heist-op-den-Berg Taxi with private transfer, direct confirmation, and clear fixed-fare details from Pickupr.","https://pickupr.com/schiphol-airport-to-heist-op-den-berg-taxi","index, follow","1"
"/schiphol-airport-to-hellevoetsluis-taxi","Schiphol Airport to Hellevoetsluis Taxi | Pickupr","Book Schiphol Airport to Hellevoetsluis Taxi with private transfer, direct confirmation, and clear fixed-fare details from Pickupr.","https://pickupr.com/schiphol-to-hellevoetsluis","noindex, follow","1"
"/schiphol-airport-to-helmond-taxi","Schiphol Airport to Helmond Taxi | Pickupr","Book Schiphol Airport to Helmond Taxi with private transfer, direct confirmation, and clear fixed-fare details from Pickupr.","https://pickupr.com/schiphol-to-helmond","noindex, follow","1"
"/schiphol-airport-to-hengelo-taxi","Schiphol Airport to Hengelo Taxi | Pickupr","Book Schiphol Airport to Hengelo Taxi with private transfer, direct confirmation, and clear fixed-fare details from Pickupr.","https://pickupr.com/schiphol-to-hengelo","noindex, follow","1"
"/schiphol-airport-to-herentals-taxi","Schiphol Airport to Herentals Taxi | Pickupr","Book Schiphol Airport to Herentals Taxi with private transfer, direct confirmation, and clear fixed-fare details from Pickupr.","https://pickupr.com/schiphol-airport-to-herentals-taxi","index, follow","1"
"/schiphol-airport-to-herne-taxi","Schiphol Airport to Herne Taxi | Pickupr","Book Schiphol Airport to Herne Taxi with private transfer, direct confirmation, and clear fixed-fare details from Pickupr.","https://pickupr.com/schiphol-airport-to-herne-taxi","index, follow","1"
"/schiphol-airport-to-hildesheim-taxi","Schiphol Airport to Hildesheim Taxi | Pickupr","Book Schiphol Airport to Hildesheim Taxi with private transfer, direct confirmation, and clear fixed-fare details from Pickupr.","https://pickupr.com/schiphol-airport-to-hildesheim-taxi","index, follow","1"
"/schiphol-airport-to-hillegom-taxi","Schiphol Airport to Hillegom Taxi | Pickupr","Book Schiphol Airport to Hillegom Taxi with private transfer, direct confirmation, and clear fixed-fare details from Pickupr.","https://pickupr.com/schiphol-to-hillegom","noindex, follow","1"
"/schiphol-airport-to-hilversum-taxi","Schiphol Airport to Hilversum Taxi | Pickupr","Book Schiphol Airport to Hilversum Taxi with private transfer, direct confirmation, and clear fixed-fare details from Pickupr.","https://pickupr.com/schiphol-to-hilversum","noindex, follow","1"
"/schiphol-airport-to-hoofddorp-taxi","Schiphol Airport to Hoofddorp Taxi | Pickupr","Book Schiphol Airport to Hoofddorp Taxi with private transfer, direct confirmation, and clear fixed-fare details from Pickupr.","https://pickupr.com/schiphol-to-hoofddorp","noindex, follow","1"
"/schiphol-airport-to-hoorn-taxi","Schiphol Airport to Hoorn Taxi | Pickupr","Book Schiphol Airport to Hoorn Taxi with private transfer, direct confirmation, and clear fixed-fare details from Pickupr.","https://pickupr.com/schiphol-to-hoorn","noindex, follow","1"
"/schiphol-airport-to-houten-taxi","Schiphol Airport to Houten Taxi | Pickupr","Book Schiphol Airport to Houten Taxi with private transfer, direct confirmation, and clear fixed-fare details from Pickupr.","https://pickupr.com/schiphol-to-houten","noindex, follow","1"
"/schiphol-airport-to-huy-taxi","Schiphol Airport to Huy Taxi | Pickupr","Book Schiphol Airport to Huy Taxi with private transfer, direct confirmation, and clear fixed-fare details from Pickupr.","https://pickupr.com/schiphol-airport-to-huy-taxi","index, follow","1"
"/schiphol-airport-to-ingolstadt-taxi","Schiphol Airport to Ingolstadt Taxi | Pickupr","Book Schiphol Airport to Ingolstadt Taxi with private transfer, direct confirmation, and clear fixed-fare details from Pickupr.","https://pickupr.com/schiphol-airport-to-ingolstadt-taxi","index, follow","1"
"/schiphol-airport-to-istres-taxi","Schiphol Airport to Istres Taxi | Pickupr","Book Schiphol Airport to Istres Taxi with private transfer, direct confirmation, and clear fixed-fare details from Pickupr.","https://pickupr.com/schiphol-airport-to-istres-taxi","index, follow","1"
"/schiphol-airport-to-izegem-taxi","Schiphol Airport to Izegem Taxi | Pickupr","Book Schiphol Airport to Izegem Taxi with private transfer, direct confirmation, and clear fixed-fare details from Pickupr.","https://pickupr.com/schiphol-airport-to-izegem-taxi","index, follow","1"
"/schiphol-airport-to-jena-taxi","Schiphol Airport to Jena Taxi | Pickupr","Book Schiphol Airport to Jena Taxi with private transfer, direct confirmation, and clear fixed-fare details from Pickupr.","https://pickupr.com/schiphol-airport-to-jena-taxi","index, follow","1"
"/schiphol-airport-to-jette-taxi","Schiphol Airport to Jette Taxi | Pickupr","Book Schiphol Airport to Jette Taxi with private transfer, direct confirmation, and clear fixed-fare details from Pickupr.","https://pickupr.com/schiphol-airport-to-jette-taxi","index, follow","1"
"/schiphol-airport-to-kaiserslautern-taxi","Schiphol Airport to Kaiserslautern Taxi | Pickupr","Book Schiphol Airport to Kaiserslautern Taxi with private transfer, direct confirmation, and clear fixed-fare details from Pickupr.","https://pickupr.com/schiphol-airport-to-kaiserslautern-taxi","index, follow","1"
"/schiphol-airport-to-kampen-taxi","Schiphol Airport to Kampen Taxi | Pickupr","Book Schiphol Airport to Kampen Taxi with private transfer, direct confirmation, and clear fixed-fare details from Pickupr.","https://pickupr.com/schiphol-to-kampen","noindex, follow","1"
"/schiphol-airport-to-karlsruhe-taxi","Schiphol Airport to Karlsruhe Taxi | Pickupr","Book Schiphol Airport to Karlsruhe Taxi with private transfer, direct confirmation, and clear fixed-fare details from Pickupr.","https://pickupr.com/schiphol-airport-to-karlsruhe-taxi","index, follow","1"
"/schiphol-airport-to-kassel-taxi","Schiphol Airport to Kassel Taxi | Pickupr","Book Schiphol Airport to Kassel Taxi with private transfer, direct confirmation, and clear fixed-fare details from Pickupr.","https://pickupr.com/schiphol-airport-to-kassel-taxi","index, follow","1"
"/schiphol-airport-to-katwijk-taxi","Schiphol Airport to Katwijk Taxi | Pickupr","Book Schiphol Airport to Katwijk Taxi with private transfer, direct confirmation, and clear fixed-fare details from Pickupr.","https://pickupr.com/schiphol-to-katwijk","noindex, follow","1"
"/schiphol-airport-to-kerkrade-taxi","Schiphol Airport to Kerkrade Taxi | Pickupr","Book Schiphol Airport to Kerkrade Taxi with private transfer, direct confirmation, and clear fixed-fare details from Pickupr.","https://pickupr.com/schiphol-to-kerkrade","noindex, follow","1"
"/schiphol-airport-to-kiel-taxi","Schiphol Airport to Kiel Taxi | Pickupr","Book Schiphol Airport to Kiel Taxi with private transfer, direct confirmation, and clear fixed-fare details from Pickupr.","https://pickupr.com/schiphol-airport-to-kiel-taxi","index, follow","1"
"/schiphol-airport-to-knokke-taxi","Schiphol Airport to Knokke Taxi | Pickupr","Book Schiphol Airport to Knokke Taxi with private transfer, direct confirmation, and clear fixed-fare details from Pickupr.","https://pickupr.com/schiphol-airport-to-knokke-taxi","index, follow","1"
"/schiphol-airport-to-koblenz-taxi","Schiphol Airport to Koblenz Taxi | Pickupr","Book Schiphol Airport to Koblenz Taxi with private transfer, direct confirmation, and clear fixed-fare details from Pickupr.","https://pickupr.com/schiphol-airport-to-koblenz-taxi","index, follow","1"
"/schiphol-airport-to-konstanz-taxi","Schiphol Airport to Konstanz Taxi | Pickupr","Book Schiphol Airport to Konstanz Taxi with private transfer, direct confirmation, and clear fixed-fare details from Pickupr.","https://pickupr.com/schiphol-airport-to-konstanz-taxi","index, follow","1"
"/schiphol-airport-to-kortrijk-taxi","Schiphol Airport to Kortrijk Taxi | Pickupr","Book Schiphol Airport to Kortrijk Taxi with private transfer, direct confirmation, and clear fixed-fare details from Pickupr.","https://pickupr.com/schiphol-airport-to-kortrijk-taxi","index, follow","1"
"/schiphol-airport-to-krefeld-taxi","Schiphol Airport to Krefeld Taxi | Pickupr","Book Schiphol Airport to Krefeld Taxi with private transfer, direct confirmation, and clear fixed-fare details from Pickupr.","https://pickupr.com/schiphol-airport-to-krefeld-taxi","index, follow","1"
"/schiphol-airport-to-la-louviere-taxi","Schiphol Airport to La Louviere Taxi | Pickupr","Book Schiphol Airport to La Louviere Taxi with private transfer, direct confirmation, and clear fixed-fare details from Pickupr.","https://pickupr.com/schiphol-airport-to-la-louviere-taxi","index, follow","1"
"/schiphol-airport-to-la-rochelle-taxi","Schiphol Airport to La Rochelle Taxi | Pickupr","Book Schiphol Airport to La Rochelle Taxi with private transfer, direct confirmation, and clear fixed-fare details from Pickupr.","https://pickupr.com/schiphol-airport-to-la-rochelle-taxi","index, follow","1"
"/schiphol-airport-to-landshut-taxi","Schiphol Airport to Landshut Taxi | Pickupr","Book Schiphol Airport to Landshut Taxi with private transfer, direct confirmation, and clear fixed-fare details from Pickupr.","https://pickupr.com/schiphol-airport-to-landshut-taxi","index, follow","1"
"/schiphol-airport-to-laon-taxi","Schiphol Airport to Laon Taxi | Pickupr","Book Schiphol Airport to Laon Taxi with private transfer, direct confirmation, and clear fixed-fare details from Pickupr.","https://pickupr.com/schiphol-airport-to-laon-taxi","index, follow","1"
"/schiphol-airport-to-laren-taxi","Schiphol Airport to Laren Taxi | Pickupr","Book Schiphol Airport to Laren Taxi with private transfer, direct confirmation, and clear fixed-fare details from Pickupr.","https://pickupr.com/schiphol-to-laren","noindex, follow","1"
"/schiphol-airport-to-le-havre-taxi","Schiphol Airport to Le Havre Taxi | Pickupr","Book Schiphol Airport to Le Havre Taxi with private transfer, direct confirmation, and clear fixed-fare details from Pickupr.","https://pickupr.com/schiphol-airport-to-le-havre-taxi","index, follow","1"
"/schiphol-airport-to-le-mans-taxi","Schiphol Airport to Le Mans Taxi | Pickupr","Book Schiphol Airport to Le Mans Taxi with private transfer, direct confirmation, and clear fixed-fare details from Pickupr.","https://pickupr.com/schiphol-airport-to-le-mans-taxi","index, follow","1"
"/schiphol-airport-to-leeuwarden-taxi","Schiphol Airport to Leeuwarden Taxi | Pickupr","Book Schiphol Airport to Leeuwarden Taxi with private transfer, direct confirmation, and clear fixed-fare details from Pickupr.","https://pickupr.com/schiphol-to-leeuwarden","noindex, follow","1"
"/schiphol-airport-to-leiden-taxi","Schiphol Airport to Leiden Taxi | Pickupr","Book Schiphol Airport to Leiden Taxi with private transfer, direct confirmation, and clear fixed-fare details from Pickupr.","https://pickupr.com/schiphol-to-leiden","noindex, follow","1"
"/schiphol-airport-to-leidschendam-taxi","Schiphol Airport to Leidschendam Taxi | Pickupr","Book Schiphol Airport to Leidschendam Taxi with private transfer, direct confirmation, and clear fixed-fare details from Pickupr.","https://pickupr.com/schiphol-to-leidschendam","noindex, follow","1"
"/schiphol-airport-to-leipzig-taxi","Schiphol Airport to Leipzig Taxi | Pickupr","Book Schiphol Airport to Leipzig Taxi with private transfer, direct confirmation, and clear fixed-fare details from Pickupr.","https://pickupr.com/schiphol-airport-to-leipzig-taxi","index, follow","1"
"/schiphol-airport-to-lelystad-taxi","Schiphol Airport to Lelystad Taxi | Pickupr","Book Schiphol Airport to Lelystad Taxi with private transfer, direct confirmation, and clear fixed-fare details from Pickupr.","https://pickupr.com/schiphol-to-lelystad","noindex, follow","1"
"/schiphol-airport-to-leuven-taxi","Schiphol Airport to Leuven Taxi | Pickupr","Book Schiphol Airport to Leuven Taxi with private transfer, direct confirmation, and clear fixed-fare details from Pickupr.","https://pickupr.com/schiphol-airport-to-leuven-taxi","index, follow","1"
"/schiphol-airport-to-leverkusen-taxi","Schiphol Airport to Leverkusen Taxi | Pickupr","Book Schiphol Airport to Leverkusen Taxi with private transfer, direct confirmation, and clear fixed-fare details from Pickupr.","https://pickupr.com/schiphol-airport-to-leverkusen-taxi","index, follow","1"
"/schiphol-airport-to-liege-taxi","Schiphol Airport to Liege Taxi | Pickupr","Book Schiphol Airport to Liege Taxi with private transfer, direct confirmation, and clear fixed-fare details from Pickupr.","https://pickupr.com/schiphol-airport-to-liege-taxi","index, follow","1"
"/schiphol-airport-to-lier-taxi","Schiphol Airport to Lier Taxi | Pickupr","Book Schiphol Airport to Lier Taxi with private transfer, direct confirmation, and clear fixed-fare details from Pickupr.","https://pickupr.com/schiphol-airport-to-lier-taxi","index, follow","1"
"/schiphol-airport-to-lille-taxi","Schiphol Airport to Lille Taxi | Pickupr","Book Schiphol Airport to Lille Taxi with private transfer, direct confirmation, and clear fixed-fare details from Pickupr.","https://pickupr.com/schiphol-airport-to-lille-taxi","index, follow","1"
"/schiphol-airport-to-limoges-taxi","Schiphol Airport to Limoges Taxi | Pickupr","Book Schiphol Airport to Limoges Taxi with private transfer, direct confirmation, and clear fixed-fare details from Pickupr.","https://pickupr.com/schiphol-airport-to-limoges-taxi","index, follow","1"
"/schiphol-airport-to-lisse-taxi","Schiphol Airport to Lisse Taxi | Pickupr","Book Schiphol Airport to Lisse Taxi with private transfer, direct confirmation, and clear fixed-fare details from Pickupr.","https://pickupr.com/schiphol-to-lisse","noindex, follow","1"
"/schiphol-airport-to-lokeren-taxi","Schiphol Airport to Lokeren Taxi | Pickupr","Book Schiphol Airport to Lokeren Taxi with private transfer, direct confirmation, and clear fixed-fare details from Pickupr.","https://pickupr.com/schiphol-airport-to-lokeren-taxi","index, follow","1"
"/schiphol-airport-to-lommel-taxi","Schiphol Airport to Lommel Taxi | Pickupr","Book Schiphol Airport to Lommel Taxi with private transfer, direct confirmation, and clear fixed-fare details from Pickupr.","https://pickupr.com/schiphol-airport-to-lommel-taxi","index, follow","1"
"/schiphol-airport-to-lorient-taxi","Schiphol Airport to Lorient Taxi | Pickupr","Book Schiphol Airport to Lorient Taxi with private transfer, direct confirmation, and clear fixed-fare details from Pickupr.","https://pickupr.com/schiphol-airport-to-lorient-taxi","index, follow","1"
"/schiphol-airport-to-louvain-la-neuve-taxi","Schiphol Airport to Louvain-la-Neuve Taxi | Pickupr","Book Schiphol Airport to Louvain-la-Neuve Taxi with private transfer, direct confirmation, and clear fixed-fare details from Pickupr.","https://pickupr.com/schiphol-airport-to-louvain-la-neuve-taxi","index, follow","1"
"/schiphol-airport-to-lubeck-taxi","Schiphol Airport to Lubeck Taxi | Pickupr","Book Schiphol Airport to Lubeck Taxi with private transfer, direct confirmation, and clear fixed-fare details from Pickupr.","https://pickupr.com/schiphol-airport-to-lubeck-taxi","index, follow","1"
"/schiphol-airport-to-ludwigshafen-taxi","Schiphol Airport to Ludwigshafen Taxi | Pickupr","Book Schiphol Airport to Ludwigshafen Taxi with private transfer, direct confirmation, and clear fixed-fare details from Pickupr.","https://pickupr.com/schiphol-airport-to-ludwigshafen-taxi","index, follow","1"
"/schiphol-airport-to-luneburg-taxi","Schiphol Airport to Luneburg Taxi | Pickupr","Book Schiphol Airport to Luneburg Taxi with private transfer, direct confirmation, and clear fixed-fare details from Pickupr.","https://pickupr.com/schiphol-airport-to-luneburg-taxi","index, follow","1"
"/schiphol-airport-to-lyon-taxi","Schiphol Airport to Lyon Taxi | Pickupr","Book Schiphol Airport to Lyon Taxi with private transfer, direct confirmation, and clear fixed-fare details from Pickupr.","https://pickupr.com/schiphol-airport-to-lyon-taxi","index, follow","1"
"/schiphol-airport-to-maaseik-taxi","Schiphol Airport to Maaseik Taxi | Pickupr","Book Schiphol Airport to Maaseik Taxi with private transfer, direct confirmation, and clear fixed-fare details from Pickupr.","https://pickupr.com/schiphol-airport-to-maaseik-taxi","index, follow","1"
"/schiphol-airport-to-maastricht-taxi","Schiphol Airport to Maastricht Taxi | Pickupr","Book Schiphol Airport to Maastricht Taxi with private transfer, direct confirmation, and clear fixed-fare details from Pickupr.","https://pickupr.com/schiphol-to-maastricht","noindex, follow","1"
"/schiphol-airport-to-macon-taxi","Schiphol Airport to Macon Taxi | Pickupr","Book Schiphol Airport to Macon Taxi with private transfer, direct confirmation, and clear fixed-fare details from Pickupr.","https://pickupr.com/schiphol-airport-to-macon-taxi","index, follow","1"
"/schiphol-airport-to-magdeburg-taxi","Schiphol Airport to Magdeburg Taxi | Pickupr","Book Schiphol Airport to Magdeburg Taxi with private transfer, direct confirmation, and clear fixed-fare details from Pickupr.","https://pickupr.com/schiphol-airport-to-magdeburg-taxi","index, follow","1"
"/schiphol-airport-to-mainz-taxi","Schiphol Airport to Mainz Taxi | Pickupr","Book Schiphol Airport to Mainz Taxi with private transfer, direct confirmation, and clear fixed-fare details from Pickupr.","https://pickupr.com/schiphol-airport-to-mainz-taxi","index, follow","1"
"/schiphol-airport-to-malmedy-taxi","Schiphol Airport to Malmedy Taxi | Pickupr","Book Schiphol Airport to Malmedy Taxi with private transfer, direct confirmation, and clear fixed-fare details from Pickupr.","https://pickupr.com/schiphol-airport-to-malmedy-taxi","index, follow","1"
"/schiphol-airport-to-mannheim-taxi","Schiphol Airport to Mannheim Taxi | Pickupr","Book Schiphol Airport to Mannheim Taxi with private transfer, direct confirmation, and clear fixed-fare details from Pickupr.","https://pickupr.com/schiphol-airport-to-mannheim-taxi","index, follow","1"
"/schiphol-airport-to-marburg-taxi","Schiphol Airport to Marburg Taxi | Pickupr","Book Schiphol Airport to Marburg Taxi with private transfer, direct confirmation, and clear fixed-fare details from Pickupr.","https://pickupr.com/schiphol-airport-to-marburg-taxi","index, follow","1"
"/schiphol-airport-to-marche-en-famenne-taxi","Schiphol Airport to Marche-en-Famenne Taxi | Pickupr","Book Schiphol Airport to Marche-en-Famenne Taxi with private transfer, direct confirmation, and clear fixed-fare details from Pickupr.","https://pickupr.com/schiphol-airport-to-marche-en-famenne-taxi","index, follow","1"
"/schiphol-airport-to-marseille-taxi","Schiphol Airport to Marseille Taxi | Pickupr","Book Schiphol Airport to Marseille Taxi with private transfer, direct confirmation, and clear fixed-fare details from Pickupr.","https://pickupr.com/schiphol-airport-to-marseille-taxi","index, follow","1"
"/schiphol-airport-to-mechelen-taxi","Schiphol Airport to Mechelen Taxi | Pickupr","Book Schiphol Airport to Mechelen Taxi with private transfer, direct confirmation, and clear fixed-fare details from Pickupr.","https://pickupr.com/schiphol-airport-to-mechelen-taxi","index, follow","1"
"/schiphol-airport-to-meppel-taxi","Schiphol Airport to Meppel Taxi | Pickupr","Book Schiphol Airport to Meppel Taxi with private transfer, direct confirmation, and clear fixed-fare details from Pickupr.","https://pickupr.com/schiphol-to-meppel","noindex, follow","1"
"/schiphol-airport-to-metz-taxi","Schiphol Airport to Metz Taxi | Pickupr","Book Schiphol Airport to Metz Taxi with private transfer, direct confirmation, and clear fixed-fare details from Pickupr.","https://pickupr.com/schiphol-airport-to-metz-taxi","index, follow","1"
"/schiphol-airport-to-middelburg-taxi","Schiphol Airport to Middelburg Taxi | Pickupr","Book Schiphol Airport to Middelburg Taxi with private transfer, direct confirmation, and clear fixed-fare details from Pickupr.","https://pickupr.com/schiphol-to-middelburg","noindex, follow","1"
"/schiphol-airport-to-moers-taxi","Schiphol Airport to Moers Taxi | Pickupr","Book Schiphol Airport to Moers Taxi with private transfer, direct confirmation, and clear fixed-fare details from Pickupr.","https://pickupr.com/schiphol-airport-to-moers-taxi","index, follow","1"
"/schiphol-airport-to-mol-taxi","Schiphol Airport to Mol Taxi | Pickupr","Book Schiphol Airport to Mol Taxi with private transfer, direct confirmation, and clear fixed-fare details from Pickupr.","https://pickupr.com/schiphol-airport-to-mol-taxi","index, follow","1"
"/schiphol-airport-to-monchengladbach-taxi","Schiphol Airport to Monchengladbach Taxi | Pickupr","Book Schiphol Airport to Monchengladbach Taxi with private transfer, direct confirmation, and clear fixed-fare details from Pickupr.","https://pickupr.com/schiphol-airport-to-monchengladbach-taxi","index, follow","1"
"/schiphol-airport-to-mons-taxi","Schiphol Airport to Mons Taxi | Pickupr","Book Schiphol Airport to Mons Taxi with private transfer, direct confirmation, and clear fixed-fare details from Pickupr.","https://pickupr.com/schiphol-airport-to-mons-taxi","index, follow","1"
"/schiphol-airport-to-montauban-taxi","Schiphol Airport to Montauban Taxi | Pickupr","Book Schiphol Airport to Montauban Taxi with private transfer, direct confirmation, and clear fixed-fare details from Pickupr.","https://pickupr.com/schiphol-airport-to-montauban-taxi","index, follow","1"
"/schiphol-airport-to-montpellier-taxi","Schiphol Airport to Montpellier Taxi | Pickupr","Book Schiphol Airport to Montpellier Taxi with private transfer, direct confirmation, and clear fixed-fare details from Pickupr.","https://pickupr.com/schiphol-airport-to-montpellier-taxi","index, follow","1"
"/schiphol-airport-to-mouscron-taxi","Schiphol Airport to Mouscron Taxi | Pickupr","Book Schiphol Airport to Mouscron Taxi with private transfer, direct confirmation, and clear fixed-fare details from Pickupr.","https://pickupr.com/schiphol-airport-to-mouscron-taxi","index, follow","1"
"/schiphol-airport-to-mulhouse-taxi","Schiphol Airport to Mulhouse Taxi | Pickupr","Book Schiphol Airport to Mulhouse Taxi with private transfer, direct confirmation, and clear fixed-fare details from Pickupr.","https://pickupr.com/schiphol-airport-to-mulhouse-taxi","index, follow","1"
"/schiphol-airport-to-munich-taxi","Schiphol Airport to Munich Taxi | Pickupr","Book Schiphol Airport to Munich Taxi with private transfer, direct confirmation, and clear fixed-fare details from Pickupr.","https://pickupr.com/schiphol-airport-to-munich-taxi","index, follow","1"
"/schiphol-airport-to-munster-taxi","Schiphol Airport to Munster Taxi | Pickupr","Book Schiphol Airport to Munster Taxi with private transfer, direct confirmation, and clear fixed-fare details from Pickupr.","https://pickupr.com/schiphol-airport-to-munster-taxi","index, follow","1"
"/schiphol-airport-to-naarden-taxi","Schiphol Airport to Naarden Taxi | Pickupr","Book Schiphol Airport to Naarden Taxi with private transfer, direct confirmation, and clear fixed-fare details from Pickupr.","https://pickupr.com/schiphol-to-naarden","noindex, follow","1"
"/schiphol-airport-to-namur-taxi","Schiphol Airport to Namur Taxi | Pickupr","Book Schiphol Airport to Namur Taxi with private transfer, direct confirmation, and clear fixed-fare details from Pickupr.","https://pickupr.com/schiphol-airport-to-namur-taxi","index, follow","1"
"/schiphol-airport-to-nancy-taxi","Schiphol Airport to Nancy Taxi | Pickupr","Book Schiphol Airport to Nancy Taxi with private transfer, direct confirmation, and clear fixed-fare details from Pickupr.","https://pickupr.com/schiphol-airport-to-nancy-taxi","index, follow","1"
"/schiphol-airport-to-nanterre-taxi","Schiphol Airport to Nanterre Taxi | Pickupr","Book Schiphol Airport to Nanterre Taxi with private transfer, direct confirmation, and clear fixed-fare details from Pickupr.","https://pickupr.com/schiphol-airport-to-nanterre-taxi","index, follow","1"
"/schiphol-airport-to-nantes-taxi","Schiphol Airport to Nantes Taxi | Pickupr","Book Schiphol Airport to Nantes Taxi with private transfer, direct confirmation, and clear fixed-fare details from Pickupr.","https://pickupr.com/schiphol-airport-to-nantes-taxi","index, follow","1"
"/schiphol-airport-to-narbonne-taxi","Schiphol Airport to Narbonne Taxi | Pickupr","Book Schiphol Airport to Narbonne Taxi with private transfer, direct confirmation, and clear fixed-fare details from Pickupr.","https://pickupr.com/schiphol-airport-to-narbonne-taxi","index, follow","1"
"/schiphol-airport-to-neerpelt-taxi","Schiphol Airport to Neerpelt Taxi | Pickupr","Book Schiphol Airport to Neerpelt Taxi with private transfer, direct confirmation, and clear fixed-fare details from Pickupr.","https://pickupr.com/schiphol-airport-to-neerpelt-taxi","index, follow","1"
"/schiphol-airport-to-neuss-taxi","Schiphol Airport to Neuss Taxi | Pickupr","Book Schiphol Airport to Neuss Taxi with private transfer, direct confirmation, and clear fixed-fare details from Pickupr.","https://pickupr.com/schiphol-airport-to-neuss-taxi","index, follow","1"
"/schiphol-airport-to-nevers-taxi","Schiphol Airport to Nevers Taxi | Pickupr","Book Schiphol Airport to Nevers Taxi with private transfer, direct confirmation, and clear fixed-fare details from Pickupr.","https://pickupr.com/schiphol-airport-to-nevers-taxi","index, follow","1"
"/schiphol-airport-to-nice-taxi","Schiphol Airport to Nice Taxi | Pickupr","Book Schiphol Airport to Nice Taxi with private transfer, direct confirmation, and clear fixed-fare details from Pickupr.","https://pickupr.com/schiphol-airport-to-nice-taxi","index, follow","1"
"/schiphol-airport-to-nieuwegein-taxi","Schiphol Airport to Nieuwegein Taxi | Pickupr","Book Schiphol Airport to Nieuwegein Taxi with private transfer, direct confirmation, and clear fixed-fare details from Pickupr.","https://pickupr.com/schiphol-to-nieuwegein","noindex, follow","1"
"/schiphol-airport-to-nijmegen-taxi","Schiphol Airport to Nijmegen Taxi | Pickupr","Book Schiphol Airport to Nijmegen Taxi with private transfer, direct confirmation, and clear fixed-fare details from Pickupr.","https://pickupr.com/schiphol-to-nijmegen","noindex, follow","1"
"/schiphol-airport-to-nimes-taxi","Schiphol Airport to Nimes Taxi | Pickupr","Book Schiphol Airport to Nimes Taxi with private transfer, direct confirmation, and clear fixed-fare details from Pickupr.","https://pickupr.com/schiphol-airport-to-nimes-taxi","index, follow","1"
"/schiphol-airport-to-ninove-taxi","Schiphol Airport to Ninove Taxi | Pickupr","Book Schiphol Airport to Ninove Taxi with private transfer, direct confirmation, and clear fixed-fare details from Pickupr.","https://pickupr.com/schiphol-airport-to-ninove-taxi","index, follow","1"
"/schiphol-airport-to-niort-taxi","Schiphol Airport to Niort Taxi | Pickupr","Book Schiphol Airport to Niort Taxi with private transfer, direct confirmation, and clear fixed-fare details from Pickupr.","https://pickupr.com/schiphol-airport-to-niort-taxi","index, follow","1"
"/schiphol-airport-to-nivelles-taxi","Schiphol Airport to Nivelles Taxi | Pickupr","Book Schiphol Airport to Nivelles Taxi with private transfer, direct confirmation, and clear fixed-fare details from Pickupr.","https://pickupr.com/schiphol-airport-to-nivelles-taxi","index, follow","1"
"/schiphol-airport-to-noordwijk-taxi","Schiphol Airport to Noordwijk Taxi | Pickupr","Book Schiphol Airport to Noordwijk Taxi with private transfer, direct confirmation, and clear fixed-fare details from Pickupr.","https://pickupr.com/schiphol-to-noordwijk","noindex, follow","1"
"/schiphol-airport-to-nunspeet-taxi","Schiphol Airport to Nunspeet Taxi | Pickupr","Book Schiphol Airport to Nunspeet Taxi with private transfer, direct confirmation, and clear fixed-fare details from Pickupr.","https://pickupr.com/schiphol-to-nunspeet","noindex, follow","1"
"/schiphol-airport-to-nuremberg-taxi","Schiphol Airport to Nuremberg Taxi | Pickupr","Book Schiphol Airport to Nuremberg Taxi with private transfer, direct confirmation, and clear fixed-fare details from Pickupr.","https://pickupr.com/schiphol-airport-to-nuremberg-taxi","index, follow","1"
"/schiphol-airport-to-oberhausen-taxi","Schiphol Airport to Oberhausen Taxi | Pickupr","Book Schiphol Airport to Oberhausen Taxi with private transfer, direct confirmation, and clear fixed-fare details from Pickupr.","https://pickupr.com/schiphol-airport-to-oberhausen-taxi","index, follow","1"
"/schiphol-airport-to-oldenburg-taxi","Schiphol Airport to Oldenburg Taxi | Pickupr","Book Schiphol Airport to Oldenburg Taxi with private transfer, direct confirmation, and clear fixed-fare details from Pickupr.","https://pickupr.com/schiphol-airport-to-oldenburg-taxi","index, follow","1"
"/schiphol-airport-to-oldenzaal-taxi","Schiphol Airport to Oldenzaal Taxi | Pickupr","Book Schiphol Airport to Oldenzaal Taxi with private transfer, direct confirmation, and clear fixed-fare details from Pickupr.","https://pickupr.com/schiphol-to-oldenzaal","noindex, follow","1"
"/schiphol-airport-to-oosterhout-taxi","Schiphol Airport to Oosterhout Taxi | Pickupr","Book Schiphol Airport to Oosterhout Taxi with private transfer, direct confirmation, and clear fixed-fare details from Pickupr.","https://pickupr.com/schiphol-to-oosterhout","noindex, follow","1"
"/schiphol-airport-to-orleans-taxi","Schiphol Airport to Orleans Taxi | Pickupr","Book Schiphol Airport to Orleans Taxi with private transfer, direct confirmation, and clear fixed-fare details from Pickupr.","https://pickupr.com/schiphol-airport-to-orleans-taxi","index, follow","1"
"/schiphol-airport-to-osnabruck-taxi","Schiphol Airport to Osnabruck Taxi | Pickupr","Book Schiphol Airport to Osnabruck Taxi with private transfer, direct confirmation, and clear fixed-fare details from Pickupr.","https://pickupr.com/schiphol-airport-to-osnabruck-taxi","index, follow","1"
"/schiphol-airport-to-oss-taxi","Schiphol Airport to Oss Taxi | Pickupr","Book Schiphol Airport to Oss Taxi with private transfer, direct confirmation, and clear fixed-fare details from Pickupr.","https://pickupr.com/schiphol-to-oss","noindex, follow","1"
"/schiphol-airport-to-ostend-taxi","Schiphol Airport to Ostend Taxi | Pickupr","Book Schiphol Airport to Ostend Taxi with private transfer, direct confirmation, and clear fixed-fare details from Pickupr.","https://pickupr.com/schiphol-airport-to-ostend-taxi","index, follow","1"
"/schiphol-airport-to-ottignies-taxi","Schiphol Airport to Ottignies Taxi | Pickupr","Book Schiphol Airport to Ottignies Taxi with private transfer, direct confirmation, and clear fixed-fare details from Pickupr.","https://pickupr.com/schiphol-airport-to-ottignies-taxi","index, follow","1"
"/schiphol-airport-to-paderborn-taxi","Schiphol Airport to Paderborn Taxi | Pickupr","Book Schiphol Airport to Paderborn Taxi with private transfer, direct confirmation, and clear fixed-fare details from Pickupr.","https://pickupr.com/schiphol-airport-to-paderborn-taxi","index, follow","1"
"/schiphol-airport-to-paris-taxi","Schiphol Airport to Paris Taxi | Pickupr","Book Schiphol Airport to Paris Taxi with private transfer, direct confirmation, and clear fixed-fare details from Pickupr.","https://pickupr.com/schiphol-airport-to-paris-taxi","index, follow","1"
"/schiphol-airport-to-passau-taxi","Schiphol Airport to Passau Taxi | Pickupr","Book Schiphol Airport to Passau Taxi with private transfer, direct confirmation, and clear fixed-fare details from Pickupr.","https://pickupr.com/schiphol-airport-to-passau-taxi","index, follow","1"
"/schiphol-airport-to-pau-taxi","Schiphol Airport to Pau Taxi | Pickupr","Book Schiphol Airport to Pau Taxi with private transfer, direct confirmation, and clear fixed-fare details from Pickupr.","https://pickupr.com/schiphol-airport-to-pau-taxi","index, follow","1"
"/schiphol-airport-to-perpignan-taxi","Schiphol Airport to Perpignan Taxi | Pickupr","Book Schiphol Airport to Perpignan Taxi with private transfer, direct confirmation, and clear fixed-fare details from Pickupr.","https://pickupr.com/schiphol-airport-to-perpignan-taxi","index, follow","1"
"/schiphol-airport-to-pforzheim-taxi","Schiphol Airport to Pforzheim Taxi | Pickupr","Book Schiphol Airport to Pforzheim Taxi with private transfer, direct confirmation, and clear fixed-fare details from Pickupr.","https://pickupr.com/schiphol-airport-to-pforzheim-taxi","index, follow","1"
"/schiphol-airport-to-pijnacker-taxi","Schiphol Airport to Pijnacker Taxi | Pickupr","Book Schiphol Airport to Pijnacker Taxi with private transfer, direct confirmation, and clear fixed-fare details from Pickupr.","https://pickupr.com/schiphol-to-pijnacker","noindex, follow","1"
"/schiphol-airport-to-poitiers-taxi","Schiphol Airport to Poitiers Taxi | Pickupr","Book Schiphol Airport to Poitiers Taxi with private transfer, direct confirmation, and clear fixed-fare details from Pickupr.","https://pickupr.com/schiphol-airport-to-poitiers-taxi","index, follow","1"
"/schiphol-airport-to-poperinge-taxi","Schiphol Airport to Poperinge Taxi | Pickupr","Book Schiphol Airport to Poperinge Taxi with private transfer, direct confirmation, and clear fixed-fare details from Pickupr.","https://pickupr.com/schiphol-airport-to-poperinge-taxi","index, follow","1"
"/schiphol-airport-to-potsdam-taxi","Schiphol Airport to Potsdam Taxi | Pickupr","Book Schiphol Airport to Potsdam Taxi with private transfer, direct confirmation, and clear fixed-fare details from Pickupr.","https://pickupr.com/schiphol-airport-to-potsdam-taxi","index, follow","1"
"/schiphol-airport-to-purmerend-taxi","Schiphol Airport to Purmerend Taxi | Pickupr","Book Schiphol Airport to Purmerend Taxi with private transfer, direct confirmation, and clear fixed-fare details from Pickupr.","https://pickupr.com/schiphol-to-purmerend","noindex, follow","1"
"/schiphol-airport-to-quimper-taxi","Schiphol Airport to Quimper Taxi | Pickupr","Book Schiphol Airport to Quimper Taxi with private transfer, direct confirmation, and clear fixed-fare details from Pickupr.","https://pickupr.com/schiphol-airport-to-quimper-taxi","index, follow","1"
"/schiphol-airport-to-ravensburg-taxi","Schiphol Airport to Ravensburg Taxi | Pickupr","Book Schiphol Airport to Ravensburg Taxi with private transfer, direct confirmation, and clear fixed-fare details from Pickupr.","https://pickupr.com/schiphol-airport-to-ravensburg-taxi","index, follow","1"
"/schiphol-airport-to-regensburg-taxi","Schiphol Airport to Regensburg Taxi | Pickupr","Book Schiphol Airport to Regensburg Taxi with private transfer, direct confirmation, and clear fixed-fare details from Pickupr.","https://pickupr.com/schiphol-airport-to-regensburg-taxi","index, follow","1"
"/schiphol-airport-to-reims-taxi","Schiphol Airport to Reims Taxi | Pickupr","Book Schiphol Airport to Reims Taxi with private transfer, direct confirmation, and clear fixed-fare details from Pickupr.","https://pickupr.com/schiphol-airport-to-reims-taxi","index, follow","1"
"/schiphol-airport-to-remscheid-taxi","Schiphol Airport to Remscheid Taxi | Pickupr","Book Schiphol Airport to Remscheid Taxi with private transfer, direct confirmation, and clear fixed-fare details from Pickupr.","https://pickupr.com/schiphol-airport-to-remscheid-taxi","index, follow","1"
"/schiphol-airport-to-rennes-taxi","Schiphol Airport to Rennes Taxi | Pickupr","Book Schiphol Airport to Rennes Taxi with private transfer, direct confirmation, and clear fixed-fare details from Pickupr.","https://pickupr.com/schiphol-airport-to-rennes-taxi","index, follow","1"
"/schiphol-airport-to-reutlingen-taxi","Schiphol Airport to Reutlingen Taxi | Pickupr","Book Schiphol Airport to Reutlingen Taxi with private transfer, direct confirmation, and clear fixed-fare details from Pickupr.","https://pickupr.com/schiphol-airport-to-reutlingen-taxi","index, follow","1"
"/schiphol-airport-to-ridderkerk-taxi","Schiphol Airport to Ridderkerk Taxi | Pickupr","Book Schiphol Airport to Ridderkerk Taxi with private transfer, direct confirmation, and clear fixed-fare details from Pickupr.","https://pickupr.com/schiphol-to-ridderkerk","noindex, follow","1"
"/schiphol-airport-to-rijswijk-taxi","Schiphol Airport to Rijswijk Taxi | Pickupr","Book Schiphol Airport to Rijswijk Taxi with private transfer, direct confirmation, and clear fixed-fare details from Pickupr.","https://pickupr.com/schiphol-to-rijswijk","noindex, follow","1"
"/schiphol-airport-to-roanne-taxi","Schiphol Airport to Roanne Taxi | Pickupr","Book Schiphol Airport to Roanne Taxi with private transfer, direct confirmation, and clear fixed-fare details from Pickupr.","https://pickupr.com/schiphol-airport-to-roanne-taxi","index, follow","1"
"/schiphol-airport-to-rochefort-taxi","Schiphol Airport to Rochefort Taxi | Pickupr","Book Schiphol Airport to Rochefort Taxi with private transfer, direct confirmation, and clear fixed-fare details from Pickupr.","https://pickupr.com/schiphol-airport-to-rochefort-taxi","index, follow","1"
"/schiphol-airport-to-roeselare-taxi","Schiphol Airport to Roeselare Taxi | Pickupr","Book Schiphol Airport to Roeselare Taxi with private transfer, direct confirmation, and clear fixed-fare details from Pickupr.","https://pickupr.com/schiphol-airport-to-roeselare-taxi","index, follow","1"
"/schiphol-airport-to-ronse-taxi","Schiphol Airport to Ronse Taxi | Pickupr","Book Schiphol Airport to Ronse Taxi with private transfer, direct confirmation, and clear fixed-fare details from Pickupr.","https://pickupr.com/schiphol-airport-to-ronse-taxi","index, follow","1"
"/schiphol-airport-to-roosendaal-taxi","Schiphol Airport to Roosendaal Taxi | Pickupr","Book Schiphol Airport to Roosendaal Taxi with private transfer, direct confirmation, and clear fixed-fare details from Pickupr.","https://pickupr.com/schiphol-to-roosendaal","noindex, follow","1"
"/schiphol-airport-to-rostock-taxi","Schiphol Airport to Rostock Taxi | Pickupr","Book Schiphol Airport to Rostock Taxi with private transfer, direct confirmation, and clear fixed-fare details from Pickupr.","https://pickupr.com/schiphol-airport-to-rostock-taxi","index, follow","1"
"/schiphol-airport-to-rotterdam-taxi","Schiphol Airport to Rotterdam Taxi | Pickupr","Book Schiphol Airport to Rotterdam Taxi with private transfer, direct confirmation, and clear fixed-fare details from Pickupr.","https://pickupr.com/schiphol-to-rotterdam","noindex, follow","1"
"/schiphol-airport-to-roubaix-taxi","Schiphol Airport to Roubaix Taxi | Pickupr","Book Schiphol Airport to Roubaix Taxi with private transfer, direct confirmation, and clear fixed-fare details from Pickupr.","https://pickupr.com/schiphol-airport-to-roubaix-taxi","index, follow","1"
"/schiphol-airport-to-rouen-taxi","Schiphol Airport to Rouen Taxi | Pickupr","Book Schiphol Airport to Rouen Taxi with private transfer, direct confirmation, and clear fixed-fare details from Pickupr.","https://pickupr.com/schiphol-airport-to-rouen-taxi","index, follow","1"
"/schiphol-airport-to-saarbrucken-taxi","Schiphol Airport to Saarbrucken Taxi | Pickupr","Book Schiphol Airport to Saarbrucken Taxi with private transfer, direct confirmation, and clear fixed-fare details from Pickupr.","https://pickupr.com/schiphol-airport-to-saarbrucken-taxi","index, follow","1"
"/schiphol-airport-to-saint-denis-taxi","Schiphol Airport to Saint-Denis Taxi | Pickupr","Book Schiphol Airport to Saint-Denis Taxi with private transfer, direct confirmation, and clear fixed-fare details from Pickupr.","https://pickupr.com/schiphol-airport-to-saint-denis-taxi","index, follow","1"
"/schiphol-airport-to-saint-etienne-taxi","Schiphol Airport to Saint-Etienne Taxi | Pickupr","Book Schiphol Airport to Saint-Etienne Taxi with private transfer, direct confirmation, and clear fixed-fare details from Pickupr.","https://pickupr.com/schiphol-airport-to-saint-etienne-taxi","index, follow","1"
"/schiphol-airport-to-saint-malo-taxi","Schiphol Airport to Saint-Malo Taxi | Pickupr","Book Schiphol Airport to Saint-Malo Taxi with private transfer, direct confirmation, and clear fixed-fare details from Pickupr.","https://pickupr.com/schiphol-airport-to-saint-malo-taxi","index, follow","1"
"/schiphol-airport-to-salon-de-provence-taxi","Schiphol Airport to Salon-de-Provence Taxi | Pickupr","Book Schiphol Airport to Salon-de-Provence Taxi with private transfer, direct confirmation, and clear fixed-fare details from Pickupr.","https://pickupr.com/schiphol-airport-to-salon-de-provence-taxi","index, follow","1"
"/schiphol-airport-to-salzgitter-taxi","Schiphol Airport to Salzgitter Taxi | Pickupr","Book Schiphol Airport to Salzgitter Taxi with private transfer, direct confirmation, and clear fixed-fare details from Pickupr.","https://pickupr.com/schiphol-airport-to-salzgitter-taxi","index, follow","1"
"/schiphol-airport-to-schiedam-taxi","Schiphol Airport to Schiedam Taxi | Pickupr","Book Schiphol Airport to Schiedam Taxi with private transfer, direct confirmation, and clear fixed-fare details from Pickupr.","https://pickupr.com/schiphol-to-schiedam","noindex, follow","1"
"/schiphol-airport-to-schoten-taxi","Schiphol Airport to Schoten Taxi | Pickupr","Book Schiphol Airport to Schoten Taxi with private transfer, direct confirmation, and clear fixed-fare details from Pickupr.","https://pickupr.com/schiphol-airport-to-schoten-taxi","index, follow","1"
"/schiphol-airport-to-seraing-taxi","Schiphol Airport to Seraing Taxi | Pickupr","Book Schiphol Airport to Seraing Taxi with private transfer, direct confirmation, and clear fixed-fare details from Pickupr.","https://pickupr.com/schiphol-airport-to-seraing-taxi","index, follow","1"
"/schiphol-airport-to-sete-taxi","Schiphol Airport to Sete Taxi | Pickupr","Book Schiphol Airport to Sete Taxi with private transfer, direct confirmation, and clear fixed-fare details from Pickupr.","https://pickupr.com/schiphol-airport-to-sete-taxi","index, follow","1"
"/schiphol-airport-to-siegen-taxi","Schiphol Airport to Siegen Taxi | Pickupr","Book Schiphol Airport to Siegen Taxi with private transfer, direct confirmation, and clear fixed-fare details from Pickupr.","https://pickupr.com/schiphol-airport-to-siegen-taxi","index, follow","1"
"/schiphol-airport-to-sint-niklaas-taxi","Schiphol Airport to Sint-Niklaas Taxi | Pickupr","Book Schiphol Airport to Sint-Niklaas Taxi with private transfer, direct confirmation, and clear fixed-fare details from Pickupr.","https://pickupr.com/schiphol-airport-to-sint-niklaas-taxi","index, follow","1"
"/schiphol-airport-to-sittard-taxi","Schiphol Airport to Sittard Taxi | Pickupr","Book Schiphol Airport to Sittard Taxi with private transfer, direct confirmation, and clear fixed-fare details from Pickupr.","https://pickupr.com/schiphol-to-sittard","noindex, follow","1"
"/schiphol-airport-to-sneek-taxi","Schiphol Airport to Sneek Taxi | Pickupr","Book Schiphol Airport to Sneek Taxi with private transfer, direct confirmation, and clear fixed-fare details from Pickupr.","https://pickupr.com/schiphol-to-sneek","noindex, follow","1"
"/schiphol-airport-to-soignies-taxi","Schiphol Airport to Soignies Taxi | Pickupr","Book Schiphol Airport to Soignies Taxi with private transfer, direct confirmation, and clear fixed-fare details from Pickupr.","https://pickupr.com/schiphol-airport-to-soignies-taxi","index, follow","1"
"/schiphol-airport-to-solingen-taxi","Schiphol Airport to Solingen Taxi | Pickupr","Book Schiphol Airport to Solingen Taxi with private transfer, direct confirmation, and clear fixed-fare details from Pickupr.","https://pickupr.com/schiphol-airport-to-solingen-taxi","index, follow","1"
"/schiphol-airport-to-spa-taxi","Schiphol Airport to Spa Taxi | Pickupr","Book Schiphol Airport to Spa Taxi with private transfer, direct confirmation, and clear fixed-fare details from Pickupr.","https://pickupr.com/schiphol-airport-to-spa-taxi","index, follow","1"
"/schiphol-airport-to-spijkenisse-taxi","Schiphol Airport to Spijkenisse Taxi | Pickupr","Book Schiphol Airport to Spijkenisse Taxi with private transfer, direct confirmation, and clear fixed-fare details from Pickupr.","https://pickupr.com/schiphol-to-spijkenisse","noindex, follow","1"
"/schiphol-airport-to-strasbourg-taxi","Schiphol Airport to Strasbourg Taxi | Pickupr","Book Schiphol Airport to Strasbourg Taxi with private transfer, direct confirmation, and clear fixed-fare details from Pickupr.","https://pickupr.com/schiphol-airport-to-strasbourg-taxi","index, follow","1"
"/schiphol-airport-to-stuttgart-taxi","Schiphol Airport to Stuttgart Taxi | Pickupr","Book Schiphol Airport to Stuttgart Taxi with private transfer, direct confirmation, and clear fixed-fare details from Pickupr.","https://pickupr.com/schiphol-airport-to-stuttgart-taxi","index, follow","1"
"/schiphol-airport-to-tarbes-taxi","Schiphol Airport to Tarbes Taxi | Pickupr","Book Schiphol Airport to Tarbes Taxi with private transfer, direct confirmation, and clear fixed-fare details from Pickupr.","https://pickupr.com/schiphol-airport-to-tarbes-taxi","index, follow","1"
"/schiphol-airport-to-temse-taxi","Schiphol Airport to Temse Taxi | Pickupr","Book Schiphol Airport to Temse Taxi with private transfer, direct confirmation, and clear fixed-fare details from Pickupr.","https://pickupr.com/schiphol-airport-to-temse-taxi","index, follow","1"
"/schiphol-airport-to-the-hague-taxi","Schiphol Airport to The Hague Taxi | Pickupr","Book Schiphol Airport to The Hague Taxi with private transfer, direct confirmation, and clear fixed-fare details from Pickupr.","https://pickupr.com/schiphol-to-the-hague","noindex, follow","1"
"/schiphol-airport-to-tiel-taxi","Schiphol Airport to Tiel Taxi | Pickupr","Book Schiphol Airport to Tiel Taxi with private transfer, direct confirmation, and clear fixed-fare details from Pickupr.","https://pickupr.com/schiphol-to-tiel","noindex, follow","1"
"/schiphol-airport-to-tielt-taxi","Schiphol Airport to Tielt Taxi | Pickupr","Book Schiphol Airport to Tielt Taxi with private transfer, direct confirmation, and clear fixed-fare details from Pickupr.","https://pickupr.com/schiphol-airport-to-tielt-taxi","index, follow","1"
"/schiphol-airport-to-tilburg-taxi","Schiphol Airport to Tilburg Taxi | Pickupr","Book Schiphol Airport to Tilburg Taxi with private transfer, direct confirmation, and clear fixed-fare details from Pickupr.","https://pickupr.com/schiphol-to-tilburg","noindex, follow","1"
"/schiphol-airport-to-tongeren-taxi","Schiphol Airport to Tongeren Taxi | Pickupr","Book Schiphol Airport to Tongeren Taxi with private transfer, direct confirmation, and clear fixed-fare details from Pickupr.","https://pickupr.com/schiphol-airport-to-tongeren-taxi","index, follow","1"
"/schiphol-airport-to-toulon-taxi","Schiphol Airport to Toulon Taxi | Pickupr","Book Schiphol Airport to Toulon Taxi with private transfer, direct confirmation, and clear fixed-fare details from Pickupr.","https://pickupr.com/schiphol-airport-to-toulon-taxi","index, follow","1"
"/schiphol-airport-to-toulouse-taxi","Schiphol Airport to Toulouse Taxi | Pickupr","Book Schiphol Airport to Toulouse Taxi with private transfer, direct confirmation, and clear fixed-fare details from Pickupr.","https://pickupr.com/schiphol-airport-to-toulouse-taxi","index, follow","1"
"/schiphol-airport-to-tourcoing-taxi","Schiphol Airport to Tourcoing Taxi | Pickupr","Book Schiphol Airport to Tourcoing Taxi with private transfer, direct confirmation, and clear fixed-fare details from Pickupr.","https://pickupr.com/schiphol-airport-to-tourcoing-taxi","index, follow","1"
"/schiphol-airport-to-tournai-taxi","Schiphol Airport to Tournai Taxi | Pickupr","Book Schiphol Airport to Tournai Taxi with private transfer, direct confirmation, and clear fixed-fare details from Pickupr.","https://pickupr.com/schiphol-airport-to-tournai-taxi","index, follow","1"
"/schiphol-airport-to-tours-taxi","Schiphol Airport to Tours Taxi | Pickupr","Book Schiphol Airport to Tours Taxi with private transfer, direct confirmation, and clear fixed-fare details from Pickupr.","https://pickupr.com/schiphol-airport-to-tours-taxi","index, follow","1"
"/schiphol-airport-to-trier-taxi","Schiphol Airport to Trier Taxi | Pickupr","Book Schiphol Airport to Trier Taxi with private transfer, direct confirmation, and clear fixed-fare details from Pickupr.","https://pickupr.com/schiphol-airport-to-trier-taxi","index, follow","1"
"/schiphol-airport-to-troyes-taxi","Schiphol Airport to Troyes Taxi | Pickupr","Book Schiphol Airport to Troyes Taxi with private transfer, direct confirmation, and clear fixed-fare details from Pickupr.","https://pickupr.com/schiphol-airport-to-troyes-taxi","index, follow","1"
"/schiphol-airport-to-tubize-taxi","Schiphol Airport to Tubize Taxi | Pickupr","Book Schiphol Airport to Tubize Taxi with private transfer, direct confirmation, and clear fixed-fare details from Pickupr.","https://pickupr.com/schiphol-airport-to-tubize-taxi","index, follow","1"
"/schiphol-airport-to-turnhout-taxi","Schiphol Airport to Turnhout Taxi | Pickupr","Book Schiphol Airport to Turnhout Taxi with private transfer, direct confirmation, and clear fixed-fare details from Pickupr.","https://pickupr.com/schiphol-airport-to-turnhout-taxi","index, follow","1"
"/schiphol-airport-to-uccle-taxi","Schiphol Airport to Uccle Taxi | Pickupr","Book Schiphol Airport to Uccle Taxi with private transfer, direct confirmation, and clear fixed-fare details from Pickupr.","https://pickupr.com/schiphol-airport-to-uccle-taxi","index, follow","1"
"/schiphol-airport-to-uithoorn-taxi","Schiphol Airport to Uithoorn Taxi | Pickupr","Book Schiphol Airport to Uithoorn Taxi with private transfer, direct confirmation, and clear fixed-fare details from Pickupr.","https://pickupr.com/schiphol-to-uithoorn","noindex, follow","1"
"/schiphol-airport-to-ulm-taxi","Schiphol Airport to Ulm Taxi | Pickupr","Book Schiphol Airport to Ulm Taxi with private transfer, direct confirmation, and clear fixed-fare details from Pickupr.","https://pickupr.com/schiphol-airport-to-ulm-taxi","index, follow","1"
"/schiphol-airport-to-utrecht-taxi","Schiphol Airport to Utrecht Taxi | Pickupr","Book Schiphol Airport to Utrecht Taxi with private transfer, direct confirmation, and clear fixed-fare details from Pickupr.","https://pickupr.com/schiphol-to-utrecht","noindex, follow","1"
"/schiphol-airport-to-valence-taxi","Schiphol Airport to Valence Taxi | Pickupr","Book Schiphol Airport to Valence Taxi with private transfer, direct confirmation, and clear fixed-fare details from Pickupr.","https://pickupr.com/schiphol-airport-to-valence-taxi","index, follow","1"
"/schiphol-airport-to-vannes-taxi","Schiphol Airport to Vannes Taxi | Pickupr","Book Schiphol Airport to Vannes Taxi with private transfer, direct confirmation, and clear fixed-fare details from Pickupr.","https://pickupr.com/schiphol-airport-to-vannes-taxi","index, follow","1"
"/schiphol-airport-to-veenendaal-taxi","Schiphol Airport to Veenendaal Taxi | Pickupr","Book Schiphol Airport to Veenendaal Taxi with private transfer, direct confirmation, and clear fixed-fare details from Pickupr.","https://pickupr.com/schiphol-to-veenendaal","noindex, follow","1"
"/schiphol-airport-to-venlo-taxi","Schiphol Airport to Venlo Taxi | Pickupr","Book Schiphol Airport to Venlo Taxi with private transfer, direct confirmation, and clear fixed-fare details from Pickupr.","https://pickupr.com/schiphol-to-venlo","noindex, follow","1"
"/schiphol-airport-to-verviers-taxi","Schiphol Airport to Verviers Taxi | Pickupr","Book Schiphol Airport to Verviers Taxi with private transfer, direct confirmation, and clear fixed-fare details from Pickupr.","https://pickupr.com/schiphol-airport-to-verviers-taxi","index, follow","1"
"/schiphol-airport-to-vichy-taxi","Schiphol Airport to Vichy Taxi | Pickupr","Book Schiphol Airport to Vichy Taxi with private transfer, direct confirmation, and clear fixed-fare details from Pickupr.","https://pickupr.com/schiphol-airport-to-vichy-taxi","index, follow","1"
"/schiphol-airport-to-villeurbanne-taxi","Schiphol Airport to Villeurbanne Taxi | Pickupr","Book Schiphol Airport to Villeurbanne Taxi with private transfer, direct confirmation, and clear fixed-fare details from Pickupr.","https://pickupr.com/schiphol-airport-to-villeurbanne-taxi","index, follow","1"
"/schiphol-airport-to-vilvoorde-taxi","Schiphol Airport to Vilvoorde Taxi | Pickupr","Book Schiphol Airport to Vilvoorde Taxi with private transfer, direct confirmation, and clear fixed-fare details from Pickupr.","https://pickupr.com/schiphol-airport-to-vilvoorde-taxi","index, follow","1"
"/schiphol-airport-to-vlaardingen-taxi","Schiphol Airport to Vlaardingen Taxi | Pickupr","Book Schiphol Airport to Vlaardingen Taxi with private transfer, direct confirmation, and clear fixed-fare details from Pickupr.","https://pickupr.com/schiphol-to-vlaardingen","noindex, follow","1"
"/schiphol-airport-to-vlissingen-taxi","Schiphol Airport to Vlissingen Taxi | Pickupr","Book Schiphol Airport to Vlissingen Taxi with private transfer, direct confirmation, and clear fixed-fare details from Pickupr.","https://pickupr.com/schiphol-to-vlissingen","noindex, follow","1"
"/schiphol-airport-to-voorburg-taxi","Schiphol Airport to Voorburg Taxi | Pickupr","Book Schiphol Airport to Voorburg Taxi with private transfer, direct confirmation, and clear fixed-fare details from Pickupr.","https://pickupr.com/schiphol-to-voorburg","noindex, follow","1"
"/schiphol-airport-to-vught-taxi","Schiphol Airport to Vught Taxi | Pickupr","Book Schiphol Airport to Vught Taxi with private transfer, direct confirmation, and clear fixed-fare details from Pickupr.","https://pickupr.com/schiphol-to-vught","noindex, follow","1"
"/schiphol-airport-to-waalwijk-taxi","Schiphol Airport to Waalwijk Taxi | Pickupr","Book Schiphol Airport to Waalwijk Taxi with private transfer, direct confirmation, and clear fixed-fare details from Pickupr.","https://pickupr.com/schiphol-to-waalwijk","noindex, follow","1"
"/schiphol-airport-to-wageningen-taxi","Schiphol Airport to Wageningen Taxi | Pickupr","Book Schiphol Airport to Wageningen Taxi with private transfer, direct confirmation, and clear fixed-fare details from Pickupr.","https://pickupr.com/schiphol-to-wageningen","noindex, follow","1"
"/schiphol-airport-to-waregem-taxi","Schiphol Airport to Waregem Taxi | Pickupr","Book Schiphol Airport to Waregem Taxi with private transfer, direct confirmation, and clear fixed-fare details from Pickupr.","https://pickupr.com/schiphol-airport-to-waregem-taxi","index, follow","1"
"/schiphol-airport-to-wassenaar-taxi","Schiphol Airport to Wassenaar Taxi | Pickupr","Book Schiphol Airport to Wassenaar Taxi with private transfer, direct confirmation, and clear fixed-fare details from Pickupr.","https://pickupr.com/schiphol-to-wassenaar","noindex, follow","1"
"/schiphol-airport-to-waterloo-taxi","Schiphol Airport to Waterloo Taxi | Pickupr","Book Schiphol Airport to Waterloo Taxi with private transfer, direct confirmation, and clear fixed-fare details from Pickupr.","https://pickupr.com/schiphol-airport-to-waterloo-taxi","index, follow","1"
"/schiphol-airport-to-wavre-taxi","Schiphol Airport to Wavre Taxi | Pickupr","Book Schiphol Airport to Wavre Taxi with private transfer, direct confirmation, and clear fixed-fare details from Pickupr.","https://pickupr.com/schiphol-airport-to-wavre-taxi","index, follow","1"
"/schiphol-airport-to-weert-taxi","Schiphol Airport to Weert Taxi | Pickupr","Book Schiphol Airport to Weert Taxi with private transfer, direct confirmation, and clear fixed-fare details from Pickupr.","https://pickupr.com/schiphol-to-weert","noindex, follow","1"
"/schiphol-airport-to-wiesbaden-taxi","Schiphol Airport to Wiesbaden Taxi | Pickupr","Book Schiphol Airport to Wiesbaden Taxi with private transfer, direct confirmation, and clear fixed-fare details from Pickupr.","https://pickupr.com/schiphol-airport-to-wiesbaden-taxi","index, follow","1"
"/schiphol-airport-to-winterswijk-taxi","Schiphol Airport to Winterswijk Taxi | Pickupr","Book Schiphol Airport to Winterswijk Taxi with private transfer, direct confirmation, and clear fixed-fare details from Pickupr.","https://pickupr.com/schiphol-to-winterswijk","noindex, follow","1"
"/schiphol-airport-to-wolfsburg-taxi","Schiphol Airport to Wolfsburg Taxi | Pickupr","Book Schiphol Airport to Wolfsburg Taxi with private transfer, direct confirmation, and clear fixed-fare details from Pickupr.","https://pickupr.com/schiphol-airport-to-wolfsburg-taxi","index, follow","1"
"/schiphol-airport-to-wuppertal-taxi","Schiphol Airport to Wuppertal Taxi | Pickupr","Book Schiphol Airport to Wuppertal Taxi with private transfer, direct confirmation, and clear fixed-fare details from Pickupr.","https://pickupr.com/schiphol-airport-to-wuppertal-taxi","index, follow","1"
"/schiphol-airport-to-wurzburg-taxi","Schiphol Airport to Wurzburg Taxi | Pickupr","Book Schiphol Airport to Wurzburg Taxi with private transfer, direct confirmation, and clear fixed-fare details from Pickupr.","https://pickupr.com/schiphol-airport-to-wurzburg-taxi","index, follow","1"
"/schiphol-airport-to-ypres-taxi","Schiphol Airport to Ypres Taxi | Pickupr","Book Schiphol Airport to Ypres Taxi with private transfer, direct confirmation, and clear fixed-fare details from Pickupr.","https://pickupr.com/schiphol-airport-to-ypres-taxi","index, follow","1"
"/schiphol-airport-to-zaandam-taxi","Schiphol Airport to Zaandam Taxi | Pickupr","Book Schiphol Airport to Zaandam Taxi with private transfer, direct confirmation, and clear fixed-fare details from Pickupr.","https://pickupr.com/schiphol-to-zaandam","noindex, follow","1"
"/schiphol-airport-to-zaanstad-taxi","Schiphol Airport to Zaanstad Taxi | Pickupr","Book Schiphol Airport to Zaanstad Taxi with private transfer, direct confirmation, and clear fixed-fare details from Pickupr.","https://pickupr.com/schiphol-to-zaanstad","noindex, follow","1"
"/schiphol-airport-to-zaventem-taxi","Schiphol Airport to Zaventem Taxi | Pickupr","Book Schiphol Airport to Zaventem Taxi with private transfer, direct confirmation, and clear fixed-fare details from Pickupr.","https://pickupr.com/schiphol-airport-to-zaventem-taxi","index, follow","1"
"/schiphol-airport-to-zeewolde-taxi","Schiphol Airport to Zeewolde Taxi | Pickupr","Book Schiphol Airport to Zeewolde Taxi with private transfer, direct confirmation, and clear fixed-fare details from Pickupr.","https://pickupr.com/schiphol-to-zeewolde","noindex, follow","1"
"/schiphol-airport-to-zeist-taxi","Schiphol Airport to Zeist Taxi | Pickupr","Book Schiphol Airport to Zeist Taxi with private transfer, direct confirmation, and clear fixed-fare details from Pickupr.","https://pickupr.com/schiphol-to-zeist","noindex, follow","1"
"/schiphol-airport-to-zoetermeer-taxi","Schiphol Airport to Zoetermeer Taxi | Pickupr","Book Schiphol Airport to Zoetermeer Taxi with private transfer, direct confirmation, and clear fixed-fare details from Pickupr.","https://pickupr.com/schiphol-to-zoetermeer","noindex, follow","1"
"/schiphol-airport-to-zutphen-taxi","Schiphol Airport to Zutphen Taxi | Pickupr","Book Schiphol Airport to Zutphen Taxi with private transfer, direct confirmation, and clear fixed-fare details from Pickupr.","https://pickupr.com/schiphol-to-zutphen","noindex, follow","1"
"/schiphol-airport-to-zwolle-taxi","Schiphol Airport to Zwolle Taxi | Pickupr","Book Schiphol Airport to Zwolle Taxi with private transfer, direct confirmation, and clear fixed-fare details from Pickupr.","https://pickupr.com/schiphol-to-zwolle","noindex, follow","1"
"/schiphol-airport-transfer","Schiphol Airport Private Transfer Service | Pickupr","Plan your Schiphol airport private transfer with clear fixed fares, direct booking confirmation, and professional pickup coordination for arrivals, departures, and business itineraries.","https://pickupr.com/schiphol-airport-transfer","index, follow","1"
"/schiphol-to-alkmaar","Schiphol Airport to Alkmaar Private Transfer | Pickupr","Reserve Schiphol Airport to Alkmaar Private Transfer with private chauffeur comfort, transparent pricing, and direct booking from Schiphol Airport.","https://pickupr.com/schiphol-to-alkmaar","index, follow","1"
"/schiphol-to-amersfoort","Schiphol Airport to Amersfoort Private Transfer | Pickupr","Reserve Schiphol Airport to Amersfoort Private Transfer with private chauffeur comfort, transparent pricing, and direct booking from Schiphol Airport.","https://pickupr.com/schiphol-to-amersfoort","index, follow","1"
"/schiphol-to-amsterdam","Schiphol Airport to Amsterdam Private Transfer | Pickupr","Reserve Schiphol Airport to Amsterdam Private Transfer with private chauffeur comfort, transparent pricing, and direct booking from Schiphol Airport.","https://pickupr.com/schiphol-to-amsterdam","index, follow","1"
"/schiphol-to-breda","Schiphol Airport to Breda Private Transfer | Pickupr","Reserve Schiphol Airport to Breda Private Transfer with private chauffeur comfort, transparent pricing, and direct booking from Schiphol Airport.","https://pickupr.com/schiphol-to-breda","index, follow","1"
"/schiphol-to-delft","Schiphol Airport to Delft Private Transfer | Pickupr","Reserve Schiphol Airport to Delft Private Transfer with private chauffeur comfort, transparent pricing, and direct booking from Schiphol Airport.","https://pickupr.com/schiphol-to-delft","index, follow","1"
"/schiphol-to-den-helder","Schiphol Airport to Den Helder Private Transfer | Pickupr","Reserve Schiphol Airport to Den Helder Private Transfer with private chauffeur comfort, transparent pricing, and direct booking from Schiphol Airport.","https://pickupr.com/schiphol-to-den-helder","index, follow","1"
"/schiphol-to-eindhoven","Schiphol Airport to Eindhoven Private Transfer | Pickupr","Reserve Schiphol Airport to Eindhoven Private Transfer with private chauffeur comfort, transparent pricing, and direct booking from Schiphol Airport.","https://pickupr.com/schiphol-to-eindhoven","index, follow","1"
"/schiphol-to-groningen","Schiphol Airport to Groningen Private Transfer | Pickupr","Reserve Schiphol Airport to Groningen Private Transfer with private chauffeur comfort, transparent pricing, and direct booking from Schiphol Airport.","https://pickupr.com/schiphol-to-groningen","index, follow","1"
"/schiphol-to-haarlem","Schiphol Airport to Haarlem Private Transfer | Pickupr","Reserve Schiphol Airport to Haarlem Private Transfer with private chauffeur comfort, transparent pricing, and direct booking from Schiphol Airport.","https://pickupr.com/schiphol-to-haarlem","index, follow","1"
"/schiphol-to-leiden","Schiphol Airport to Leiden Private Transfer | Pickupr","Reserve Schiphol Airport to Leiden Private Transfer with private chauffeur comfort, transparent pricing, and direct booking from Schiphol Airport.","https://pickupr.com/schiphol-to-leiden","index, follow","1"
"/schiphol-to-maastricht","Schiphol Airport to Maastricht Private Transfer | Pickupr","Reserve Schiphol Airport to Maastricht Private Transfer with private chauffeur comfort, transparent pricing, and direct booking from Schiphol Airport.","https://pickupr.com/schiphol-to-maastricht","index, follow","1"
"/schiphol-to-nijmegen","Schiphol Airport to Nijmegen Private Transfer | Pickupr","Reserve Schiphol Airport to Nijmegen Private Transfer with private chauffeur comfort, transparent pricing, and direct booking from Schiphol Airport.","https://pickupr.com/schiphol-to-nijmegen","index, follow","1"
"/schiphol-to-rotterdam","Schiphol Airport to Rotterdam Private Transfer | Pickupr","Reserve Schiphol Airport to Rotterdam Private Transfer with private chauffeur comfort, transparent pricing, and direct booking from Schiphol Airport.","https://pickupr.com/schiphol-to-rotterdam","index, follow","1"
"/schiphol-to-the-hague","Schiphol Airport to The Hague Private Transfer | Pickupr","Reserve Schiphol Airport to The Hague Private Transfer with private chauffeur comfort, transparent pricing, and direct booking from Schiphol Airport.","https://pickupr.com/schiphol-to-the-hague","index, follow","1"
"/schiphol-to-utrecht","Schiphol Airport to Utrecht Private Transfer | Pickupr","Reserve Schiphol Airport to Utrecht Private Transfer with private chauffeur comfort, transparent pricing, and direct booking from Schiphol Airport.","https://pickupr.com/schiphol-to-utrecht","index, follow","1"
"/services","Pickupr Services | Private transfers and chauffeur rides","Discover Pickupr transfer services, airport rides, and hourly chauffeur options in the Netherlands.","https://pickupr.com/services","index, follow","1"
"/shuttle-schiphol-airport","Shuttle to Schiphol Airport with Private Transfer | Pickupr","Reserve a shuttle to Schiphol Airport with private transfer comfort, direct confirmation, and fixed-fare transport planning.","https://pickupr.com/shuttle-schiphol-airport","index, follow","1"
"/sitemap","Sitemap and Page Directory | Pickupr","Browse an alphabetical directory of Pickupr pages, including route landings, service pages, and blog content for airport transfer travelers.","https://pickupr.com/sitemap","index,follow","1"
"/taxi-amsterdam-airport","Taxi Amsterdam Airport Private Transfer Service | Pickupr","Reserve a taxi to Amsterdam Airport with private transfer support, clear fixed pricing, and quick online confirmation from Pickupr.","https://pickupr.com/taxi-amsterdam-airport","index, follow","1"
"/taxi-from-eindhoven-airport","Taxi From Eindhoven Airport Fixed Fare Ride | Pickupr","Book a fixed fare taxi from Eindhoven Airport with private chauffeur service, direct confirmation, and dependable pickup support for hotels, offices, and long-distance destinations.","https://pickupr.com/taxi-from-eindhoven-airport","index, follow","1"
"/taxi-from-rotterdam-airport","Taxi From Rotterdam Airport Fixed Fare Ride | Pickupr","Book a fixed fare taxi from Rotterdam Airport with private transfer comfort, direct confirmation, and reliable pickup support for city hotels, offices, and regional destinations.","https://pickupr.com/taxi-from-rotterdam-airport","index, follow","1"
"/taxi-from-schiphol-airport","Taxi From Schiphol Airport Fixed Fare Ride | Pickupr","Book a fixed fare taxi from Schiphol Airport with private transfer comfort, direct confirmation, and reliable pickup support for hotels, business addresses, and city destinations.","https://pickupr.com/taxi-from-schiphol-airport","index, follow","1"
"/taxi-to-belgium","Taxi to Belgium | Private Transfer | Pickupr","Book Taxi to Belgium with private transfer, direct confirmation, and clear fixed-fare details from Pickupr.","https://pickupr.com/taxi-to-belgium","index, follow","1"
"/taxi-to-eindhoven-airport","Taxi to Eindhoven Airport Fixed Fare Transfer | Pickupr","Pre-book a taxi to Eindhoven Airport with a private driver, transparent fixed fare, and on-time departure support so you reach your terminal smoothly from any Dutch city.","https://pickupr.com/taxi-to-eindhoven-airport","index, follow","1"
"/taxi-to-france","Taxi to France | Private Transfer | Pickupr","Book Taxi to France with private transfer, direct confirmation, and clear fixed-fare details from Pickupr.","https://pickupr.com/taxi-to-france","index, follow","1"
"/taxi-to-germany","Taxi to Germany | Private Transfer | Pickupr","Book Taxi to Germany with private transfer, direct confirmation, and clear fixed-fare details from Pickupr.","https://pickupr.com/taxi-to-germany","index, follow","1"
"/taxi-to-rotterdam-airport","Taxi to Rotterdam Airport Fixed Fare Transfer | Pickupr","Book a taxi to Rotterdam Airport with private transport, fixed fare visibility, and dependable timing for early departures, business flights, and stress-free terminal arrivals.","https://pickupr.com/taxi-to-rotterdam-airport","index, follow","1"
"/taxi-to-schiphol-airport","Taxi to Schiphol Airport with Fixed Fare Booking | Pickupr","Book a taxi to Schiphol Airport with private pickup service, fixed-fare pricing, and direct online confirmation for departures.","https://pickupr.com/taxi-to-schiphol-airport","index, follow","1"
"/terms-of-service","Terms of Service and Booking Conditions | Pickupr","Review Pickupr service terms, booking rules, cancellations, waiting time policy, and passenger responsibilities.","https://pickupr.com/terms-of-service","index, follow","2"
"/vip-airport-transfer","VIP Airport Transfer with Meet and Greet | Pickupr","Reserve VIP airport transfer with meet-and-greet pickup, private chauffeur comfort, and fixed-fare booking for stress-free arrivals.","https://pickupr.com/vip-airport-transfer","index, follow","1"
"/vip-taxi-cab","VIP Taxi Cab Service for Premium Airport Transfers | Pickupr","Book VIP taxi cab service with private chauffeur support, direct online confirmation, and fixed fare pricing for premium airport and city transport.","https://pickupr.com/vip-taxi-cab","index, follow","1"
"/vip-taxi-service","VIP Taxi Service | Private Transfer | Pickupr","Book VIP Taxi Service with private transfer, direct confirmation, and clear fixed-fare details from Pickupr.","https://pickupr.com/vip-taxi-service","index, follow","1"
"/vip-transportation","VIP Transportation With Private Chauffeur Comfort | Pickupr","Reserve VIP transportation with private chauffeur comfort, fixed fare clarity, and priority pickup reliability for business, events, and airport journeys.","https://pickupr.com/vip-transportation","index, follow","1"